,,,,,,,,
Israel,Year,Node,Coherence,Capacity,Stress,Abstraction,Node Value,Bond Strength
Israel,1946,Army,4,4,8,4,5,2.143
Israel,1946,Executive,6,5,8,6,9,2.571
Israel,1946,Merchants / Shopkeepers,4,4,7,4,6,2.057
Israel,1946,Priesthood / Knowledge Workers,7,6,5,7,14.5,3.086
Israel,1946,Proletariat,4,4,8,3,5.5,2
Israel,1946,Property Owners,5,6,6,5,9.5,2.514
Israel,1946,State Memory,6,5,5,7,12.5,2.857
Israel,1946,Trades / Professions,5,5,7,4,7.5,2.286
Israel,1947,Army,5,5,8,5,7.5,2.343
Israel,1947,Executive,7,6,7,7,13,2.914
Israel,1947,Merchants / Shopkeepers,5,5,7,5,8,2.314
Israel,1947,Priesthood / Knowledge Workers,7,6,5,7,14,3.029
Israel,1947,Proletariat,5,5,7,4,7.5,2.286
Israel,1947,Property Owners,6,7,6,6,12,2.829
Israel,1947,State Memory,7,6,6,7,14.5,3.143
Israel,1947,Trades / Professions,6,6,7,5,10,2.6
Israel,1948,Army,6,6,7,6,11,2.771
Israel,1948,Executive,8,7,6,8,17,3.257
Israel,1948,Merchants / Shopkeepers,6,6,6,6,11,2.771
Israel,1948,Priesthood / Knowledge Workers,7,6,4,7,14,3.029
Israel,1948,Proletariat,6,6,6,5,11,2.771
Israel,1948,Property Owners,7,8,5,7,16.5,3.257
Israel,1948,State Memory,8,7,5,8,18,3.514
Israel,1948,Trades / Professions,7,7,6,6,13,3.029
Israel,1949,Army,7,7,6,7,14.5,3.143
Israel,1949,Executive,8,8,5,8,19,3.486
Israel,1949,Merchants / Shopkeepers,7,7,5,7,15.5,3.143
Israel,1949,Priesthood / Knowledge Workers,7,7,4,7,15,3.143
Israel,1949,Proletariat,7,7,5,6,15,3.143
Israel,1949,Property Owners,8,8,4,7,18,3.486
Israel,1949,State Memory,8,8,4,8,19,3.657
Israel,1949,Trades / Professions,7,7,5,7,15.5,3.143
Israel,1950,Army,7,7,5,7,15.5,3.2
Israel,1950,Executive,8,8,4,8,19,3.486
Israel,1950,Merchants / Shopkeepers,7,7,5,7,15.5,3.143
Israel,1950,Priesthood / Knowledge Workers,7,7,4,7,15,3.143
Israel,1950,Proletariat,7,7,5,6,15,3.143
Israel,1950,Property Owners,8,8,4,7,18,3.486
Israel,1950,State Memory,8,8,4,8,19,3.657
Israel,1950,Trades / Professions,7,7,5,7,15.5,3.143
Israel,1951,Army,7,7,5,7,16.5,3.2
Israel,1951,Executive,8,8,4,8,19,3.486
Israel,1951,Merchants / Shopkeepers,7,7,5,7,15.5,3.143
Israel,1951,Priesthood / Knowledge Workers,7,7,4,7,15,3.143
Israel,1951,Proletariat,7,7,5,6,15,3.143
Israel,1951,Property Owners,8,8,4,7,18,3.486
Israel,1951,State Memory,8,8,4,8,19,3.657
Israel,1951,Trades / Professions,7,7,5,7,15.5,3.143
Israel,1952,Army,7,7,5,7,16.5,3.2
Israel,1952,Executive,8,8,4,8,19,3.486
Israel,1952,Merchants / Shopkeepers,7,7,5,7,15.5,3.143
Israel,1952,Priesthood / Knowledge Workers,7,7,4,7,15,3.143
Israel,1952,Proletariat,7,7,5,6,15,3.143
Israel,1952,Property Owners,8,8,4,7,18,3.486
Israel,1952,State Memory,8,8,4,8,19,3.657
Israel,1952,Trades / Professions,7,7,5,7,15.5,3.143
Israel,1953,Army,7,7,5,7,16.5,3.2
Israel,1953,Executive,8,8,4,8,19,3.486
Israel,1953,Merchants / Shopkeepers,7,7,5,7,15.5,3.143
Israel,1953,Priesthood / Knowledge Workers,7,7,4,7,15,3.143
Israel,1953,Proletariat,7,7,5,6,15,3.143
Israel,1953,Property Owners,8,8,4,7,18,3.486
Israel,1953,State Memory,8,8,4,8,19,3.657
Israel,1953,Trades / Professions,7,7,5,7,15.5,3.143
Israel,1954,Army,7,7,5,7,16.5,3.2
Israel,1954,Executive,8,8,4,8,19,3.486
Israel,1954,Merchants / Shopkeepers,7,7,5,7,15.5,3.143
Israel,1954,Priesthood / Knowledge Workers,7,7,4,7,15,3.143
Israel,1954,Proletariat,7,7,5,6,15,3.143
Israel,1954,Property Owners,8,8,4,7,18,3.486
Israel,1954,State Memory,8,8,4,8,19,3.657
Israel,1954,Trades / Professions,7,7,5,7,15.5,3.143
Israel,1955,Army,7,7,5,7,16.5,3.2
Israel,1955,Executive,8,8,4,8,19,3.486
Israel,1955,Merchants / Shopkeepers,7,7,5,7,15.5,3.143
Israel,1955,Priesthood / Knowledge Workers,7,7,4,7,15,3.143
Israel,1955,Proletariat,7,7,5,6,15,3.143
Israel,1955,Property Owners,8,8,4,7,18,3.486
Israel,1955,State Memory,8,8,4,8,19,3.657
Israel,1955,Trades / Professions,7,7,5,7,15.5,3.143
Israel,1956,Army,7,7,5,7,16.5,3.2
Israel,1956,Executive,8,8,4,8,19,3.486
Israel,1956,Merchants / Shopkeepers,7,7,5,7,15.5,3.143
Israel,1956,Priesthood / Knowledge Workers,7,7,4,7,15,3.143
Israel,1956,Proletariat,7,7,5,6,15,3.143
Israel,1956,Property Owners,8,8,4,7,18,3.486
Israel,1956,State Memory,8,8,4,8,19,3.657
Israel,1956,Trades / Professions,7,7,5,7,15.5,3.143
Israel,1957,Army,7,7,5,7,16.5,3.2
Israel,1957,Executive,8,8,4,8,19,3.486
Israel,1957,Merchants / Shopkeepers,7,7,5,7,15.5,3.143
Israel,1957,Priesthood / Knowledge Workers,7,7,4,7,15,3.143
Israel,1957,Proletariat,7,7,5,6,15,3.143
Israel,1957,Property Owners,8,8,4,7,18,3.486
Israel,1957,State Memory,8,8,4,8,19,3.657
Israel,1957,Trades / Professions,7,7,5,7,15.5,3.143
Israel,1958,Army,7,7,5,7,16.5,3.2
Israel,1958,Executive,8,8,4,8,19,3.486
Israel,1958,Merchants / Shopkeepers,7,7,5,7,15.5,3.143
Israel,1958,Priesthood / Knowledge Workers,7,7,4,7,15,3.143
Israel,1958,Proletariat,7,7,5,6,15,3.143
Israel,1958,Property Owners,8,8,4,7,18,3.486
Israel,1958,State Memory,8,8,4,8,19,3.657
Israel,1958,Trades / Professions,7,7,5,7,15.5,3.143
Israel,1959,Army,7,7,5,7,16.5,3.2
Israel,1959,Executive,8,8,4,8,19,3.486
Israel,1959,Merchants / Shopkeepers,7,7,5,7,15.5,3.143
Israel,1959,Priesthood / Knowledge Workers,7,7,4,7,15,3.143
Israel,1959,Proletariat,7,7,5,6,15,3.143
Israel,1959,Property Owners,8,8,4,7,18,3.486
Israel,1959,State Memory,8,8,4,8,19,3.657
Israel,1959,Trades / Professions,7,7,5,7,15.5,3.143
Israel,1960,Army,7,7,5,7,16.5,3.2
Israel,1960,Executive,8,8,4,8,19,3.486
Israel,1960,Merchants / Shopkeepers,7,7,5,7,15.5,3.143
Israel,1960,Priesthood / Knowledge Workers,7,7,4,7,15,3.143
Israel,1960,Proletariat,7,7,5,6,15,3.143
Israel,1960,Property Owners,8,8,4,7,18,3.486
Israel,1960,State Memory,8,8,4,8,19,3.657
Israel,1960,Trades / Professions,7,7,5,7,15.5,3.143
Israel,1961,Army,7,7,5,7,16.5,3.2
Israel,1961,Executive,8,8,4,8,19,3.486
Israel,1961,Merchants / Shopkeepers,7,7,5,7,15.5,3.143
Israel,1961,Priesthood / Knowledge Workers,7,7,4,7,15,3.143
Israel,1961,Proletariat,7,7,5,6,15,3.143
Israel,1961,Property Owners,8,8,4,7,18,3.486
Israel,1961,State Memory,8,8,4,8,19,3.657
Israel,1961,Trades / Professions,7,7,5,7,15.5,3.143
Society,Year,Node,Coherence,Capacity,Stress,Abstraction,Node Value,Bond Strength
Israel,1961,Army,7,7,5,7,16.5,3.2
Israel,1961,Executive,8,8,4,8,19,3.486
Israel,1961,Merchants / Shopkeepers,7,7,5,7,15.5,3.143
Israel,1961,Priesthood / Knowledge Workers,7,7,4,7,15,3.143
Israel,1961,Proletariat,7,7,5,6,15,3.143
Israel,1961,Property Owners,8,8,4,7,18,3.486
Israel,1961,State Memory,8,8,4,8,19,3.657
Israel,1961,Trades / Professions,7,7,5,7,15.5,3.143
Israel,1962,Army,7,7,5,7,16.5,3.2
Israel,1962,Executive,8,8,4,8,19,3.486
Israel,1962,Merchants / Shopkeepers,7,7,5,7,15.5,3.143
Israel,1962,Priesthood / Knowledge Workers,7,7,4,7,15,3.143
Israel,1962,Proletariat,7,7,5,6,15,3.143
Israel,1962,Property Owners,8,8,4,7,18,3.486
Israel,1962,State Memory,8,8,4,8,19,3.657
Israel,1962,Trades / Professions,7,7,5,7,15.5,3.143
Israel,1963,Army,7,7,5,7,16.5,3.2
Israel,1963,Executive,8,8,4,8,19,3.486
Israel,1963,Merchants / Shopkeepers,7,7,5,7,15.5,3.143
Israel,1963,Priesthood / Knowledge Workers,7,7,4,7,15,3.143
Israel,1963,Proletariat,7,7,5,6,15,3.143
Israel,1963,Property Owners,8,8,4,7,18,3.486
Israel,1963,State Memory,8,8,4,8,19,3.657
Israel,1963,Trades / Professions,7,7,5,7,15.5,3.143
Israel,1964,Army,7,7,5,7,16.5,3.2
Israel,1964,Executive,8,8,4,8,19,3.486
Israel,1964,Merchants / Shopkeepers,7,7,5,7,15.5,3.143
Israel,1964,Priesthood / Knowledge Workers,7,7,4,7,15,3.143
Israel,1964,Proletariat,7,7,5,6,15,3.143
Israel,1964,Property Owners,8,8,4,7,18,3.486
Israel,1964,State Memory,8,8,4,8,19,3.657
Israel,1964,Trades / Professions,7,7,5,7,15.5,3.143
Israel,1965,Army,8,8,5,7,17.5,3.371
Israel,1965,Executive,8,8,4,8,19,3.486
Israel,1965,Merchants / Shopkeepers,8,8,5,7,17,3.314
Israel,1965,Priesthood / Knowledge Workers,7,7,5,7,16,3.2
Israel,1965,Proletariat,8,8,5,6,17,3.314
Israel,1965,Property Owners,8,8,4,7,18,3.486
Israel,1965,State Memory,8,8,4,8,19,3.657
Israel,1965,Trades / Professions,8,8,5,7,17,3.314
Israel,1966,Army,8,8,5,7,17.5,3.371
Israel,1966,Executive,8,8,4,8,19,3.486
Israel,1966,Merchants / Shopkeepers,8,8,5,7,17,3.314
Israel,1966,Priesthood / Knowledge Workers,7,7,5,7,16,3.2
Israel,1966,Proletariat,8,8,5,6,17,3.314
Israel,1966,Property Owners,8,8,4,7,18,3.486
Israel,1966,State Memory,8,8,4,8,19,3.657
Israel,1966,Trades / Professions,8,8,5,7,17,3.314
Society,Year,Node,Coherence,Capacity,Stress,Abstraction,Node Value,Bond Strength
Israel,1967,Army,8,8,6,7,17,3.314
Israel,1967,Executive,8,8,5,8,19.5,3.543
Israel,1967,Merchants / Shopkeepers,8,8,6,7,18,3.429
Israel,1967,Priesthood / Knowledge Workers,7,7,6,7,16.5,3.257
Israel,1967,Proletariat,8,8,6,6,18,3.429
Israel,1967,Property Owners,8,8,5,7,18.5,3.486
Israel,1967,State Memory,8,8,5,8,19.5,3.714
Israel,1967,Trades / Professions,8,8,6,7,18,3.429
Israel,1968,Army,8,8,6,7,17,3.314
Israel,1968,Executive,8,8,5,8,19.5,3.543
Israel,1968,Merchants / Shopkeepers,8,8,6,7,18,3.429
Israel,1968,Priesthood / Knowledge Workers,7,7,6,7,16.5,3.257
Israel,1968,Proletariat,8,8,6,6,18,3.429
Israel,1968,Property Owners,8,8,5,7,18.5,3.486
Israel,1968,State Memory,8,8,5,8,19.5,3.714
Israel,1968,Trades / Professions,8,8,6,7,18,3.429
Israel,1969,Army,8,8,6,7,17,3.314
Israel,1969,Executive,8,8,5,8,19.5,3.543
Israel,1969,Merchants / Shopkeepers,8,8,6,7,18,3.429
Israel,1969,Priesthood / Knowledge Workers,7,7,6,7,16.5,3.257
Israel,1969,Proletariat,8,8,6,6,18,3.429
Israel,1969,Property Owners,8,8,5,7,18.5,3.486
Israel,1969,State Memory,8,8,5,8,19.5,3.714
Israel,1969,Trades / Professions,8,8,6,7,18,3.429
Israel,1970,Army,8,8,7,7,17.5,3.371
Israel,1970,Executive,8,8,6,8,19,3.486
Israel,1970,Merchants / Shopkeepers,8,8,7,7,18.5,3.486
Israel,1970,Priesthood / Knowledge Workers,7,7,7,7,16.5,3.257
Israel,1970,Proletariat,8,8,7,6,18.5,3.486
Israel,1970,Property Owners,8,8,6,7,19,3.486
Israel,1970,State Memory,8,8,6,8,19,3.657
Israel,1970,Trades / Professions,8,8,7,7,18.5,3.486
Israel,1971,Army,8,8,7,7,17.5,3.371
Israel,1971,Executive,8,8,6,8,19,3.486
Israel,1971,Merchants / Shopkeepers,8,8,7,7,18.5,3.486
Israel,1971,Priesthood / Knowledge Workers,7,7,7,7,16.5,3.257
Israel,1971,Proletariat,8,8,7,6,18.5,3.486
Israel,1971,Property Owners,8,8,6,7,19,3.486
Israel,1971,State Memory,8,8,6,8,19,3.657
Israel,1971,Trades / Professions,8,8,7,7,18.5,3.486
Israel,1972,Army,8,8,7,7,17.5,3.371
Israel,1972,Executive,8,8,6,8,19,3.486
Israel,1972,Merchants / Shopkeepers,8,8,7,7,18.5,3.486
Israel,1972,Priesthood / Knowledge Workers,7,7,7,7,16.5,3.257
Israel,1972,Proletariat,8,8,7,6,18.5,3.486
Israel,1972,Property Owners,8,8,6,7,19,3.486
Israel,1972,State Memory,8,8,6,8,19,3.657
Israel,1972,Trades / Professions,8,8,7,7,18.5,3.486
Israel,1973,Army,7,7,8,6,12,2.686
Israel,1973,Executive,7,7,8,7,12.5,2.743
Israel,1973,Merchants / Shopkeepers,7,7,8,7,12.5,2.743
Israel,1973,Priesthood / Knowledge Workers,7,7,8,7,12.5,2.743
Israel,1973,Proletariat,7,7,8,6,13.5,2.8
Israel,1973,Property Owners,7,7,8,7,12.5,2.743
Israel,1973,State Memory,7,7,8,7,12.5,2.743
Israel,1973,Trades / Professions,7,7,8,7,12.5,2.743
Israel,1974,Army,7,7,8,6,12,2.686
Israel,1974,Executive,7,7,8,7,12.5,2.743
Israel,1974,Merchants / Shopkeepers,7,7,8,7,12.5,2.743
Israel,1974,Priesthood / Knowledge Workers,7,7,8,7,12.5,2.743
Israel,1974,Proletariat,7,7,8,6,13.5,2.8
Israel,1974,Property Owners,7,7,8,7,12.5,2.743
Israel,1974,State Memory,7,7,8,7,12.5,2.743
Israel,1974,Trades / Professions,7,7,8,7,12.5,2.743
Israel,1975,Army,7,7,8,6,12,2.686
Israel,1975,Executive,7,7,8,7,12.5,2.743
Israel,1975,Merchants / Shopkeepers,7,7,8,7,12.5,2.743
Israel,1975,Priesthood / Knowledge Workers,7,7,8,7,12.5,2.743
Israel,1975,Proletariat,7,7,8,6,13.5,2.8
Israel,1975,Property Owners,7,7,8,7,12.5,2.743
Israel,1975,State Memory,7,7,8,7,12.5,2.743
Israel,1975,Trades / Professions,7,7,8,7,12.5,2.743
Society,Year,Node,Coherence,Capacity,Stress,Abstraction,Node Value,Bond Strength
Israel,1975,Army,7,7,8,6,12,2.686
Israel,1975,Executive,7,7,8,7,12.5,2.743
Israel,1975,Merchants / Shopkeepers,7,7,8,7,12.5,2.743
Israel,1975,Priesthood / Knowledge Workers,7,7,8,7,12.5,2.743
Israel,1975,Proletariat,7,7,8,6,13.5,2.8
Israel,1975,Property Owners,7,7,8,7,12.5,2.743
Israel,1975,State Memory,7,7,8,7,12.5,2.743
Israel,1975,Trades / Professions,7,7,8,7,12.5,2.743
Israel,1976,Army,7,7,8,6,12,2.686
Israel,1976,Executive,7,7,8,7,12.5,2.743
Israel,1976,Merchants / Shopkeepers,7,7,8,7,12.5,2.743
Israel,1976,Priesthood / Knowledge Workers,7,7,8,7,12.5,2.743
Israel,1976,Proletariat,7,7,8,6,13.5,2.8
Israel,1976,Property Owners,7,7,8,7,12.5,2.743
Israel,1976,State Memory,7,7,8,7,12.5,2.743
Israel,1976,Trades / Professions,7,7,8,7,12.5,2.743
Israel,1977,Army,7,7,8,6,12,2.686
Israel,1977,Executive,7,7,8,7,12.5,2.743
Israel,1977,Merchants / Shopkeepers,7,7,8,7,12.5,2.743
Israel,1977,Priesthood / Knowledge Workers,7,7,8,7,12.5,2.743
Israel,1977,Proletariat,7,7,8,6,13.5,2.8
Israel,1977,Property Owners,7,7,8,7,12.5,2.743
Israel,1977,State Memory,7,7,8,7,12.5,2.743
Israel,1977,Trades / Professions,7,7,8,7,12.5,2.743
Israel,1978,Army,7,7,8,6,12,2.686
Israel,1978,Executive,7,7,8,7,12.5,2.743
Israel,1978,Merchants / Shopkeepers,7,7,8,7,12.5,2.743
Israel,1978,Priesthood / Knowledge Workers,7,7,8,7,12.5,2.743
Israel,1978,Proletariat,7,7,8,6,13.5,2.8
Israel,1978,Property Owners,7,7,8,7,12.5,2.743
Israel,1978,State Memory,7,7,8,7,12.5,2.743
Israel,1978,Trades / Professions,7,7,8,7,12.5,2.743
Israel,1979,Army,7,7,8,6,12,2.686
Israel,1979,Executive,7,7,8,7,12.5,2.743
Israel,1979,Merchants / Shopkeepers,7,7,8,7,12.5,2.743
Israel,1979,Priesthood / Knowledge Workers,7,7,8,7,12.5,2.743
Israel,1979,Proletariat,7,7,8,6,13.5,2.8
Israel,1979,Property Owners,7,7,8,7,12.5,2.743
Israel,1979,State Memory,7,7,8,7,12.5,2.743
Israel,1979,Trades / Professions,7,7,8,7,12.5,2.743
Israel,1980,Army,7,7,7,6,12.5,2.743
Israel,1980,Executive,7,7,7,7,13,2.8
Israel,1980,Merchants / Shopkeepers,7,7,7,7,13,2.8
Israel,1980,Priesthood / Knowledge Workers,7,7,7,7,13,2.8
Israel,1980,Proletariat,7,7,7,6,13.5,2.857
Israel,1980,Property Owners,7,7,7,7,13,2.8
Israel,1980,State Memory,7,7,7,7,13,2.8
Israel,1980,Trades / Professions,7,7,7,7,13,2.8
Israel,1981,Army,7,7,7,6,12.5,2.743
Israel,1981,Executive,7,7,7,7,13,2.8
Israel,1981,Merchants / Shopkeepers,7,7,7,7,13,2.8
Israel,1981,Priesthood / Knowledge Workers,7,7,7,7,13,2.8
Israel,1981,Proletariat,7,7,7,6,13.5,2.857
Israel,1981,Property Owners,7,7,7,7,13,2.8
Israel,1981,State Memory,7,7,7,7,13,2.8
Israel,1981,Trades / Professions,7,7,7,7,13,2.8
Israel,1982,Army,7,7,7,6,12.5,2.743
Israel,1982,Executive,7,7,7,7,13,2.8
Israel,1982,Merchants / Shopkeepers,7,7,7,7,13,2.8
Israel,1982,Priesthood / Knowledge Workers,7,7,7,7,13,2.8
Israel,1982,Proletariat,7,7,7,6,13.5,2.857
Israel,1982,Property Owners,7,7,7,7,13,2.8
Israel,1982,State Memory,7,7,7,7,13,2.8
Israel,1982,Trades / Professions,7,7,7,7,13,2.8
Israel,1983,Army,7,7,7,6,12.5,2.743
Israel,1983,Executive,7,7,7,7,13,2.8
Israel,1983,Merchants / Shopkeepers,7,7,7,7,13,2.8
Israel,1983,Priesthood / Knowledge Workers,7,7,7,7,13,2.8
Israel,1983,Proletariat,7,7,7,6,13.5,2.857
Israel,1983,Property Owners,7,7,7,7,13,2.8
Israel,1983,State Memory,7,7,7,7,13,2.8
Israel,1983,Trades / Professions,7,7,7,7,13,2.8
Israel,1984,Army,7,7,7,6,12.5,2.743
Israel,1984,Executive,7,7,7,7,13,2.8
Israel,1984,Merchants / Shopkeepers,7,7,7,7,13,2.8
Israel,1984,Priesthood / Knowledge Workers,7,7,7,7,13,2.8
Israel,1984,Proletariat,7,7,7,6,13.5,2.857
Israel,1984,Property Owners,7,7,7,7,13,2.8
Israel,1984,State Memory,7,7,7,7,13,2.8
Israel,1984,Trades / Professions,7,7,7,7,13,2.8
Israel,1985,Army,7,7,7,6,12.5,2.743
Israel,1985,Executive,7,7,7,7,13,2.8
Israel,1985,Merchants / Shopkeepers,7,7,7,7,13,2.8
Israel,1985,Priesthood / Knowledge Workers,7,7,7,7,13,2.8
Israel,1985,Proletariat,7,7,7,6,13.5,2.857
Israel,1985,Property Owners,7,7,7,7,13,2.8
Israel,1985,State Memory,7,7,7,7,13,2.8
Israel,1985,Trades / Professions,7,7,7,7,13,2.8
Israel,1986,Army,7,7,7,6,12.5,2.743
Israel,1986,Executive,7,7,7,7,13,2.8
Israel,1986,Merchants / Shopkeepers,7,7,7,7,13,2.8
Israel,1986,Priesthood / Knowledge Workers,7,7,7,7,13,2.8
Israel,1986,Proletariat,7,7,7,6,13.5,2.857
Israel,1986,Property Owners,7,7,7,7,13,2.8
Israel,1986,State Memory,7,7,7,7,13,2.8
Israel,1986,Trades / Professions,7,7,7,7,13,2.8
Israel,1987,Army,7,7,7,6,12.5,2.743
Israel,1987,Executive,7,7,7,7,13,2.8
Israel,1987,Merchants / Shopkeepers,7,7,7,7,13,2.8
Israel,1987,Priesthood / Knowledge Workers,7,7,7,7,13,2.8
Israel,1987,Proletariat,7,7,7,6,13.5,2.857
Israel,1987,Property Owners,7,7,7,7,13,2.8
Israel,1987,State Memory,7,7,7,7,13,2.8
Israel,1987,Trades / Professions,7,7,7,7,13,2.8
Israel,1988,Army,7,7,7,6,12.5,2.743
Israel,1988,Executive,7,7,7,7,13,2.8
Israel,1988,Merchants / Shopkeepers,7,7,7,7,13,2.8
Israel,1988,Priesthood / Knowledge Workers,7,7,7,7,13,2.8
Israel,1988,Proletariat,7,7,7,6,13.5,2.857
Israel,1988,Property Owners,7,7,7,7,13,2.8
Israel,1988,State Memory,7,7,7,7,13,2.8
Israel,1988,Trades / Professions,7,7,7,7,13,2.8
Israel,1989,Army,7,7,7,6,12.5,2.743
Israel,1989,Executive,7,7,7,7,13,2.8
Israel,1989,Merchants / Shopkeepers,7,7,7,7,13,2.8
Israel,1989,Priesthood / Knowledge Workers,7,7,7,7,13,2.8
Israel,1989,Proletariat,7,7,7,6,13.5,2.857
Israel,1989,Property Owners,7,7,7,7,13,2.8
Israel,1989,State Memory,7,7,7,7,13,2.8
Israel,1989,Trades / Professions,7,7,7,7,13,2.8
Israel,1990,Army,7,7,7,6,12.5,2.743
Israel,1990,Executive,7,7,7,7,13,2.8
Israel,1990,Merchants / Shopkeepers,7,7,7,7,13,2.8
Israel,1990,Priesthood / Knowledge Workers,7,7,7,7,13,2.8
Israel,1990,Proletariat,7,7,7,6,13.5,2.857
Israel,1990,Property Owners,7,7,7,7,13,2.8
Israel,1990,State Memory,7,7,7,7,13,2.8
Israel,1990,Trades / Professions,7,7,7,7,13,2.8
Society,Year,Node,Coherence,Capacity,Stress,Abstraction,Node Value,Bond Strength
Israel,1991,Army,7,7,7,6,12.5,2.743
Israel,1991,Executive,7,7,7,7,13,2.8
Israel,1991,Merchants / Shopkeepers,7,7,7,7,13,2.8
Israel,1991,Priesthood / Knowledge Workers,7,7,7,7,13,2.8
Israel,1991,Proletariat,7,7,7,6,13.5,2.857
Israel,1991,Property Owners,7,7,7,7,13,2.8
Israel,1991,State Memory,7,7,7,7,13,2.8
Israel,1991,Trades / Professions,7,7,7,7,13,2.8
Israel,1992,Army,7,7,7,6,12.5,2.743
Israel,1992,Executive,7,7,7,7,13,2.8
Israel,1992,Merchants / Shopkeepers,7,7,7,7,13,2.8
Israel,1992,Priesthood / Knowledge Workers,7,7,7,7,13,2.8
Israel,1992,Proletariat,7,7,7,6,13.5,2.857
Israel,1992,Property Owners,7,7,7,7,13,2.8
Israel,1992,State Memory,7,7,7,7,13,2.8
Israel,1992,Trades / Professions,7,7,7,7,13,2.8
Israel,1993,Army,7,7,7,6,12.5,2.743
Israel,1993,Executive,7,7,7,7,13,2.8
Israel,1993,Merchants / Shopkeepers,7,7,7,7,13,2.8
Israel,1993,Priesthood / Knowledge Workers,7,7,7,7,13,2.8
Israel,1993,Proletariat,7,7,7,6,13.5,2.857
Israel,1993,Property Owners,7,7,7,7,13,2.8
Israel,1993,State Memory,7,7,7,7,13,2.8
Israel,1993,Trades / Professions,7,7,7,7,13,2.8
Israel,1994,Army,7,7,7,6,12.5,2.743
Israel,1994,Executive,7,7,7,7,13,2.8
Israel,1994,Merchants / Shopkeepers,7,7,7,7,13,2.8
Israel,1994,Priesthood / Knowledge Workers,7,7,7,7,13,2.8
Israel,1994,Proletariat,7,7,7,6,13.5,2.857
Israel,1994,Property Owners,7,7,7,7,13,2.8
Israel,1994,State Memory,7,7,7,7,13,2.8
Israel,1994,Trades / Professions,7,7,7,7,13,2.8
Israel,1995,Army,7,7,7,6,12.5,2.743
Israel,1995,Executive,7,7,7,7,13,2.8
Israel,1995,Merchants / Shopkeepers,7,7,7,7,13,2.8
Israel,1995,Priesthood / Knowledge Workers,7,7,7,7,13,2.8
Israel,1995,Proletariat,7,7,7,6,13.5,2.857
Israel,1995,Property Owners,7,7,7,7,13,2.8
Israel,1995,State Memory,7,7,7,7,13,2.8
Israel,1995,Trades / Professions,7,7,7,7,13,2.8
Israel,1996,Army,7,7,7,6,12.5,2.743
Israel,1996,Executive,7,7,7,7,13,2.8
Israel,1996,Merchants / Shopkeepers,7,7,7,7,13,2.8
Israel,1996,Priesthood / Knowledge Workers,7,7,7,7,13,2.8
Israel,1996,Proletariat,7,7,7,6,13.5,2.857
Israel,1996,Property Owners,7,7,7,7,13,2.8
Israel,1996,State Memory,7,7,7,7,13,2.8
Israel,1996,Trades / Professions,7,7,7,7,13,2.8
Israel,1997,Army,7,7,7,6,12.5,2.743
Israel,1997,Executive,7,7,7,7,13,2.8
Israel,1997,Merchants / Shopkeepers,7,7,7,7,13,2.8
Israel,1997,Priesthood / Knowledge Workers,7,7,7,7,13,2.8
Israel,1997,Proletariat,7,7,7,6,13.5,2.857
Israel,1997,Property Owners,7,7,7,7,13,2.8
Israel,1997,State Memory,7,7,7,7,13,2.8
Israel,1997,Trades / Professions,7,7,7,7,13,2.8
Israel,1998,Army,7,7,7,6,12.5,2.743
Israel,1998,Executive,7,7,7,7,13,2.8
Israel,1998,Merchants / Shopkeepers,7,7,7,7,13,2.8
Israel,1998,Priesthood / Knowledge Workers,7,7,7,7,13,2.8
Israel,1998,Proletariat,7,7,7,6,13.5,2.857
Israel,1998,Property Owners,7,7,7,7,13,2.8
Israel,1998,State Memory,7,7,7,7,13,2.8
Israel,1998,Trades / Professions,7,7,7,7,13,2.8
Israel,1999,Army,7,7,7,6,12.5,2.743
Israel,1999,Executive,7,7,7,7,13,2.8
Israel,1999,Merchants / Shopkeepers,7,7,7,7,13,2.8
Israel,1999,Priesthood / Knowledge Workers,7,7,7,7,13,2.8
Israel,1999,Proletariat,7,7,7,6,13.5,2.857
Israel,1999,Property Owners,7,7,7,7,13,2.8
Israel,1999,State Memory,7,7,7,7,13,2.8
Israel,1999,Trades / Professions,7,7,7,7,13,2.8
Israel,2000,Army,7,7,7,6,12.5,2.743
Israel,2000,Executive,7,7,7,7,13,2.8
Israel,2000,Merchants / Shopkeepers,7,7,7,7,13,2.8
Israel,2000,Priesthood / Knowledge Workers,7,7,7,7,13,2.8
Israel,2000,Proletariat,7,7,7,6,13.5,2.857
Israel,2000,Property Owners,7,7,7,7,13,2.8
Israel,2000,State Memory,7,7,7,7,13,2.8
Israel,2000,Trades / Professions,7,7,7,7,13,2.8
Israel,2001,Army,7,7,7,6,12.5,2.743
Israel,2001,Executive,7,7,7,7,13,2.8
Israel,2001,Merchants / Shopkeepers,7,7,7,7,13,2.8
Israel,2001,Priesthood / Knowledge Workers,7,7,7,7,13,2.8
Israel,2001,Proletariat,7,7,7,6,13.5,2.857
Israel,2001,Property Owners,7,7,7,7,13,2.8
Israel,2001,State Memory,7,7,7,7,13,2.8
Israel,2001,Trades / Professions,7,7,7,7,13,2.8
Israel,2002,Army,7,7,7,6,12.5,2.743
Israel,2002,Executive,7,7,7,7,13,2.8
Israel,2002,Merchants / Shopkeepers,7,7,7,7,13,2.8
Israel,2002,Priesthood / Knowledge Workers,7,7,7,7,13,2.8
Israel,2002,Proletariat,7,7,7,6,13.5,2.857
Israel,2002,Property Owners,7,7,7,7,13,2.8
Israel,2002,State Memory,7,7,7,7,13,2.8
Israel,2002,Trades / Professions,7,7,7,7,13,2.8
Israel,2003,Army,7,7,7,6,12.5,2.743
Israel,2003,Executive,7,7,7,7,13,2.8
Israel,2003,Merchants / Shopkeepers,7,7,7,7,13,2.8
Israel,2003,Priesthood / Knowledge Workers,7,7,7,7,13,2.8
Israel,2003,Proletariat,7,7,7,6,13.5,2.857
Israel,2003,Property Owners,7,7,7,7,13,2.8
Israel,2003,State Memory,7,7,7,7,13,2.8
Israel,2003,Trades / Professions,7,7,7,7,13,2.8
Israel,2004,Army,7,7,7,6,12.5,2.743
Israel,2004,Executive,7,7,7,7,13,2.8
Israel,2004,Merchants / Shopkeepers,7,7,7,7,13,2.8
Israel,2004,Priesthood / Knowledge Workers,7,7,7,7,13,2.8
Israel,2004,Proletariat,7,7,7,6,13.5,2.857
Israel,2004,Property Owners,7,7,7,7,13,2.8
Israel,2004,State Memory,7,7,7,7,13,2.8
Israel,2004,Trades / Professions,7,7,7,7,13,2.8
Israel,2005,Army,7,7,7,6,12.5,2.743
Israel,2005,Executive,7,7,7,7,13,2.8
Israel,2005,Merchants / Shopkeepers,7,7,7,7,13,2.8
Israel,2005,Priesthood / Knowledge Workers,7,7,7,7,13,2.8
Israel,2005,Proletariat,7,7,7,6,13.5,2.857
Israel,2005,Property Owners,7,7,7,7,13,2.8
Israel,2005,State Memory,7,7,7,7,13,2.8
Israel,2005,Trades / Professions,7,7,7,7,13,2.8
Israel,2006,Army,7,7,7,6,12.5,2.743
Israel,2006,Executive,7,7,7,7,13,2.8
Israel,2006,Merchants / Shopkeepers,7,7,7,7,13,2.8
Israel,2006,Priesthood / Knowledge Workers,7,7,7,7,13,2.8
Israel,2006,Proletariat,7,7,7,6,13.5,2.857
Israel,2006,Property Owners,7,7,7,7,13,2.8
Israel,2006,State Memory,7,7,7,7,13,2.8
Israel,2006,Trades / Professions,7,7,7,7,13,2.8
Israel,2007,Army,7,7,7,6,12.5,2.743
Israel,2007,Executive,7,7,7,7,13,2.8
Israel,2007,Merchants / Shopkeepers,7,7,7,7,13,2.8
Israel,2007,Priesthood / Knowledge Workers,7,7,7,7,13,2.8
Israel,2007,Proletariat,7,7,7,6,13.5,2.857
Israel,2007,Property Owners,7,7,7,7,13,2.8
Israel,2007,State Memory,7,7,7,7,13,2.8
Israel,2007,Trades / Professions,7,7,7,7,13,2.8
Israel,2008,Army,7,7,7,6,12.5,2.743
Israel,2008,Executive,7,7,7,7,13,2.8
Israel,2008,Merchants / Shopkeepers,7,7,7,7,13,2.8
Israel,2008,Priesthood / Knowledge Workers,7,7,7,7,13,2.8
Israel,2008,Proletariat,7,7,7,6,13.5,2.857
Israel,2008,Property Owners,7,7,7,7,13,2.8
Israel,2008,State Memory,7,7,7,7,13,2.8
Israel,2008,Trades / Professions,7,7,7,7,13,2.8
Israel,2009,Army,7,7,7,6,12.5,2.743
Israel,2009,Executive,7,7,7,7,13,2.8
Israel,2009,Merchants / Shopkeepers,7,7,7,7,13,2.8
Israel,2009,Priesthood / Knowledge Workers,7,7,7,7,13,2.8
Israel,2009,Proletariat,7,7,7,6,13.5,2.857
Israel,2009,Property Owners,7,7,7,7,13,2.8
Israel,2009,State Memory,7,7,7,7,13,2.8
Israel,2009,Trades / Professions,7,7,7,7,13,2.8
Israel,2010,Army,7,7,7,6,12.5,2.743
Israel,2010,Executive,7,7,7,7,13,2.8
Israel,2010,Merchants / Shopkeepers,7,7,7,7,13,2.8
Israel,2010,Priesthood / Knowledge Workers,7,7,7,7,13,2.8
Israel,2010,Proletariat,7,7,7,6,13.5,2.857
Israel,2010,Property Owners,7,7,7,7,13,2.8
Israel,2010,State Memory,7,7,7,7,13,2.8
Israel,2010,Trades / Professions,7,7,7,7,13,2.8
Society,Year,Node,Coherence,Capacity,Stress,Abstraction,Node Value,Bond Strength
Israel,2010,Army,7,7,7,6,12.5,2.743
Israel,2010,Executive,7,7,7,7,13,2.8
Israel,2010,Merchants / Shopkeepers,7,7,7,7,13,2.8
Israel,2010,Priesthood / Knowledge Workers,7,7,7,7,13,2.8
Israel,2010,Proletariat,7,7,7,6,13.5,2.857
Israel,2010,Property Owners,7,7,7,7,13,2.8
Israel,2010,State Memory,7,7,7,7,13,2.8
Israel,2010,Trades / Professions,7,7,7,7,13,2.8
Israel,2011,Army,7,7,7,6,12.5,2.743
Israel,2011,Executive,7,7,7,7,13,2.8
Israel,2011,Merchants / Shopkeepers,7,7,7,7,13,2.8
Israel,2011,Priesthood / Knowledge Workers,7,7,7,7,13,2.8
Israel,2011,Proletariat,7,7,7,6,13.5,2.857
Israel,2011,Property Owners,7,7,7,7,13,2.8
Israel,2011,State Memory,7,7,7,7,13,2.8
Israel,2011,Trades / Professions,7,7,7,7,13,2.8
Israel,2012,Army,7,7,7,6,12.5,2.743
Israel,2012,Executive,7,7,7,7,13,2.8
Israel,2012,Merchants / Shopkeepers,7,7,7,7,13,2.8
Israel,2012,Priesthood / Knowledge Workers,7,7,7,7,13,2.8
Israel,2012,Proletariat,7,7,7,6,13.5,2.857
Israel,2012,Property Owners,7,7,7,7,13,2.8
Israel,2012,State Memory,7,7,7,7,13,2.8
Israel,2012,Trades / Professions,7,7,7,7,13,2.8
Israel,2013,Army,7,7,7,6,12.5,2.743
Israel,2013,Executive,7,7,7,7,13,2.8
Israel,2013,Merchants / Shopkeepers,7,7,7,7,13,2.8
Israel,2013,Priesthood / Knowledge Workers,7,7,7,7,13,2.8
Israel,2013,Proletariat,7,7,7,6,13.5,2.857
Israel,2013,Property Owners,7,7,7,7,13,2.8
Israel,2013,State Memory,7,7,7,7,13,2.8
Israel,2013,Trades / Professions,7,7,7,7,13,2.8
Israel,2014,Army,7,7,7,6,12.5,2.743
Israel,2014,Executive,7,7,7,7,13,2.8
Israel,2014,Merchants / Shopkeepers,7,7,7,7,13,2.8
Israel,2014,Priesthood / Knowledge Workers,7,7,7,7,13,2.8
Israel,2014,Proletariat,7,7,7,6,13.5,2.857
Israel,2014,Property Owners,7,7,7,7,13,2.8
Israel,2014,State Memory,7,7,7,7,13,2.8
Israel,2014,Trades / Professions,7,7,7,7,13,2.8
Israel,2015,Army,7,7,7,6,12.5,2.743
Israel,2015,Executive,7,7,7,7,13,2.8
Israel,2015,Merchants / Shopkeepers,7,7,7,7,13,2.8
Israel,2015,Priesthood / Knowledge Workers,7,7,7,7,13,2.8
Israel,2015,Proletariat,7,7,7,6,13.5,2.857
Israel,2015,Property Owners,7,7,7,7,13,2.8
Israel,2015,State Memory,7,7,7,7,13,2.8
Israel,2015,Trades / Professions,7,7,7,7,13,2.8
Israel,2016,Army,7,7,7,6,12.5,2.743
Israel,2016,Executive,7,7,7,7,13,2.8
Israel,2016,Merchants / Shopkeepers,7,7,7,7,13,2.8
Israel,2016,Priesthood / Knowledge Workers,7,7,7,7,13,2.8
Israel,2016,Proletariat,7,7,7,6,13.5,2.857
Israel,2016,Property Owners,7,7,7,7,13,2.8
Israel,2016,State Memory,7,7,7,7,13,2.8
Israel,2016,Trades / Professions,7,7,7,7,13,2.8
Israel,2017,Army,7,7,7,6,12.5,2.743
Israel,2017,Executive,7,7,7,7,13,2.8
Israel,2017,Merchants / Shopkeepers,7,7,7,7,13,2.8
Israel,2017,Priesthood / Knowledge Workers,7,7,7,7,13,2.8
Israel,2017,Proletariat,7,7,7,6,13.5,2.857
Israel,2017,Property Owners,7,7,7,7,13,2.8
Israel,2017,State Memory,7,7,7,7,13,2.8
Israel,2017,Trades / Professions,7,7,7,7,13,2.8
Israel,2018,Army,7,7,7,6,12.5,2.743
Israel,2018,Executive,7,7,7,7,13,2.8
Israel,2018,Merchants / Shopkeepers,7,7,7,7,13,2.8
Israel,2018,Priesthood / Knowledge Workers,7,7,7,7,13,2.8
Israel,2018,Proletariat,7,7,7,6,13.5,2.857
Israel,2018,Property Owners,7,7,7,7,13,2.8
Israel,2018,State Memory,7,7,7,7,13,2.8
Israel,2018,Trades / Professions,7,7,7,7,13,2.8
Israel,2019,Army,7,7,7,6,12.5,2.743
Israel,2019,Executive,7,7,7,7,13,2.8
Israel,2019,Merchants / Shopkeepers,7,7,7,7,13,2.8
Israel,2019,Priesthood / Knowledge Workers,7,7,7,7,13,2.8
Israel,2019,Proletariat,7,7,7,6,13.5,2.857
Israel,2019,Property Owners,7,7,7,7,13,2.8
Israel,2019,State Memory,7,7,7,7,13,2.8
Israel,2019,Trades / Professions,7,7,7,7,13,2.8
Israel,2020,Army,7,7,7,6,12.5,2.743
Israel,2020,Executive,7,7,7,7,13,2.8
Israel,2020,Merchants / Shopkeepers,7,7,7,7,13,2.8
Israel,2020,Priesthood / Knowledge Workers,7,7,7,7,13,2.8
Israel,2020,Proletariat,7,7,7,6,13.5,2.857
Israel,2020,Property Owners,7,7,7,7,13,2.8
Israel,2020,State Memory,7,7,7,7,13,2.8
Israel,2020,Trades / Professions,7,7,7,7,13,2.8
Israel,2021,Army,7,7,7,6,12.5,2.743
Israel,2021,Executive,7,7,7,7,13,2.8
Israel,2021,Merchants / Shopkeepers,7,7,7,7,13,2.8
Israel,2021,Priesthood / Knowledge Workers,7,7,7,7,13,2.8
Israel,2021,Proletariat,7,7,7,6,13.5,2.857
Israel,2021,Property Owners,7,7,7,7,13,2.8
Israel,2021,State Memory,7,7,7,7,13,2.8
Israel,2021,Trades / Professions,7,7,7,7,13,2.8
Israel,2022,Army,7,7,7,6,12.5,2.743
Israel,2022,Executive,7,7,7,7,13,2.8
Israel,2022,Merchants / Shopkeepers,7,7,7,7,13,2.8
Israel,2022,Priesthood / Knowledge Workers,7,7,7,7,13,2.8
Israel,2022,Proletariat,7,7,7,6,13.5,2.857
Israel,2022,Property Owners,7,7,7,7,13,2.8
Israel,2022,State Memory,7,7,7,7,13,2.8
Israel,2022,Trades / Professions,7,7,7,7,13,2.8
Israel,2023,Army,7,7,7,6,12.5,2.743
Israel,2023,Executive,7,7,7,7,13,2.8
Israel,2023,Merchants / Shopkeepers,7,7,7,7,13,2.8
Israel,2023,Priesthood / Knowledge Workers,7,7,7,7,13,2.8
Israel,2023,Proletariat,7,7,7,6,13.5,2.857
Israel,2023,Property Owners,7,7,7,7,13,2.8
Israel,2023,State Memory,7,7,7,7,13,2.8
Israel,2023,Trades / Professions,7,7,7,7,13,2.8
Israel,2024,Army,7,7,7,6,12.5,2.743
Israel,2024,Executive,7,7,7,7,13,2.8
Israel,2024,Merchants / Shopkeepers,7,7,7,7,13,2.8
Israel,2024,Priesthood / Knowledge Workers,7,7,7,7,13,2.8
Israel,2024,Proletariat,7,7,7,6,13.5,2.857
Israel,2024,Property Owners,7,7,7,7,13,2.8
Israel,2024,State Memory,7,7,7,7,13,2.8
Israel,2024,Trades / Professions,7,7,7,7,13,2.8
Israel,2025,Army,7,7,7,6,12.5,2.743
Israel,2025,Executive,7,7,7,7,13,2.8
Israel,2025,Merchants / Shopkeepers,7,7,7,7,13,2.8
Israel,2025,Priesthood / Knowledge Workers,7,7,7,7,13,2.8
Israel,2025,Proletariat,7,7,7,6,13.5,2.857
Israel,2025,Property Owners,7,7,7,7,13,2.8
Israel,2025,State Memory,7,7,7,7,13,2.8
Israel,2025,Trades / Professions,7,7,7,7,13,2.8