Society,Year,T_Offset,Society_ID,V_Mean_Calc,V_Min_Calc,CAMS_v1_Regime,Regime_Label_Calc
Australia,1875,T+0,Society_C,9.087,6.0,STRAINED_COHERENT,Strained-Coherent
Australia,1876,T+1,Society_C,9.087,6.0,STRAINED_COHERENT,Strained-Coherent
Australia,1877,T+2,Society_C,9.087,6.0,STRAINED_COHERENT,Strained-Coherent
Australia,1878,T+3,Society_C,9.087,6.0,STRAINED_COHERENT,Strained-Coherent
Australia,1879,T+4,Society_C,9.087,6.0,STRAINED_COHERENT,Strained-Coherent
Australia,1880,T+5,Society_C,9.087,6.0,STRAINED_COHERENT,Strained-Coherent
Australia,1881,T+6,Society_C,9.087,6.0,STRAINED_COHERENT,Strained-Coherent
Australia,1882,T+7,Society_C,9.087,6.0,STRAINED_COHERENT,Strained-Coherent
Australia,1883,T+8,Society_C,9.087,6.0,STRAINED_COHERENT,Strained-Coherent
Australia,1884,T+9,Society_C,9.087,6.0,STRAINED_COHERENT,Strained-Coherent
Australia,1885,T+10,Society_C,9.337,6.0,STRAINED_COHERENT,Strained-Coherent
Australia,1886,T+11,Society_C,9.337,6.0,STRAINED_COHERENT,Strained-Coherent
Australia,1887,T+12,Society_C,9.712,6.0,STRAINED_COHERENT,Strained-Coherent
Australia,1888,T+13,Society_C,9.337,6.0,STRAINED_COHERENT,Strained-Coherent
Australia,1889,T+14,Society_C,9.337,6.0,STRAINED_COHERENT,Strained-Coherent
Australia,1890,T+15,Society_C,3.65,0.5,SYSTEMIC_CRISIS,Systemic Crisis
Australia,1891,T+16,Society_C,3.65,-1.5,LOCAL_NODE_FAILURE,Local Node Failure
Australia,1892,T+17,Society_C,3.525,-1.5,LOCAL_NODE_FAILURE,Local Node Failure
Australia,1893,T+18,Society_C,3.15,-1.5,LOCAL_NODE_FAILURE,Local Node Failure
Australia,1894,T+19,Society_C,8.213,6.0,STRAINED_COHERENT,Strained-Coherent
Australia,1895,T+20,Society_C,8.213,6.0,STRAINED_COHERENT,Strained-Coherent
Australia,1896,T+21,Society_C,8.213,6.0,STRAINED_COHERENT,Strained-Coherent
Australia,1897,T+22,Society_C,8.588,6.0,STRAINED_COHERENT,Strained-Coherent
Australia,1898,T+23,Society_C,8.588,6.0,STRAINED_COHERENT,Strained-Coherent
Australia,1899,T+24,Society_C,8.4,6.0,STRAINED_COHERENT,Strained-Coherent
Australia,1900,T+25,Society_C,8.713,6.0,STRAINED_COHERENT,Strained-Coherent
Australia,1901,T+26,Society_C,10.588,8.5,STRAINED_COHERENT,Strained-Coherent
Australia,1902,T+27,Society_C,10.65,8.5,STRAINED_COHERENT,Strained-Coherent
Australia,1903,T+28,Society_C,10.65,8.5,STRAINED_COHERENT,Strained-Coherent
Australia,1904,T+29,Society_C,10.65,8.5,STRAINED_COHERENT,Strained-Coherent
Australia,1905,T+30,Society_C,10.65,8.5,STRAINED_COHERENT,Strained-Coherent
Australia,1906,T+31,Society_C,10.65,8.5,STRAINED_COHERENT,Strained-Coherent
Australia,1907,T+32,Society_C,10.65,8.5,STRAINED_COHERENT,Strained-Coherent
Australia,1908,T+33,Society_C,10.65,8.5,STRAINED_COHERENT,Strained-Coherent
Australia,1909,T+34,Society_C,10.65,8.5,STRAINED_COHERENT,Strained-Coherent
Australia,1910,T+35,Society_C,10.65,8.5,STRAINED_COHERENT,Strained-Coherent
Australia,1911,T+36,Society_C,10.65,8.5,STRAINED_COHERENT,Strained-Coherent
Australia,1912,T+37,Society_C,10.65,8.5,STRAINED_COHERENT,Strained-Coherent
Australia,1913,T+38,Society_C,10.65,8.5,STRAINED_COHERENT,Strained-Coherent
Australia,1914,T+39,Society_C,7.65,5.5,FRAGMENTED,Fragmented-Capable
Australia,1915,T+40,Society_C,7.65,5.5,FRAGMENTED,Fragmented-Capable
Australia,1916,T+41,Society_C,7.15,3.5,MODERATE_STRESS,Moderate Stress
Australia,1917,T+42,Society_C,7.15,3.5,MODERATE_STRESS,Moderate Stress
Australia,1918,T+43,Society_C,7.65,5.5,FRAGMENTED,Fragmented-Capable
Australia,1919,T+44,Society_C,7.525,4.0,FRAGMENTED,Fragmented-Capable
Australia,1920,T+45,Society_C,7.525,5.5,FRAGMENTED,Fragmented-Capable
Australia,1921,T+46,Society_C,8.025,6.0,STRAINED_COHERENT,Strained-Coherent
Australia,1922,T+47,Society_C,8.025,6.0,STRAINED_COHERENT,Strained-Coherent
Australia,1923,T+48,Society_C,8.025,6.0,STRAINED_COHERENT,Strained-Coherent
Australia,1924,T+49,Society_C,8.025,6.0,STRAINED_COHERENT,Strained-Coherent
Australia,1925,T+50,Society_C,8.025,6.0,STRAINED_COHERENT,Strained-Coherent
Australia,1926,T+51,Society_C,8.025,6.0,STRAINED_COHERENT,Strained-Coherent
Australia,1927,T+52,Society_C,8.025,6.0,STRAINED_COHERENT,Strained-Coherent
Australia,1928,T+53,Society_C,7.65,5.0,FRAGMENTED,Fragmented-Capable
Australia,1929,T+54,Society_C,-0.025,-3.6,LOCAL_NODE_FAILURE,Local Node Failure
Australia,1930,T+55,Society_C,0.0,-3.6,LOCAL_NODE_FAILURE,Local Node Failure
Australia,1931,T+56,Society_C,-0.375,-4.5,LOCAL_NODE_FAILURE,Local Node Failure
Australia,1932,T+57,Society_C,0.425,-2.5,LOCAL_NODE_FAILURE,Local Node Failure
Australia,1933,T+58,Society_C,1.15,-1.7,LOCAL_NODE_FAILURE,Local Node Failure
Australia,1934,T+59,Society_C,7.213,5.0,FRAGMENTED,Fragmented-Capable
Australia,1935,T+60,Society_C,7.213,5.0,FRAGMENTED,Fragmented-Capable
Australia,1936,T+61,Society_C,7.213,5.0,FRAGMENTED,Fragmented-Capable
Australia,1937,T+62,Society_C,7.213,5.0,FRAGMENTED,Fragmented-Capable
Australia,1938,T+63,Society_C,7.213,5.0,FRAGMENTED,Fragmented-Capable
Australia,1939,T+64,Society_C,8.212,7.5,STRAINED_COHERENT,Strained-Coherent
Australia,1940,T+65,Society_C,8.212,7.5,STRAINED_COHERENT,Strained-Coherent
Australia,1941,T+66,Society_C,8.212,7.5,STRAINED_COHERENT,Strained-Coherent
Australia,1942,T+67,Society_C,7.837,4.5,FRAGMENTED,Fragmented-Capable
Australia,1943,T+68,Society_C,8.087,6.5,STRAINED_COHERENT,Strained-Coherent
Australia,1944,T+69,Society_C,11.838,9.5,STRAINED_COHERENT,Strained-Coherent
Australia,1945,T+70,Society_C,11.775,9.5,STRAINED_COHERENT,Strained-Coherent
Australia,1946,T+71,Society_C,10.713,8.5,STRAINED_COHERENT,Strained-Coherent
Australia,1947,T+72,Society_C,10.588,8.5,STRAINED_COHERENT,Strained-Coherent
Australia,1948,T+73,Society_C,10.463,7.5,STRAINED_COHERENT,Strained-Coherent
Australia,1949,T+74,Society_C,10.463,8.5,STRAINED_COHERENT,Strained-Coherent
Australia,1950,T+75,Society_C,12.312,9.5,HIGH_COHERENCE,Coherent-Capable
Australia,1951,T+76,Society_C,12.062,8.5,HIGH_COHERENCE,Coherent-Capable
Australia,1952,T+77,Society_C,12.188,8.5,HIGH_COHERENCE,Coherent-Capable
Australia,1953,T+78,Society_C,12.312,9.5,HIGH_COHERENCE,Coherent-Capable
Australia,1954,T+79,Society_C,12.438,10.5,HIGH_COHERENCE,Coherent-Capable
Australia,1955,T+80,Society_C,12.438,10.5,HIGH_COHERENCE,Coherent-Capable
Australia,1956,T+81,Society_C,12.438,10.5,HIGH_COHERENCE,Coherent-Capable
Australia,1957,T+82,Society_C,12.438,10.5,HIGH_COHERENCE,Coherent-Capable
Australia,1958,T+83,Society_C,12.438,10.5,HIGH_COHERENCE,Coherent-Capable
Australia,1959,T+84,Society_C,12.438,10.5,HIGH_COHERENCE,Coherent-Capable
Australia,1960,T+85,Society_C,12.062,9.9,HIGH_COHERENCE,Coherent-Capable
Australia,1961,T+86,Society_C,11.688,9.9,STRAINED_COHERENT,Strained-Coherent
Australia,1962,T+87,Society_C,12.438,10.5,HIGH_COHERENCE,Coherent-Capable
Australia,1963,T+88,Society_C,12.438,10.5,HIGH_COHERENCE,Coherent-Capable
Australia,1964,T+89,Society_C,12.438,10.5,HIGH_COHERENCE,Coherent-Capable
Australia,1965,T+90,Society_C,12.438,10.5,HIGH_COHERENCE,Coherent-Capable
Australia,1966,T+91,Society_C,8.713,5.5,STRAINED_COHERENT,Strained-Coherent
Australia,1967,T+92,Society_C,8.963,6.5,STRAINED_COHERENT,Strained-Coherent
Australia,1968,T+93,Society_C,8.963,6.5,STRAINED_COHERENT,Strained-Coherent
Australia,1969,T+94,Society_C,8.713,5.5,STRAINED_COHERENT,Strained-Coherent
Australia,1970,T+95,Society_C,8.713,5.5,STRAINED_COHERENT,Strained-Coherent
Australia,1971,T+96,Society_C,8.838,5.5,STRAINED_COHERENT,Strained-Coherent
Australia,1972,T+97,Society_C,9.338,7.0,STRAINED_COHERENT,Strained-Coherent
Australia,1973,T+98,Society_C,9.713,7.0,STRAINED_COHERENT,Strained-Coherent
Australia,1974,T+99,Society_C,8.088,4.8,STRAINED_COHERENT,Strained-Coherent
Australia,1975,T+100,Society_C,7.838,4.0,FRAGMENTED,Fragmented-Capable
Australia,1976,T+101,Society_C,8.275,6.0,STRAINED_COHERENT,Strained-Coherent
Australia,1977,T+102,Society_C,7.9,6.0,FRAGMENTED,Fragmented-Capable
Australia,1978,T+103,Society_C,7.9,6.0,FRAGMENTED,Fragmented-Capable
Australia,1979,T+104,Society_C,7.775,6.0,FRAGMENTED,Fragmented-Capable
Australia,1980,T+105,Society_C,7.9,6.0,FRAGMENTED,Fragmented-Capable
Australia,1981,T+106,Society_C,7.9,6.0,FRAGMENTED,Fragmented-Capable
Australia,1982,T+107,Society_C,7.4,4.0,FRAGMENTED,Fragmented-Capable
Australia,1983,T+108,Society_C,12.775,10.1,HIGH_COHERENCE,Coherent-Capable
Australia,1984,T+109,Society_C,12.588,10.1,HIGH_COHERENCE,Coherent-Capable
Australia,1985,T+110,Society_C,12.15,10.1,HIGH_COHERENCE,Coherent-Capable
Australia,1986,T+111,Society_C,12.15,10.1,HIGH_COHERENCE,Coherent-Capable
Australia,1987,T+112,Society_C,11.65,9.4,STRAINED_COHERENT,Strained-Coherent
Australia,1988,T+113,Society_C,12.4,10.1,HIGH_COHERENCE,Coherent-Capable
Australia,1989,T+114,Society_C,11.9,9.1,STRAINED_COHERENT,Strained-Coherent
Australia,1990,T+115,Society_C,5.275,0.0,MODERATE_STRESS,Moderate Stress
Australia,1991,T+116,Society_C,5.275,0.0,MODERATE_STRESS,Moderate Stress
Australia,1992,T+117,Society_C,6.025,2.0,MODERATE_STRESS,Moderate Stress
Australia,1993,T+118,Society_C,9.4,6.5,STRAINED_COHERENT,Strained-Coherent
Australia,1994,T+119,Society_C,10.088,6.5,STRAINED_COHERENT,Strained-Coherent
Australia,1995,T+120,Society_C,9.4,6.5,STRAINED_COHERENT,Strained-Coherent
Australia,1996,T+121,Society_C,10.9,7.5,STRAINED_COHERENT,Strained-Coherent
Australia,1997,T+122,Society_C,10.775,7.5,STRAINED_COHERENT,Strained-Coherent
Australia,1998,T+123,Society_C,10.4,7.5,STRAINED_COHERENT,Strained-Coherent
Australia,1999,T+124,Society_C,10.775,6.5,STRAINED_COHERENT,Strained-Coherent
Australia,2000,T+125,Society_C,11.775,7.5,STRAINED_COHERENT,Strained-Coherent
Australia,2001,T+126,Society_C,10.525,6.5,STRAINED_COHERENT,Strained-Coherent
Australia,2002,T+127,Society_C,9.712,6.5,STRAINED_COHERENT,Strained-Coherent
Australia,2003,T+128,Society_C,9.337,5.5,STRAINED_COHERENT,Strained-Coherent
Australia,2004,T+129,Society_C,9.712,6.5,STRAINED_COHERENT,Strained-Coherent
Australia,2005,T+130,Society_C,9.462,5.5,STRAINED_COHERENT,Strained-Coherent
Australia,2006,T+131,Society_C,9.337,5.5,STRAINED_COHERENT,Strained-Coherent
Australia,2007,T+132,Society_C,10.462,6.5,STRAINED_COHERENT,Strained-Coherent
Australia,2008,T+133,Society_C,7.638,5.0,FRAGMENTED,Fragmented-Capable
Australia,2009,T+134,Society_C,8.387,5.5,STRAINED_COHERENT,Strained-Coherent
Australia,2010,T+135,Society_C,7.888,1.5,MODERATE_STRESS,Moderate Stress
Australia,2011,T+136,Society_C,7.888,3.5,MODERATE_STRESS,Moderate Stress
Australia,2012,T+137,Society_C,8.262,4.5,STRAINED_COHERENT,Strained-Coherent
Australia,2013,T+138,Society_C,8.262,4.5,STRAINED_COHERENT,Strained-Coherent
Australia,2014,T+139,Society_C,7.037,2.1,MODERATE_STRESS,Moderate Stress
Australia,2015,T+140,Society_C,7.162,1.1,MODERATE_STRESS,Moderate Stress
Australia,2016,T+141,Society_C,7.287,2.1,MODERATE_STRESS,Moderate Stress
Australia,2017,T+142,Society_C,7.287,3.1,MODERATE_STRESS,Moderate Stress
Australia,2018,T+143,Society_C,7.062,0.3,MODERATE_STRESS,Moderate Stress
Australia,2019,T+144,Society_C,6.525,3.6,MODERATE_STRESS,Moderate Stress
Australia,2020,T+145,Society_C,5.7,3.0,MODERATE_STRESS,Moderate Stress
Australia,2021,T+146,Society_C,6.7,4.9,FRAGMENTED,Fragmented-Capable
Australia,2022,T+147,Society_C,7.338,5.6,FRAGMENTED,Fragmented-Capable
Australia,2023,T+148,Society_C,8.275,6.1,STRAINED_COHERENT,Strained-Coherent
Australia,2024,T+149,Society_C,8.4,6.9,STRAINED_COHERENT,Strained-Coherent
Australia,2025,T+150,Society_C,9.15,6.9,STRAINED_COHERENT,Strained-Coherent
Australia,2026,T+151,Society_C,8.9,6.9,STRAINED_COHERENT,Strained-Coherent
Chile,1875,T+0,Society_E,9.938,4.7,STRAINED_COHERENT,Strained-Coherent
Chile,1876,T+1,Society_E,9.925,4.7,STRAINED_COHERENT,Strained-Coherent
Chile,1877,T+2,Society_E,9.825,4.4,STRAINED_COHERENT,Strained-Coherent
Chile,1878,T+3,Society_E,9.625,5.1,STRAINED_COHERENT,Strained-Coherent
Chile,1879,T+4,Society_E,9.062,5.2,STRAINED_COHERENT,Strained-Coherent
Chile,1880,T+5,Society_E,9.5,5.1,STRAINED_COHERENT,Strained-Coherent
Chile,1881,T+6,Society_E,9.775,5.3,STRAINED_COHERENT,Strained-Coherent
Chile,1882,T+7,Society_E,10.475,6.6,STRAINED_COHERENT,Strained-Coherent
Chile,1883,T+8,Society_E,11.7,7.0,STRAINED_COHERENT,Strained-Coherent
Chile,1884,T+9,Society_E,11.875,5.3,STRAINED_COHERENT,Strained-Coherent
Chile,1885,T+10,Society_E,11.962,5.3,STRAINED_COHERENT,Strained-Coherent
Chile,1886,T+11,Society_E,12.112,5.4,HIGH_COHERENCE,Coherent-Capable
Chile,1887,T+12,Society_E,12.113,5.7,HIGH_COHERENCE,Coherent-Capable
Chile,1888,T+13,Society_E,11.8,5.4,STRAINED_COHERENT,Strained-Coherent
Chile,1889,T+14,Society_E,11.475,5.7,STRAINED_COHERENT,Strained-Coherent
Chile,1890,T+15,Society_E,9.688,4.9,STRAINED_COHERENT,Strained-Coherent
Chile,1891,T+16,Society_E,4.05,0.4,MODERATE_STRESS,Moderate Stress
Chile,1892,T+17,Society_E,9.387,4.3,STRAINED_COHERENT,Strained-Coherent
Chile,1893,T+18,Society_E,10.15,4.3,STRAINED_COHERENT,Strained-Coherent
Chile,1894,T+19,Society_E,10.4,4.0,STRAINED_COHERENT,Strained-Coherent
Chile,1895,T+20,Society_E,10.387,4.4,STRAINED_COHERENT,Strained-Coherent
Chile,1896,T+21,Society_E,10.512,4.7,STRAINED_COHERENT,Strained-Coherent
Chile,1897,T+22,Society_E,10.35,4.8,STRAINED_COHERENT,Strained-Coherent
Chile,1898,T+23,Society_E,10.462,4.5,STRAINED_COHERENT,Strained-Coherent
Chile,1899,T+24,Society_E,10.537,4.6,STRAINED_COHERENT,Strained-Coherent
Chile,1900,T+25,Society_E,10.3,2.8,MODERATE_STRESS,Moderate Stress
Chile,1901,T+26,Society_E,10.4,3.5,MODERATE_STRESS,Moderate Stress
Chile,1902,T+27,Society_E,10.45,3.2,MODERATE_STRESS,Moderate Stress
Chile,1903,T+28,Society_E,10.325,3.2,MODERATE_STRESS,Moderate Stress
Chile,1904,T+29,Society_E,10.6,4.0,STRAINED_COHERENT,Strained-Coherent
Chile,1905,T+30,Society_E,10.163,3.0,MODERATE_STRESS,Moderate Stress
Chile,1906,T+31,Society_E,10.35,3.5,MODERATE_STRESS,Moderate Stress
Chile,1907,T+32,Society_E,8.238,-0.0,MODERATE_STRESS,Moderate Stress
Chile,1908,T+33,Society_E,10.238,3.4,MODERATE_STRESS,Moderate Stress
Chile,1909,T+34,Society_E,10.212,3.2,MODERATE_STRESS,Moderate Stress
Chile,1910,T+35,Society_E,10.488,3.7,MODERATE_STRESS,Moderate Stress
Chile,1911,T+36,Society_E,10.35,3.6,MODERATE_STRESS,Moderate Stress
Chile,1912,T+37,Society_E,10.4,3.2,MODERATE_STRESS,Moderate Stress
Chile,1913,T+38,Society_E,10.5,4.0,STRAINED_COHERENT,Strained-Coherent
Chile,1914,T+39,Society_E,9.525,3.9,MODERATE_STRESS,Moderate Stress
Chile,1915,T+40,Society_E,9.375,3.4,MODERATE_STRESS,Moderate Stress
Chile,1916,T+41,Society_E,9.525,3.0,MODERATE_STRESS,Moderate Stress
Chile,1917,T+42,Society_E,9.2,3.2,MODERATE_STRESS,Moderate Stress
Chile,1918,T+43,Society_E,8.613,3.3,MODERATE_STRESS,Moderate Stress
Chile,1919,T+44,Society_E,7.95,2.3,MODERATE_STRESS,Moderate Stress
Chile,1920,T+45,Society_E,8.05,3.1,MODERATE_STRESS,Moderate Stress
Chile,1921,T+46,Society_E,8.112,2.5,MODERATE_STRESS,Moderate Stress
Chile,1922,T+47,Society_E,7.45,2.3,MODERATE_STRESS,Moderate Stress
Chile,1923,T+48,Society_E,7.3,2.3,MODERATE_STRESS,Moderate Stress
Chile,1924,T+49,Society_E,6.287,3.3,MODERATE_STRESS,Moderate Stress
Chile,1925,T+50,Society_E,8.025,4.0,STRAINED_COHERENT,Strained-Coherent
Chile,1926,T+51,Society_E,8.55,4.5,STRAINED_COHERENT,Strained-Coherent
Chile,1927,T+52,Society_E,8.375,4.7,STRAINED_COHERENT,Strained-Coherent
Chile,1928,T+53,Society_E,9.325,5.2,STRAINED_COHERENT,Strained-Coherent
Chile,1929,T+54,Society_E,10.163,5.8,STRAINED_COHERENT,Strained-Coherent
Chile,1930,T+55,Society_E,6.963,2.2,MODERATE_STRESS,Moderate Stress
Chile,1931,T+56,Society_E,2.6,-1.8,LOCAL_NODE_FAILURE,Local Node Failure
Chile,1932,T+57,Society_E,3.013,-0.2,SYSTEMIC_CRISIS,Systemic Crisis
Chile,1933,T+58,Society_E,7.463,2.7,MODERATE_STRESS,Moderate Stress
Chile,1934,T+59,Society_E,7.713,3.0,MODERATE_STRESS,Moderate Stress
Chile,1935,T+60,Society_E,9.05,3.6,MODERATE_STRESS,Moderate Stress
Chile,1936,T+61,Society_E,8.988,4.0,STRAINED_COHERENT,Strained-Coherent
Chile,1937,T+62,Society_E,9.925,5.7,STRAINED_COHERENT,Strained-Coherent
Chile,1938,T+63,Society_E,9.875,7.2,STRAINED_COHERENT,Strained-Coherent
Chile,1939,T+64,Society_E,9.925,7.1,STRAINED_COHERENT,Strained-Coherent
Chile,1940,T+65,Society_E,10.425,6.9,STRAINED_COHERENT,Strained-Coherent
Chile,1941,T+66,Society_E,10.45,7.0,STRAINED_COHERENT,Strained-Coherent
Chile,1942,T+67,Society_E,10.488,7.2,STRAINED_COHERENT,Strained-Coherent
Chile,1943,T+68,Society_E,10.488,6.7,STRAINED_COHERENT,Strained-Coherent
Chile,1944,T+69,Society_E,10.562,7.3,STRAINED_COHERENT,Strained-Coherent
Chile,1945,T+70,Society_E,10.75,6.9,STRAINED_COHERENT,Strained-Coherent
Chile,1946,T+71,Society_E,10.588,7.5,STRAINED_COHERENT,Strained-Coherent
Chile,1947,T+72,Society_E,10.125,6.2,STRAINED_COHERENT,Strained-Coherent
Chile,1948,T+73,Society_E,9.175,4.7,STRAINED_COHERENT,Strained-Coherent
Chile,1949,T+74,Society_E,9.537,5.8,STRAINED_COHERENT,Strained-Coherent
Chile,1950,T+75,Society_E,10.3,6.1,STRAINED_COHERENT,Strained-Coherent
Chile,1951,T+76,Society_E,10.262,6.2,STRAINED_COHERENT,Strained-Coherent
Chile,1952,T+77,Society_E,9.787,6.1,STRAINED_COHERENT,Strained-Coherent
Chile,1953,T+78,Society_E,8.363,5.4,STRAINED_COHERENT,Strained-Coherent
Chile,1954,T+79,Society_E,8.35,5.2,STRAINED_COHERENT,Strained-Coherent
Chile,1955,T+80,Society_E,8.288,5.4,STRAINED_COHERENT,Strained-Coherent
Chile,1956,T+81,Society_E,8.212,5.1,STRAINED_COHERENT,Strained-Coherent
Chile,1957,T+82,Society_E,8.312,4.6,STRAINED_COHERENT,Strained-Coherent
Chile,1958,T+83,Society_E,9.225,6.2,STRAINED_COHERENT,Strained-Coherent
Chile,1959,T+84,Society_E,10.838,7.4,STRAINED_COHERENT,Strained-Coherent
Chile,1960,T+85,Society_E,10.6,7.1,STRAINED_COHERENT,Strained-Coherent
Chile,1961,T+86,Society_E,10.762,6.7,STRAINED_COHERENT,Strained-Coherent
Chile,1962,T+87,Society_E,10.738,6.9,STRAINED_COHERENT,Strained-Coherent
Chile,1963,T+88,Society_E,10.95,6.9,STRAINED_COHERENT,Strained-Coherent
Chile,1964,T+89,Society_E,11.25,7.0,STRAINED_COHERENT,Strained-Coherent
Chile,1965,T+90,Society_E,11.288,7.1,STRAINED_COHERENT,Strained-Coherent
Chile,1966,T+91,Society_E,11.262,7.3,STRAINED_COHERENT,Strained-Coherent
Chile,1967,T+92,Society_E,11.05,6.9,STRAINED_COHERENT,Strained-Coherent
Chile,1968,T+93,Society_E,10.463,7.4,STRAINED_COHERENT,Strained-Coherent
Chile,1969,T+94,Society_E,10.425,6.7,STRAINED_COHERENT,Strained-Coherent
Chile,1970,T+95,Society_E,8.8,5.2,STRAINED_COHERENT,Strained-Coherent
Chile,1971,T+96,Society_E,8.35,3.8,MODERATE_STRESS,Moderate Stress
Chile,1972,T+97,Society_E,5.037,1.1,MODERATE_STRESS,Moderate Stress
Chile,1973,T+98,Society_E,2.525,-0.4,SYSTEMIC_CRISIS,Systemic Crisis
Chile,1974,T+99,Society_E,4.312,-0.3,MODERATE_STRESS,Moderate Stress
Chile,1975,T+100,Society_E,5.213,-0.2,MODERATE_STRESS,Moderate Stress
Chile,1976,T+101,Society_E,7.137,1.1,MODERATE_STRESS,Moderate Stress
Chile,1977,T+102,Society_E,7.263,1.0,MODERATE_STRESS,Moderate Stress
Chile,1978,T+103,Society_E,7.888,1.2,MODERATE_STRESS,Moderate Stress
Chile,1979,T+104,Society_E,9.662,2.6,MODERATE_STRESS,Moderate Stress
Chile,1980,T+105,Society_E,10.125,3.5,MODERATE_STRESS,Moderate Stress
Chile,1981,T+106,Society_E,9.988,3.6,MODERATE_STRESS,Moderate Stress
Chile,1982,T+107,Society_E,4.65,-2.2,LOCAL_NODE_FAILURE,Local Node Failure
Chile,1983,T+108,Society_E,4.912,-0.0,MODERATE_STRESS,Moderate Stress
Chile,1984,T+109,Society_E,6.975,2.3,MODERATE_STRESS,Moderate Stress
Chile,1985,T+110,Society_E,7.938,2.6,MODERATE_STRESS,Moderate Stress
Chile,1986,T+111,Society_E,7.688,2.7,MODERATE_STRESS,Moderate Stress
Chile,1987,T+112,Society_E,8.9,3.7,MODERATE_STRESS,Moderate Stress
Chile,1988,T+113,Society_E,9.95,7.2,STRAINED_COHERENT,Strained-Coherent
Chile,1989,T+114,Society_E,11.613,7.6,STRAINED_COHERENT,Strained-Coherent
Chile,1990,T+115,Society_E,12.188,7.1,HIGH_COHERENCE,Coherent-Capable
Chile,1991,T+116,Society_E,12.962,8.3,HIGH_COHERENCE,Coherent-Capable
Chile,1992,T+117,Society_E,13.1,8.5,HIGH_COHERENCE,Coherent-Capable
Chile,1993,T+118,Society_E,13.175,8.6,HIGH_COHERENCE,Coherent-Capable
Chile,1994,T+119,Society_E,12.988,8.2,HIGH_COHERENCE,Coherent-Capable
Chile,1995,T+120,Society_E,13.038,8.2,HIGH_COHERENCE,Coherent-Capable
Chile,1996,T+121,Society_E,13.137,8.1,HIGH_COHERENCE,Coherent-Capable
Chile,1997,T+122,Society_E,13.088,9.0,HIGH_COHERENCE,Coherent-Capable
Chile,1998,T+123,Society_E,12.325,7.2,HIGH_COHERENCE,Coherent-Capable
Chile,1999,T+124,Society_E,12.312,7.0,HIGH_COHERENCE,Coherent-Capable
Chile,2000,T+125,Society_E,13.2,8.9,HIGH_COHERENCE,Coherent-Capable
Chile,2001,T+126,Society_E,13.2,9.5,HIGH_COHERENCE,Coherent-Capable
Chile,2002,T+127,Society_E,13.412,9.4,HIGH_COHERENCE,Coherent-Capable
Chile,2003,T+128,Society_E,13.538,9.0,HIGH_COHERENCE,Coherent-Capable
Chile,2004,T+129,Society_E,13.625,8.9,HIGH_COHERENCE,Coherent-Capable
Chile,2005,T+130,Society_E,13.412,9.0,HIGH_COHERENCE,Coherent-Capable
Chile,2006,T+131,Society_E,13.125,9.2,HIGH_COHERENCE,Coherent-Capable
Chile,2007,T+132,Society_E,13.438,9.4,HIGH_COHERENCE,Coherent-Capable
Chile,2008,T+133,Society_E,12.488,9.1,HIGH_COHERENCE,Coherent-Capable
Chile,2009,T+134,Society_E,12.25,8.0,HIGH_COHERENCE,Coherent-Capable
Chile,2010,T+135,Society_E,11.6,8.2,STRAINED_COHERENT,Strained-Coherent
Chile,2011,T+136,Society_E,11.725,8.6,STRAINED_COHERENT,Strained-Coherent
Chile,2012,T+137,Society_E,12.587,8.5,HIGH_COHERENCE,Coherent-Capable
Chile,2013,T+138,Society_E,12.775,8.8,HIGH_COHERENCE,Coherent-Capable
Chile,2014,T+139,Society_E,12.713,9.4,HIGH_COHERENCE,Coherent-Capable
Chile,2015,T+140,Society_E,11.988,8.2,STRAINED_COHERENT,Strained-Coherent
Chile,2016,T+141,Society_E,11.575,8.4,STRAINED_COHERENT,Strained-Coherent
Chile,2017,T+142,Society_E,12.075,8.2,HIGH_COHERENCE,Coherent-Capable
Chile,2018,T+143,Society_E,12.75,8.8,HIGH_COHERENCE,Coherent-Capable
Chile,2019,T+144,Society_E,7.713,5.1,FRAGMENTED,Fragmented-Capable
Chile,2020,T+145,Society_E,8.65,5.2,STRAINED_COHERENT,Strained-Coherent
Chile,2021,T+146,Society_E,9.887,6.4,STRAINED_COHERENT,Strained-Coherent
Chile,2022,T+147,Society_E,9.25,6.2,STRAINED_COHERENT,Strained-Coherent
Chile,2023,T+148,Society_E,9.462,6.6,STRAINED_COHERENT,Strained-Coherent
Chile,2024,T+149,Society_E,10.588,7.6,STRAINED_COHERENT,Strained-Coherent
Chile,2025,T+150,Society_E,10.963,7.8,STRAINED_COHERENT,Strained-Coherent
Chile,2026,T+151,Society_E,11.15,8.4,STRAINED_COHERENT,Strained-Coherent
Germany,1880,T+0,Society_B,13.312,8.5,HIGH_COHERENCE,Coherent-Capable
Germany,1881,T+1,Society_B,13.037,8.2,HIGH_COHERENCE,Coherent-Capable
Germany,1882,T+2,Society_B,13.125,7.6,HIGH_COHERENCE,Coherent-Capable
Germany,1883,T+3,Society_B,13.375,8.3,HIGH_COHERENCE,Coherent-Capable
Germany,1884,T+4,Society_B,13.213,7.6,HIGH_COHERENCE,Coherent-Capable
Germany,1885,T+5,Society_B,13.4,8.4,HIGH_COHERENCE,Coherent-Capable
Germany,1886,T+6,Society_B,13.15,7.6,HIGH_COHERENCE,Coherent-Capable
Germany,1887,T+7,Society_B,13.188,7.2,HIGH_COHERENCE,Coherent-Capable
Germany,1888,T+8,Society_B,12.7,8.4,HIGH_COHERENCE,Coherent-Capable
Germany,1889,T+9,Society_B,12.812,7.3,HIGH_COHERENCE,Coherent-Capable
Germany,1890,T+10,Society_B,12.425,8.5,HIGH_COHERENCE,Coherent-Capable
Germany,1891,T+11,Society_B,13.0,7.5,HIGH_COHERENCE,Coherent-Capable
Germany,1892,T+12,Society_B,12.775,7.8,HIGH_COHERENCE,Coherent-Capable
Germany,1893,T+13,Society_B,12.712,7.6,HIGH_COHERENCE,Coherent-Capable
Germany,1894,T+14,Society_B,12.675,8.0,HIGH_COHERENCE,Coherent-Capable
Germany,1895,T+15,Society_B,12.762,7.1,HIGH_COHERENCE,Coherent-Capable
Germany,1896,T+16,Society_B,12.55,8.0,HIGH_COHERENCE,Coherent-Capable
Germany,1897,T+17,Society_B,12.975,7.9,HIGH_COHERENCE,Coherent-Capable
Germany,1898,T+18,Society_B,12.9,7.8,HIGH_COHERENCE,Coherent-Capable
Germany,1899,T+19,Society_B,12.675,8.1,HIGH_COHERENCE,Coherent-Capable
Germany,1900,T+20,Society_B,12.712,7.3,HIGH_COHERENCE,Coherent-Capable
Germany,1901,T+21,Society_B,12.575,7.3,HIGH_COHERENCE,Coherent-Capable
Germany,1902,T+22,Society_B,13.05,7.6,HIGH_COHERENCE,Coherent-Capable
Germany,1903,T+23,Society_B,12.713,9.0,HIGH_COHERENCE,Coherent-Capable
Germany,1904,T+24,Society_B,12.875,8.1,HIGH_COHERENCE,Coherent-Capable
Germany,1905,T+25,Society_B,12.95,8.0,HIGH_COHERENCE,Coherent-Capable
Germany,1906,T+26,Society_B,12.862,7.6,HIGH_COHERENCE,Coherent-Capable
Germany,1907,T+27,Society_B,13.1,7.7,HIGH_COHERENCE,Coherent-Capable
Germany,1908,T+28,Society_B,13.05,7.4,HIGH_COHERENCE,Coherent-Capable
Germany,1909,T+29,Society_B,12.988,8.7,HIGH_COHERENCE,Coherent-Capable
Germany,1910,T+30,Society_B,13.037,7.7,HIGH_COHERENCE,Coherent-Capable
Germany,1911,T+31,Society_B,12.988,8.5,HIGH_COHERENCE,Coherent-Capable
Germany,1912,T+32,Society_B,12.963,8.6,HIGH_COHERENCE,Coherent-Capable
Germany,1913,T+33,Society_B,12.925,7.8,HIGH_COHERENCE,Coherent-Capable
Germany,1914,T+34,Society_B,12.575,10.2,HIGH_COHERENCE,Coherent-Capable
Germany,1915,T+35,Society_B,10.387,5.7,STRAINED_COHERENT,Strained-Coherent
Germany,1916,T+36,Society_B,8.45,3.5,MODERATE_STRESS,Moderate Stress
Germany,1917,T+37,Society_B,5.8,0.3,MODERATE_STRESS,Moderate Stress
Germany,1918,T+38,Society_B,1.7,-2.2,LOCAL_NODE_FAILURE,Local Node Failure
Germany,1919,T+39,Society_B,2.575,-2.2,LOCAL_NODE_FAILURE,Local Node Failure
Germany,1920,T+40,Society_B,2.938,-0.5,SYSTEMIC_CRISIS,Systemic Crisis
Germany,1921,T+41,Society_B,2.487,-0.2,SYSTEMIC_CRISIS,Systemic Crisis
Germany,1922,T+42,Society_B,1.888,-1.8,LOCAL_NODE_FAILURE,Local Node Failure
Germany,1923,T+43,Society_B,-1.1,-5.0,LOCAL_NODE_FAILURE,Local Node Failure
Germany,1924,T+44,Society_B,6.088,3.0,MODERATE_STRESS,Moderate Stress
Germany,1925,T+45,Society_B,9.8,5.9,STRAINED_COHERENT,Strained-Coherent
Germany,1926,T+46,Society_B,10.087,5.6,STRAINED_COHERENT,Strained-Coherent
Germany,1927,T+47,Society_B,10.613,5.5,STRAINED_COHERENT,Strained-Coherent
Germany,1928,T+48,Society_B,10.575,5.3,STRAINED_COHERENT,Strained-Coherent
Germany,1929,T+49,Society_B,7.512,3.2,MODERATE_STRESS,Moderate Stress
Germany,1930,T+50,Society_B,5.225,1.2,MODERATE_STRESS,Moderate Stress
Germany,1931,T+51,Society_B,3.388,-0.9,LOCAL_NODE_FAILURE,Local Node Failure
Germany,1932,T+52,Society_B,1.6,-2.4,LOCAL_NODE_FAILURE,Local Node Failure
Germany,1933,T+53,Society_B,9.688,7.5,STRAINED_COHERENT,Strained-Coherent
Germany,1934,T+54,Society_B,12.087,6.2,HIGH_COHERENCE,Coherent-Capable
Germany,1935,T+55,Society_B,13.75,6.4,HIGH_COHERENCE,Coherent-Capable
Germany,1936,T+56,Society_B,14.9,10.1,HIGH_COHERENCE,Coherent-Capable
Germany,1937,T+57,Society_B,14.8,10.6,HIGH_COHERENCE,Coherent-Capable
Germany,1938,T+58,Society_B,14.1,7.0,HIGH_COHERENCE,Coherent-Capable
Germany,1939,T+59,Society_B,14.05,10.7,HIGH_COHERENCE,Coherent-Capable
Germany,1940,T+60,Society_B,15.075,9.2,HIGH_COHERENCE,Coherent-Capable
Germany,1941,T+61,Society_B,13.037,9.4,HIGH_COHERENCE,Coherent-Capable
Germany,1942,T+62,Society_B,10.988,7.5,STRAINED_COHERENT,Strained-Coherent
Germany,1943,T+63,Society_B,8.2,3.7,MODERATE_STRESS,Moderate Stress
Germany,1944,T+64,Society_B,5.338,1.4,MODERATE_STRESS,Moderate Stress
Germany,1945,T+65,Society_B,-4.525,-6.0,LOCAL_NODE_FAILURE,Local Node Failure
Germany,1946,T+66,Society_B,-0.512,-2.4,LOCAL_NODE_FAILURE,Local Node Failure
Germany,1947,T+67,Society_B,1.337,-0.8,SYSTEMIC_CRISIS,Systemic Crisis
Germany,1948,T+68,Society_B,5.088,2.7,MODERATE_STRESS,Moderate Stress
Germany,1949,T+69,Society_B,7.9,2.5,MODERATE_STRESS,Moderate Stress
Germany,1950,T+70,Society_B,8.625,2.7,MODERATE_STRESS,Moderate Stress
Germany,1951,T+71,Society_B,10.1,3.8,MODERATE_STRESS,Moderate Stress
Germany,1952,T+72,Society_B,11.175,5.8,STRAINED_COHERENT,Strained-Coherent
Germany,1953,T+73,Society_B,11.488,6.2,STRAINED_COHERENT,Strained-Coherent
Germany,1954,T+74,Society_B,12.113,5.6,HIGH_COHERENCE,Coherent-Capable
Germany,1955,T+75,Society_B,12.912,9.3,HIGH_COHERENCE,Coherent-Capable
Germany,1956,T+76,Society_B,13.675,11.6,HIGH_COHERENCE,Coherent-Capable
Germany,1957,T+77,Society_B,13.762,11.6,HIGH_COHERENCE,Coherent-Capable
Germany,1958,T+78,Society_B,13.85,11.0,HIGH_COHERENCE,Coherent-Capable
Germany,1959,T+79,Society_B,13.6,10.9,HIGH_COHERENCE,Coherent-Capable
Germany,1960,T+80,Society_B,13.788,11.6,HIGH_COHERENCE,Coherent-Capable
Germany,1961,T+81,Society_B,13.188,10.9,HIGH_COHERENCE,Coherent-Capable
Germany,1962,T+82,Society_B,13.538,11.8,HIGH_COHERENCE,Coherent-Capable
Germany,1963,T+83,Society_B,13.75,11.7,HIGH_COHERENCE,Coherent-Capable
Germany,1964,T+84,Society_B,13.588,11.0,HIGH_COHERENCE,Coherent-Capable
Germany,1965,T+85,Society_B,13.775,12.0,HIGH_COHERENCE,Coherent-Capable
Germany,1966,T+86,Society_B,12.887,10.4,HIGH_COHERENCE,Coherent-Capable
Germany,1967,T+87,Society_B,12.538,10.8,HIGH_COHERENCE,Coherent-Capable
Germany,1968,T+88,Society_B,12.825,9.3,HIGH_COHERENCE,Coherent-Capable
Germany,1969,T+89,Society_B,13.675,11.7,HIGH_COHERENCE,Coherent-Capable
Germany,1970,T+90,Society_B,14.287,12.7,HIGH_COHERENCE,Coherent-Capable
Germany,1971,T+91,Society_B,14.062,12.4,HIGH_COHERENCE,Coherent-Capable
Germany,1972,T+92,Society_B,13.925,11.5,HIGH_COHERENCE,Coherent-Capable
Germany,1973,T+93,Society_B,13.2,11.7,HIGH_COHERENCE,Coherent-Capable
Germany,1974,T+94,Society_B,13.05,10.9,HIGH_COHERENCE,Coherent-Capable
Germany,1975,T+95,Society_B,12.787,9.7,HIGH_COHERENCE,Coherent-Capable
Germany,1976,T+96,Society_B,12.675,9.7,HIGH_COHERENCE,Coherent-Capable
Germany,1977,T+97,Society_B,12.9,9.7,HIGH_COHERENCE,Coherent-Capable
Germany,1978,T+98,Society_B,13.0,9.8,HIGH_COHERENCE,Coherent-Capable
Germany,1979,T+99,Society_B,13.012,9.5,HIGH_COHERENCE,Coherent-Capable
Germany,1980,T+100,Society_B,12.037,9.4,HIGH_COHERENCE,Coherent-Capable
Germany,1981,T+101,Society_B,11.812,8.9,STRAINED_COHERENT,Strained-Coherent
Germany,1982,T+102,Society_B,12.0,9.2,HIGH_COHERENCE,Coherent-Capable
Germany,1983,T+103,Society_B,13.925,11.2,HIGH_COHERENCE,Coherent-Capable
Germany,1984,T+104,Society_B,13.9,9.2,HIGH_COHERENCE,Coherent-Capable
Germany,1985,T+105,Society_B,13.963,10.0,HIGH_COHERENCE,Coherent-Capable
Germany,1986,T+106,Society_B,13.875,9.9,HIGH_COHERENCE,Coherent-Capable
Germany,1987,T+107,Society_B,13.963,9.8,HIGH_COHERENCE,Coherent-Capable
Germany,1988,T+108,Society_B,13.8,9.9,HIGH_COHERENCE,Coherent-Capable
Germany,1989,T+109,Society_B,14.113,13.1,HIGH_COHERENCE,Coherent-Capable
Germany,1990,T+110,Society_B,11.925,8.5,STRAINED_COHERENT,Strained-Coherent
Germany,1991,T+111,Society_B,11.425,7.5,STRAINED_COHERENT,Strained-Coherent
Germany,1992,T+112,Society_B,10.037,5.1,STRAINED_COHERENT,Strained-Coherent
Germany,1993,T+113,Society_B,10.388,5.4,STRAINED_COHERENT,Strained-Coherent
Germany,1994,T+114,Society_B,11.912,7.6,STRAINED_COHERENT,Strained-Coherent
Germany,1995,T+115,Society_B,12.137,8.5,HIGH_COHERENCE,Coherent-Capable
Germany,1996,T+116,Society_B,12.2,8.0,HIGH_COHERENCE,Coherent-Capable
Germany,1997,T+117,Society_B,12.262,7.2,HIGH_COHERENCE,Coherent-Capable
Germany,1998,T+118,Society_B,12.55,7.5,HIGH_COHERENCE,Coherent-Capable
Germany,1999,T+119,Society_B,13.037,7.1,HIGH_COHERENCE,Coherent-Capable
Germany,2000,T+120,Society_B,11.65,7.0,STRAINED_COHERENT,Strained-Coherent
Germany,2001,T+121,Society_B,12.088,6.9,HIGH_COHERENCE,Coherent-Capable
Germany,2002,T+122,Society_B,11.962,5.9,STRAINED_COHERENT,Strained-Coherent
Germany,2003,T+123,Society_B,11.762,4.2,STRAINED_COHERENT,Strained-Coherent
Germany,2004,T+124,Society_B,11.6,4.5,STRAINED_COHERENT,Strained-Coherent
Germany,2005,T+125,Society_B,13.6,8.4,HIGH_COHERENCE,Coherent-Capable
Germany,2006,T+126,Society_B,13.75,8.3,HIGH_COHERENCE,Coherent-Capable
Germany,2007,T+127,Society_B,13.25,9.3,HIGH_COHERENCE,Coherent-Capable
Germany,2008,T+128,Society_B,11.925,7.6,STRAINED_COHERENT,Strained-Coherent
Germany,2009,T+129,Society_B,10.887,7.3,STRAINED_COHERENT,Strained-Coherent
Germany,2010,T+130,Society_B,13.163,11.5,HIGH_COHERENCE,Coherent-Capable
Germany,2011,T+131,Society_B,13.387,10.3,HIGH_COHERENCE,Coherent-Capable
Germany,2012,T+132,Society_B,13.15,10.0,HIGH_COHERENCE,Coherent-Capable
Germany,2013,T+133,Society_B,13.463,10.9,HIGH_COHERENCE,Coherent-Capable
Germany,2014,T+134,Society_B,13.337,10.2,HIGH_COHERENCE,Coherent-Capable
Germany,2015,T+135,Society_B,11.838,8.4,STRAINED_COHERENT,Strained-Coherent
Germany,2016,T+136,Society_B,12.087,9.5,HIGH_COHERENCE,Coherent-Capable
Germany,2017,T+137,Society_B,12.4,9.4,HIGH_COHERENCE,Coherent-Capable
Germany,2018,T+138,Society_B,13.238,10.7,HIGH_COHERENCE,Coherent-Capable
Germany,2019,T+139,Society_B,12.325,9.9,HIGH_COHERENCE,Coherent-Capable
Germany,2020,T+140,Society_B,10.038,5.5,STRAINED_COHERENT,Strained-Coherent
Germany,2021,T+141,Society_B,11.1,7.0,STRAINED_COHERENT,Strained-Coherent
Germany,2022,T+142,Society_B,8.225,5.1,STRAINED_COHERENT,Strained-Coherent
Germany,2023,T+143,Society_B,7.838,6.0,FRAGMENTED,Fragmented-Capable
Germany,2024,T+144,Society_B,7.213,4.4,FRAGMENTED,Fragmented-Capable
Germany,2025,T+145,Society_B,8.613,6.8,STRAINED_COHERENT,Strained-Coherent
Germany,2026,T+146,Society_B,8.587,5.2,STRAINED_COHERENT,Strained-Coherent
Norway,1880,T+0,Society_G,9.125,5.6,STRAINED_COHERENT,Strained-Coherent
Norway,1881,T+1,Society_G,9.125,5.6,STRAINED_COHERENT,Strained-Coherent
Norway,1882,T+2,Society_G,9.125,5.6,STRAINED_COHERENT,Strained-Coherent
Norway,1883,T+3,Society_G,9.125,5.6,STRAINED_COHERENT,Strained-Coherent
Norway,1884,T+4,Society_G,9.562,5.6,STRAINED_COHERENT,Strained-Coherent
Norway,1885,T+5,Society_G,9.438,5.6,STRAINED_COHERENT,Strained-Coherent
Norway,1886,T+6,Society_G,9.438,5.6,STRAINED_COHERENT,Strained-Coherent
Norway,1887,T+7,Society_G,9.438,5.6,STRAINED_COHERENT,Strained-Coherent
Norway,1888,T+8,Society_G,9.438,5.6,STRAINED_COHERENT,Strained-Coherent
Norway,1889,T+9,Society_G,9.438,5.6,STRAINED_COHERENT,Strained-Coherent
Norway,1890,T+10,Society_G,9.438,5.6,STRAINED_COHERENT,Strained-Coherent
Norway,1891,T+11,Society_G,9.438,5.6,STRAINED_COHERENT,Strained-Coherent
Norway,1892,T+12,Society_G,9.438,5.6,STRAINED_COHERENT,Strained-Coherent
Norway,1893,T+13,Society_G,9.438,5.6,STRAINED_COHERENT,Strained-Coherent
Norway,1894,T+14,Society_G,9.438,5.6,STRAINED_COHERENT,Strained-Coherent
Norway,1895,T+15,Society_G,9.062,4.6,STRAINED_COHERENT,Strained-Coherent
Norway,1896,T+16,Society_G,9.312,5.6,STRAINED_COHERENT,Strained-Coherent
Norway,1897,T+17,Society_G,9.438,5.6,STRAINED_COHERENT,Strained-Coherent
Norway,1898,T+18,Society_G,9.438,5.6,STRAINED_COHERENT,Strained-Coherent
Norway,1899,T+19,Society_G,9.188,4.6,STRAINED_COHERENT,Strained-Coherent
Norway,1900,T+20,Society_G,9.312,5.6,STRAINED_COHERENT,Strained-Coherent
Norway,1901,T+21,Society_G,9.438,5.6,STRAINED_COHERENT,Strained-Coherent
Norway,1902,T+22,Society_G,9.438,5.6,STRAINED_COHERENT,Strained-Coherent
Norway,1903,T+23,Society_G,9.438,5.6,STRAINED_COHERENT,Strained-Coherent
Norway,1904,T+24,Society_G,9.438,5.6,STRAINED_COHERENT,Strained-Coherent
Norway,1905,T+25,Society_G,12.963,10.1,HIGH_COHERENCE,Coherent-Capable
Norway,1906,T+26,Society_G,12.4,9.1,HIGH_COHERENCE,Coherent-Capable
Norway,1907,T+27,Society_G,12.713,9.1,HIGH_COHERENCE,Coherent-Capable
Norway,1908,T+28,Society_G,12.4,9.1,HIGH_COHERENCE,Coherent-Capable
Norway,1909,T+29,Society_G,12.65,9.1,HIGH_COHERENCE,Coherent-Capable
Norway,1910,T+30,Society_G,12.4,9.1,HIGH_COHERENCE,Coherent-Capable
Norway,1911,T+31,Society_G,12.4,9.1,HIGH_COHERENCE,Coherent-Capable
Norway,1912,T+32,Society_G,12.4,9.1,HIGH_COHERENCE,Coherent-Capable
Norway,1913,T+33,Society_G,12.588,9.1,HIGH_COHERENCE,Coherent-Capable
Norway,1914,T+34,Society_G,7.213,3.8,MODERATE_STRESS,Moderate Stress
Norway,1915,T+35,Society_G,7.088,2.8,MODERATE_STRESS,Moderate Stress
Norway,1916,T+36,Society_G,7.088,2.8,MODERATE_STRESS,Moderate Stress
Norway,1917,T+37,Society_G,6.963,1.8,MODERATE_STRESS,Moderate Stress
Norway,1918,T+38,Society_G,7.338,3.8,MODERATE_STRESS,Moderate Stress
Norway,1919,T+39,Society_G,7.463,5.4,FRAGMENTED,Fragmented-Capable
Norway,1920,T+40,Society_G,7.463,5.5,FRAGMENTED,Fragmented-Capable
Norway,1921,T+41,Society_G,6.963,4.4,FRAGMENTED,Fragmented-Capable
Norway,1922,T+42,Society_G,7.213,4.4,FRAGMENTED,Fragmented-Capable
Norway,1923,T+43,Society_G,7.963,5.6,FRAGMENTED,Fragmented-Capable
Norway,1924,T+44,Society_G,7.963,5.6,FRAGMENTED,Fragmented-Capable
Norway,1925,T+45,Society_G,8.213,5.6,STRAINED_COHERENT,Strained-Coherent
Norway,1926,T+46,Society_G,8.213,5.6,STRAINED_COHERENT,Strained-Coherent
Norway,1927,T+47,Society_G,7.963,5.6,FRAGMENTED,Fragmented-Capable
Norway,1928,T+48,Society_G,7.963,5.6,FRAGMENTED,Fragmented-Capable
Norway,1929,T+49,Society_G,2.375,-2.8,LOCAL_NODE_FAILURE,Local Node Failure
Norway,1930,T+50,Society_G,2.375,-2.8,LOCAL_NODE_FAILURE,Local Node Failure
Norway,1931,T+51,Society_G,1.875,-3.5,LOCAL_NODE_FAILURE,Local Node Failure
Norway,1932,T+52,Society_G,2.75,-0.8,SYSTEMIC_CRISIS,Systemic Crisis
Norway,1933,T+53,Society_G,3.375,-0.5,SYSTEMIC_CRISIS,Systemic Crisis
Norway,1934,T+54,Society_G,9.15,4.6,STRAINED_COHERENT,Strained-Coherent
Norway,1935,T+55,Society_G,9.713,4.6,STRAINED_COHERENT,Strained-Coherent
Norway,1936,T+56,Society_G,9.775,4.6,STRAINED_COHERENT,Strained-Coherent
Norway,1937,T+57,Society_G,9.15,4.6,STRAINED_COHERENT,Strained-Coherent
Norway,1938,T+58,Society_G,9.025,3.6,MODERATE_STRESS,Moderate Stress
Norway,1939,T+59,Society_G,8.775,2.6,MODERATE_STRESS,Moderate Stress
Norway,1940,T+60,Society_G,0.1,-6.0,LOCAL_NODE_FAILURE,Local Node Failure
Norway,1941,T+61,Society_G,2.213,-4.4,LOCAL_NODE_FAILURE,Local Node Failure
Norway,1942,T+62,Society_G,2.525,-4.4,LOCAL_NODE_FAILURE,Local Node Failure
Norway,1943,T+63,Society_G,2.088,-4.4,LOCAL_NODE_FAILURE,Local Node Failure
Norway,1944,T+64,Society_G,2.463,-2.7,LOCAL_NODE_FAILURE,Local Node Failure
Norway,1945,T+65,Society_G,13.15,10.9,HIGH_COHERENCE,Coherent-Capable
Norway,1946,T+66,Society_G,11.963,8.1,STRAINED_COHERENT,Strained-Coherent
Norway,1947,T+67,Society_G,11.963,8.1,STRAINED_COHERENT,Strained-Coherent
Norway,1948,T+68,Society_G,12.463,8.1,HIGH_COHERENCE,Coherent-Capable
Norway,1949,T+69,Society_G,12.213,10.1,HIGH_COHERENCE,Coherent-Capable
Norway,1950,T+70,Society_G,12.812,9.1,HIGH_COHERENCE,Coherent-Capable
Norway,1951,T+71,Society_G,12.812,9.1,HIGH_COHERENCE,Coherent-Capable
Norway,1952,T+72,Society_G,12.938,10.1,HIGH_COHERENCE,Coherent-Capable
Norway,1953,T+73,Society_G,12.938,10.1,HIGH_COHERENCE,Coherent-Capable
Norway,1954,T+74,Society_G,12.938,10.1,HIGH_COHERENCE,Coherent-Capable
Norway,1955,T+75,Society_G,13.188,10.1,HIGH_COHERENCE,Coherent-Capable
Norway,1956,T+76,Society_G,12.938,10.1,HIGH_COHERENCE,Coherent-Capable
Norway,1957,T+77,Society_G,12.938,10.1,HIGH_COHERENCE,Coherent-Capable
Norway,1958,T+78,Society_G,12.938,10.1,HIGH_COHERENCE,Coherent-Capable
Norway,1959,T+79,Society_G,12.938,10.1,HIGH_COHERENCE,Coherent-Capable
Norway,1960,T+80,Society_G,12.938,10.1,HIGH_COHERENCE,Coherent-Capable
Norway,1961,T+81,Society_G,12.938,10.1,HIGH_COHERENCE,Coherent-Capable
Norway,1962,T+82,Society_G,12.938,10.1,HIGH_COHERENCE,Coherent-Capable
Norway,1963,T+83,Society_G,12.938,10.1,HIGH_COHERENCE,Coherent-Capable
Norway,1964,T+84,Society_G,12.938,10.1,HIGH_COHERENCE,Coherent-Capable
Norway,1965,T+85,Society_G,12.088,10.0,HIGH_COHERENCE,Coherent-Capable
Norway,1966,T+86,Society_G,12.213,10.1,HIGH_COHERENCE,Coherent-Capable
Norway,1967,T+87,Society_G,12.213,10.1,HIGH_COHERENCE,Coherent-Capable
Norway,1968,T+88,Society_G,12.213,10.1,HIGH_COHERENCE,Coherent-Capable
Norway,1969,T+89,Society_G,12.525,10.1,HIGH_COHERENCE,Coherent-Capable
Norway,1970,T+90,Society_G,12.4,10.1,HIGH_COHERENCE,Coherent-Capable
Norway,1971,T+91,Society_G,12.213,10.1,HIGH_COHERENCE,Coherent-Capable
Norway,1972,T+92,Society_G,8.963,2.5,MODERATE_STRESS,Moderate Stress
Norway,1973,T+93,Society_G,9.463,4.5,STRAINED_COHERENT,Strained-Coherent
Norway,1974,T+94,Society_G,14.825,10.1,HIGH_COHERENCE,Coherent-Capable
Norway,1975,T+95,Society_G,14.325,10.1,HIGH_COHERENCE,Coherent-Capable
Norway,1976,T+96,Society_G,13.95,10.1,HIGH_COHERENCE,Coherent-Capable
Norway,1977,T+97,Society_G,13.95,10.1,HIGH_COHERENCE,Coherent-Capable
Norway,1978,T+98,Society_G,13.95,10.1,HIGH_COHERENCE,Coherent-Capable
Norway,1979,T+99,Society_G,13.95,10.1,HIGH_COHERENCE,Coherent-Capable
Norway,1980,T+100,Society_G,13.95,10.1,HIGH_COHERENCE,Coherent-Capable
Norway,1981,T+101,Society_G,13.825,10.1,HIGH_COHERENCE,Coherent-Capable
Norway,1982,T+102,Society_G,13.95,10.1,HIGH_COHERENCE,Coherent-Capable
Norway,1983,T+103,Society_G,13.95,10.1,HIGH_COHERENCE,Coherent-Capable
Norway,1984,T+104,Society_G,13.95,10.1,HIGH_COHERENCE,Coherent-Capable
Norway,1985,T+105,Society_G,13.95,10.1,HIGH_COHERENCE,Coherent-Capable
Norway,1986,T+106,Society_G,7.812,3.5,MODERATE_STRESS,Moderate Stress
Norway,1987,T+107,Society_G,8.812,6.1,STRAINED_COHERENT,Strained-Coherent
Norway,1988,T+108,Society_G,8.062,3.5,MODERATE_STRESS,Moderate Stress
Norway,1989,T+109,Society_G,7.562,2.5,MODERATE_STRESS,Moderate Stress
Norway,1990,T+110,Society_G,7.688,3.1,MODERATE_STRESS,Moderate Stress
Norway,1991,T+111,Society_G,8.562,5.5,STRAINED_COHERENT,Strained-Coherent
Norway,1992,T+112,Society_G,8.812,6.1,STRAINED_COHERENT,Strained-Coherent
Norway,1993,T+113,Society_G,13.838,8.1,HIGH_COHERENCE,Coherent-Capable
Norway,1994,T+114,Society_G,12.963,8.1,HIGH_COHERENCE,Coherent-Capable
Norway,1995,T+115,Society_G,13.338,8.1,HIGH_COHERENCE,Coherent-Capable
Norway,1996,T+116,Society_G,13.65,8.1,HIGH_COHERENCE,Coherent-Capable
Norway,1997,T+117,Society_G,13.338,8.1,HIGH_COHERENCE,Coherent-Capable
Norway,1998,T+118,Society_G,13.088,8.1,HIGH_COHERENCE,Coherent-Capable
Norway,1999,T+119,Society_G,13.338,8.1,HIGH_COHERENCE,Coherent-Capable
Norway,2000,T+120,Society_G,13.338,8.1,HIGH_COHERENCE,Coherent-Capable
Norway,2001,T+121,Society_G,12.9,6.1,HIGH_COHERENCE,Coherent-Capable
Norway,2002,T+122,Society_G,13.025,7.1,HIGH_COHERENCE,Coherent-Capable
Norway,2003,T+123,Society_G,13.025,7.1,HIGH_COHERENCE,Coherent-Capable
Norway,2004,T+124,Society_G,13.025,7.1,HIGH_COHERENCE,Coherent-Capable
Norway,2005,T+125,Society_G,13.025,7.1,HIGH_COHERENCE,Coherent-Capable
Norway,2006,T+126,Society_G,13.025,7.1,HIGH_COHERENCE,Coherent-Capable
Norway,2007,T+127,Society_G,13.025,7.1,HIGH_COHERENCE,Coherent-Capable
Norway,2008,T+128,Society_G,13.025,7.1,HIGH_COHERENCE,Coherent-Capable
Norway,2009,T+129,Society_G,13.025,7.1,HIGH_COHERENCE,Coherent-Capable
Norway,2010,T+130,Society_G,13.025,7.1,HIGH_COHERENCE,Coherent-Capable
Norway,2011,T+131,Society_G,12.025,4.1,HIGH_COHERENCE,Coherent-Capable
Norway,2012,T+132,Society_G,13.025,7.1,HIGH_COHERENCE,Coherent-Capable
Norway,2013,T+133,Society_G,13.025,7.1,HIGH_COHERENCE,Coherent-Capable
Norway,2014,T+134,Society_G,10.4,6.9,STRAINED_COHERENT,Strained-Coherent
Norway,2015,T+135,Society_G,10.15,3.9,MODERATE_STRESS,Moderate Stress
Norway,2016,T+136,Society_G,11.4,7.1,STRAINED_COHERENT,Strained-Coherent
Norway,2017,T+137,Society_G,12.15,7.1,HIGH_COHERENCE,Coherent-Capable
Norway,2018,T+138,Society_G,12.15,7.1,HIGH_COHERENCE,Coherent-Capable
Norway,2019,T+139,Society_G,12.15,7.1,HIGH_COHERENCE,Coherent-Capable
Norway,2020,T+140,Society_G,11.025,7.1,STRAINED_COHERENT,Strained-Coherent
Norway,2021,T+141,Society_G,11.9,7.1,STRAINED_COHERENT,Strained-Coherent
Norway,2022,T+142,Society_G,12.213,6.1,HIGH_COHERENCE,Coherent-Capable
Norway,2023,T+143,Society_G,11.9,6.1,STRAINED_COHERENT,Strained-Coherent
Norway,2024,T+144,Society_G,12.275,8.1,HIGH_COHERENCE,Coherent-Capable
Norway,2025,T+145,Society_G,12.15,7.1,HIGH_COHERENCE,Coherent-Capable
Norway,2026,T+146,Society_G,12.15,7.1,HIGH_COHERENCE,Coherent-Capable
Poland,1875,T+0,Society_D,3.75,-1.0,LOCAL_NODE_FAILURE,Local Node Failure
Poland,1876,T+1,Society_D,3.75,-1.0,LOCAL_NODE_FAILURE,Local Node Failure
Poland,1877,T+2,Society_D,3.75,-1.0,LOCAL_NODE_FAILURE,Local Node Failure
Poland,1878,T+3,Society_D,3.75,-1.0,LOCAL_NODE_FAILURE,Local Node Failure
Poland,1879,T+4,Society_D,3.75,-1.0,LOCAL_NODE_FAILURE,Local Node Failure
Poland,1880,T+5,Society_D,4.025,-1.0,LOCAL_NODE_FAILURE,Local Node Failure
Poland,1881,T+6,Society_D,4.025,-1.0,LOCAL_NODE_FAILURE,Local Node Failure
Poland,1882,T+7,Society_D,4.025,-1.0,LOCAL_NODE_FAILURE,Local Node Failure
Poland,1883,T+8,Society_D,4.025,-1.0,LOCAL_NODE_FAILURE,Local Node Failure
Poland,1884,T+9,Society_D,4.025,-1.0,LOCAL_NODE_FAILURE,Local Node Failure
Poland,1885,T+10,Society_D,4.025,-1.0,LOCAL_NODE_FAILURE,Local Node Failure
Poland,1886,T+11,Society_D,4.15,-1.0,LOCAL_NODE_FAILURE,Local Node Failure
Poland,1887,T+12,Society_D,4.15,-1.0,LOCAL_NODE_FAILURE,Local Node Failure
Poland,1888,T+13,Society_D,4.15,-1.0,LOCAL_NODE_FAILURE,Local Node Failure
Poland,1889,T+14,Society_D,4.15,-1.0,LOCAL_NODE_FAILURE,Local Node Failure
Poland,1890,T+15,Society_D,4.4,-1.0,LOCAL_NODE_FAILURE,Local Node Failure
Poland,1891,T+16,Society_D,4.4,-1.0,LOCAL_NODE_FAILURE,Local Node Failure
Poland,1892,T+17,Society_D,4.4,-1.0,LOCAL_NODE_FAILURE,Local Node Failure
Poland,1893,T+18,Society_D,4.4,-1.0,LOCAL_NODE_FAILURE,Local Node Failure
Poland,1894,T+19,Society_D,4.4,-1.0,LOCAL_NODE_FAILURE,Local Node Failure
Poland,1895,T+20,Society_D,4.45,-1.0,LOCAL_NODE_FAILURE,Local Node Failure
Poland,1896,T+21,Society_D,4.45,-1.0,LOCAL_NODE_FAILURE,Local Node Failure
Poland,1897,T+22,Society_D,4.45,-1.0,LOCAL_NODE_FAILURE,Local Node Failure
Poland,1898,T+23,Society_D,4.45,-1.0,LOCAL_NODE_FAILURE,Local Node Failure
Poland,1899,T+24,Society_D,4.45,-1.0,LOCAL_NODE_FAILURE,Local Node Failure
Poland,1900,T+25,Society_D,4.65,-1.0,LOCAL_NODE_FAILURE,Local Node Failure
Poland,1901,T+26,Society_D,4.65,-1.0,LOCAL_NODE_FAILURE,Local Node Failure
Poland,1902,T+27,Society_D,4.65,-1.0,LOCAL_NODE_FAILURE,Local Node Failure
Poland,1903,T+28,Society_D,4.65,-1.0,LOCAL_NODE_FAILURE,Local Node Failure
Poland,1904,T+29,Society_D,4.65,-1.0,LOCAL_NODE_FAILURE,Local Node Failure
Poland,1905,T+30,Society_D,3.837,-1.9,LOCAL_NODE_FAILURE,Local Node Failure
Poland,1906,T+31,Society_D,4.725,-1.0,LOCAL_NODE_FAILURE,Local Node Failure
Poland,1907,T+32,Society_D,4.725,-1.0,LOCAL_NODE_FAILURE,Local Node Failure
Poland,1908,T+33,Society_D,4.725,-1.0,LOCAL_NODE_FAILURE,Local Node Failure
Poland,1909,T+34,Society_D,4.725,-1.0,LOCAL_NODE_FAILURE,Local Node Failure
Poland,1910,T+35,Society_D,4.725,-1.0,LOCAL_NODE_FAILURE,Local Node Failure
Poland,1911,T+36,Society_D,4.725,-1.0,LOCAL_NODE_FAILURE,Local Node Failure
Poland,1912,T+37,Society_D,4.912,1.0,MODERATE_STRESS,Moderate Stress
Poland,1913,T+38,Society_D,5.088,1.5,MODERATE_STRESS,Moderate Stress
Poland,1914,T+39,Society_D,2.975,-0.0,SYSTEMIC_CRISIS,Systemic Crisis
Poland,1915,T+40,Society_D,1.25,-1.0,LOCAL_NODE_FAILURE,Local Node Failure
Poland,1916,T+41,Society_D,1.387,-1.0,LOCAL_NODE_FAILURE,Local Node Failure
Poland,1917,T+42,Society_D,3.462,0.5,SYSTEMIC_CRISIS,Systemic Crisis
Poland,1918,T+43,Society_D,4.312,1.5,MODERATE_STRESS,Moderate Stress
Poland,1919,T+44,Society_D,5.662,3.5,MODERATE_STRESS,Moderate Stress
Poland,1920,T+45,Society_D,5.325,2.5,MODERATE_STRESS,Moderate Stress
Poland,1921,T+46,Society_D,7.6,4.5,FRAGMENTED,Fragmented-Capable
Poland,1922,T+47,Society_D,7.775,4.5,FRAGMENTED,Fragmented-Capable
Poland,1923,T+48,Society_D,7.062,4.5,FRAGMENTED,Fragmented-Capable
Poland,1924,T+49,Society_D,7.562,5.5,FRAGMENTED,Fragmented-Capable
Poland,1925,T+50,Society_D,7.812,5.5,FRAGMENTED,Fragmented-Capable
Poland,1926,T+51,Society_D,7.688,5.5,FRAGMENTED,Fragmented-Capable
Poland,1927,T+52,Society_D,7.987,5.5,FRAGMENTED,Fragmented-Capable
Poland,1928,T+53,Society_D,8.113,6.5,STRAINED_COHERENT,Strained-Coherent
Poland,1929,T+54,Society_D,7.562,4.5,FRAGMENTED,Fragmented-Capable
Poland,1930,T+55,Society_D,7.362,4.5,FRAGMENTED,Fragmented-Capable
Poland,1931,T+56,Society_D,6.312,3.5,MODERATE_STRESS,Moderate Stress
Poland,1932,T+57,Society_D,6.312,3.5,MODERATE_STRESS,Moderate Stress
Poland,1933,T+58,Society_D,6.862,4.5,FRAGMENTED,Fragmented-Capable
Poland,1934,T+59,Society_D,7.412,4.5,FRAGMENTED,Fragmented-Capable
Poland,1935,T+60,Society_D,7.638,5.5,FRAGMENTED,Fragmented-Capable
Poland,1936,T+61,Society_D,7.562,5.5,FRAGMENTED,Fragmented-Capable
Poland,1937,T+62,Society_D,7.062,4.5,FRAGMENTED,Fragmented-Capable
Poland,1938,T+63,Society_D,6.238,3.9,MODERATE_STRESS,Moderate Stress
Poland,1939,T+64,Society_D,1.025,-1.5,LOCAL_NODE_FAILURE,Local Node Failure
Poland,1940,T+65,Society_D,-1.188,-4.0,LOCAL_NODE_FAILURE,Local Node Failure
Poland,1941,T+66,Society_D,-1.188,-4.0,LOCAL_NODE_FAILURE,Local Node Failure
Poland,1942,T+67,Society_D,-1.062,-4.0,LOCAL_NODE_FAILURE,Local Node Failure
Poland,1943,T+68,Society_D,-0.75,-4.0,LOCAL_NODE_FAILURE,Local Node Failure
Poland,1944,T+69,Society_D,-0.512,-4.0,LOCAL_NODE_FAILURE,Local Node Failure
Poland,1945,T+70,Society_D,-1.613,-4.0,LOCAL_NODE_FAILURE,Local Node Failure
Poland,1946,T+71,Society_D,2.488,0.0,SYSTEMIC_CRISIS,Systemic Crisis
Poland,1947,T+72,Society_D,4.65,3.5,MODERATE_STRESS,Moderate Stress
Poland,1948,T+73,Society_D,5.65,4.5,MODERATE_STRESS,Moderate Stress
Poland,1949,T+74,Society_D,6.7,5.4,FRAGMENTED,Fragmented-Capable
Poland,1950,T+75,Society_D,7.55,6.4,FRAGMENTED,Fragmented-Capable
Poland,1951,T+76,Society_D,7.55,6.4,FRAGMENTED,Fragmented-Capable
Poland,1952,T+77,Society_D,7.55,6.4,FRAGMENTED,Fragmented-Capable
Poland,1953,T+78,Society_D,7.625,6.8,FRAGMENTED,Fragmented-Capable
Poland,1954,T+79,Society_D,7.6,6.8,FRAGMENTED,Fragmented-Capable
Poland,1955,T+80,Society_D,7.688,7.0,FRAGMENTED,Fragmented-Capable
Poland,1956,T+81,Society_D,6.637,5.5,FRAGMENTED,Fragmented-Capable
Poland,1957,T+82,Society_D,7.688,7.0,FRAGMENTED,Fragmented-Capable
Poland,1958,T+83,Society_D,7.625,7.0,FRAGMENTED,Fragmented-Capable
Poland,1959,T+84,Society_D,7.625,7.0,FRAGMENTED,Fragmented-Capable
Poland,1960,T+85,Society_D,7.625,7.0,FRAGMENTED,Fragmented-Capable
Poland,1961,T+86,Society_D,7.625,7.0,FRAGMENTED,Fragmented-Capable
Poland,1962,T+87,Society_D,7.625,7.0,FRAGMENTED,Fragmented-Capable
Poland,1963,T+88,Society_D,7.625,7.0,FRAGMENTED,Fragmented-Capable
Poland,1964,T+89,Society_D,7.625,7.0,FRAGMENTED,Fragmented-Capable
Poland,1965,T+90,Society_D,7.625,7.0,FRAGMENTED,Fragmented-Capable
Poland,1966,T+91,Society_D,7.625,7.0,FRAGMENTED,Fragmented-Capable
Poland,1967,T+92,Society_D,7.5,7.0,FRAGMENTED,Fragmented-Capable
Poland,1968,T+93,Society_D,7.075,6.5,FRAGMENTED,Fragmented-Capable
Poland,1969,T+94,Society_D,7.625,7.0,FRAGMENTED,Fragmented-Capable
Poland,1970,T+95,Society_D,7.125,5.5,FRAGMENTED,Fragmented-Capable
Poland,1971,T+96,Society_D,7.775,7.0,FRAGMENTED,Fragmented-Capable
Poland,1972,T+97,Society_D,7.775,7.0,FRAGMENTED,Fragmented-Capable
Poland,1973,T+98,Society_D,7.875,7.0,FRAGMENTED,Fragmented-Capable
Poland,1974,T+99,Society_D,7.875,7.0,FRAGMENTED,Fragmented-Capable
Poland,1975,T+100,Society_D,7.875,7.0,FRAGMENTED,Fragmented-Capable
Poland,1976,T+101,Society_D,7.15,6.0,FRAGMENTED,Fragmented-Capable
Poland,1977,T+102,Society_D,7.75,7.0,FRAGMENTED,Fragmented-Capable
Poland,1978,T+103,Society_D,7.912,7.0,FRAGMENTED,Fragmented-Capable
Poland,1979,T+104,Society_D,7.75,6.5,FRAGMENTED,Fragmented-Capable
Poland,1980,T+105,Society_D,6.938,4.5,FRAGMENTED,Fragmented-Capable
Poland,1981,T+106,Society_D,5.312,2.5,MODERATE_STRESS,Moderate Stress
Poland,1982,T+107,Society_D,5.75,3.5,MODERATE_STRESS,Moderate Stress
Poland,1983,T+108,Society_D,6.375,4.5,FRAGMENTED,Fragmented-Capable
Poland,1984,T+109,Society_D,7.05,5.9,FRAGMENTED,Fragmented-Capable
Poland,1985,T+110,Society_D,7.05,5.5,FRAGMENTED,Fragmented-Capable
Poland,1986,T+111,Society_D,6.875,5.5,FRAGMENTED,Fragmented-Capable
Poland,1987,T+112,Society_D,5.963,3.5,MODERATE_STRESS,Moderate Stress
Poland,1988,T+113,Society_D,5.825,3.5,MODERATE_STRESS,Moderate Stress
Poland,1989,T+114,Society_D,6.312,3.5,MODERATE_STRESS,Moderate Stress
Poland,1990,T+115,Society_D,4.925,2.5,MODERATE_STRESS,Moderate Stress
Poland,1991,T+116,Society_D,4.875,2.5,MODERATE_STRESS,Moderate Stress
Poland,1992,T+117,Society_D,5.525,2.5,MODERATE_STRESS,Moderate Stress
Poland,1993,T+118,Society_D,6.85,4.3,FRAGMENTED,Fragmented-Capable
Poland,1994,T+119,Society_D,7.675,6.3,FRAGMENTED,Fragmented-Capable
Poland,1995,T+120,Society_D,8.8,6.5,STRAINED_COHERENT,Strained-Coherent
Poland,1996,T+121,Society_D,9.175,7.5,STRAINED_COHERENT,Strained-Coherent
Poland,1997,T+122,Society_D,9.238,7.5,STRAINED_COHERENT,Strained-Coherent
Poland,1998,T+123,Society_D,9.238,7.5,STRAINED_COHERENT,Strained-Coherent
Poland,1999,T+124,Society_D,9.238,7.5,STRAINED_COHERENT,Strained-Coherent
Poland,2000,T+125,Society_D,9.375,7.5,STRAINED_COHERENT,Strained-Coherent
Poland,2001,T+126,Society_D,9.375,7.5,STRAINED_COHERENT,Strained-Coherent
Poland,2002,T+127,Society_D,9.375,7.5,STRAINED_COHERENT,Strained-Coherent
Poland,2003,T+128,Society_D,9.575,7.5,STRAINED_COHERENT,Strained-Coherent
Poland,2004,T+129,Society_D,10.525,8.1,STRAINED_COHERENT,Strained-Coherent
Poland,2005,T+130,Society_D,10.475,8.1,STRAINED_COHERENT,Strained-Coherent
Poland,2006,T+131,Society_D,10.275,8.1,STRAINED_COHERENT,Strained-Coherent
Poland,2007,T+132,Society_D,10.675,9.5,STRAINED_COHERENT,Strained-Coherent
Poland,2008,T+133,Society_D,10.35,8.5,STRAINED_COHERENT,Strained-Coherent
Poland,2009,T+134,Society_D,10.625,8.5,STRAINED_COHERENT,Strained-Coherent
Poland,2010,T+135,Society_D,10.475,8.5,STRAINED_COHERENT,Strained-Coherent
Poland,2011,T+136,Society_D,10.65,9.5,STRAINED_COHERENT,Strained-Coherent
Poland,2012,T+137,Society_D,10.775,9.5,STRAINED_COHERENT,Strained-Coherent
Poland,2013,T+138,Society_D,10.775,9.5,STRAINED_COHERENT,Strained-Coherent
Poland,2014,T+139,Society_D,10.625,9.5,STRAINED_COHERENT,Strained-Coherent
Poland,2015,T+140,Society_D,10.375,8.5,STRAINED_COHERENT,Strained-Coherent
Poland,2016,T+141,Society_D,9.625,8.0,STRAINED_COHERENT,Strained-Coherent
Poland,2017,T+142,Society_D,9.625,8.0,STRAINED_COHERENT,Strained-Coherent
Poland,2018,T+143,Society_D,9.5,8.0,STRAINED_COHERENT,Strained-Coherent
Poland,2019,T+144,Society_D,9.5,8.0,STRAINED_COHERENT,Strained-Coherent
Poland,2020,T+145,Society_D,8.125,6.5,STRAINED_COHERENT,Strained-Coherent
Poland,2021,T+146,Society_D,9.125,8.0,STRAINED_COHERENT,Strained-Coherent
Poland,2022,T+147,Society_D,8.9,7.0,STRAINED_COHERENT,Strained-Coherent
Poland,2023,T+148,Society_D,9.875,8.0,STRAINED_COHERENT,Strained-Coherent
Poland,2024,T+149,Society_D,10.287,8.5,STRAINED_COHERENT,Strained-Coherent
Poland,2025,T+150,Society_D,10.287,8.5,STRAINED_COHERENT,Strained-Coherent
Poland,2026,T+151,Society_D,10.287,8.5,STRAINED_COHERENT,Strained-Coherent
Russia,1800,T+0,Society_A,7.963,2.9,MODERATE_STRESS,Moderate Stress
Russia,1801,T+1,Society_A,7.575,4.4,FRAGMENTED,Fragmented-Capable
Russia,1802,T+2,Society_A,7.675,3.6,MODERATE_STRESS,Moderate Stress
Russia,1803,T+3,Society_A,7.625,2.7,MODERATE_STRESS,Moderate Stress
Russia,1804,T+4,Society_A,7.8,3.7,MODERATE_STRESS,Moderate Stress
Russia,1805,T+5,Society_A,7.413,4.2,FRAGMENTED,Fragmented-Capable
Russia,1806,T+6,Society_A,6.888,3.9,MODERATE_STRESS,Moderate Stress
Russia,1807,T+7,Society_A,7.3,3.3,MODERATE_STRESS,Moderate Stress
Russia,1808,T+8,Society_A,7.775,3.4,MODERATE_STRESS,Moderate Stress
Russia,1809,T+9,Society_A,7.85,3.6,MODERATE_STRESS,Moderate Stress
Russia,1810,T+10,Society_A,7.638,3.5,MODERATE_STRESS,Moderate Stress
Russia,1811,T+11,Society_A,7.888,3.5,MODERATE_STRESS,Moderate Stress
Russia,1812,T+12,Society_A,5.112,-1.7,LOCAL_NODE_FAILURE,Local Node Failure
Russia,1813,T+13,Society_A,7.363,3.2,MODERATE_STRESS,Moderate Stress
Russia,1814,T+14,Society_A,8.588,5.2,STRAINED_COHERENT,Strained-Coherent
Russia,1815,T+15,Society_A,7.987,2.9,MODERATE_STRESS,Moderate Stress
Russia,1816,T+16,Society_A,8.025,3.9,MODERATE_STRESS,Moderate Stress
Russia,1817,T+17,Society_A,8.025,3.2,MODERATE_STRESS,Moderate Stress
Russia,1818,T+18,Society_A,8.087,3.3,MODERATE_STRESS,Moderate Stress
Russia,1819,T+19,Society_A,8.25,3.5,MODERATE_STRESS,Moderate Stress
Russia,1820,T+20,Society_A,7.95,3.5,MODERATE_STRESS,Moderate Stress
Russia,1821,T+21,Society_A,8.138,4.2,STRAINED_COHERENT,Strained-Coherent
Russia,1822,T+22,Society_A,8.037,3.6,MODERATE_STRESS,Moderate Stress
Russia,1823,T+23,Society_A,7.763,3.6,MODERATE_STRESS,Moderate Stress
Russia,1824,T+24,Society_A,8.05,4.2,STRAINED_COHERENT,Strained-Coherent
Russia,1825,T+25,Society_A,6.312,3.7,MODERATE_STRESS,Moderate Stress
Russia,1826,T+26,Society_A,8.637,3.3,MODERATE_STRESS,Moderate Stress
Russia,1827,T+27,Society_A,8.65,2.5,MODERATE_STRESS,Moderate Stress
Russia,1828,T+28,Society_A,8.887,3.7,MODERATE_STRESS,Moderate Stress
Russia,1829,T+29,Society_A,9.25,3.2,MODERATE_STRESS,Moderate Stress
Russia,1830,T+30,Society_A,8.637,3.1,MODERATE_STRESS,Moderate Stress
Russia,1831,T+31,Society_A,8.488,3.3,MODERATE_STRESS,Moderate Stress
Russia,1832,T+32,Society_A,8.95,3.8,MODERATE_STRESS,Moderate Stress
Russia,1833,T+33,Society_A,8.812,2.8,MODERATE_STRESS,Moderate Stress
Russia,1834,T+34,Society_A,8.775,2.8,MODERATE_STRESS,Moderate Stress
Russia,1835,T+35,Society_A,8.988,3.5,MODERATE_STRESS,Moderate Stress
Russia,1836,T+36,Society_A,8.662,4.2,STRAINED_COHERENT,Strained-Coherent
Russia,1837,T+37,Society_A,8.637,3.1,MODERATE_STRESS,Moderate Stress
Russia,1838,T+38,Society_A,8.475,3.9,MODERATE_STRESS,Moderate Stress
Russia,1839,T+39,Society_A,8.725,3.4,MODERATE_STRESS,Moderate Stress
Russia,1840,T+40,Society_A,8.512,3.9,MODERATE_STRESS,Moderate Stress
Russia,1841,T+41,Society_A,8.75,3.7,MODERATE_STRESS,Moderate Stress
Russia,1842,T+42,Society_A,8.525,3.2,MODERATE_STRESS,Moderate Stress
Russia,1843,T+43,Society_A,8.562,3.5,MODERATE_STRESS,Moderate Stress
Russia,1844,T+44,Society_A,8.475,3.2,MODERATE_STRESS,Moderate Stress
Russia,1845,T+45,Society_A,8.838,3.5,MODERATE_STRESS,Moderate Stress
Russia,1846,T+46,Society_A,8.65,3.7,MODERATE_STRESS,Moderate Stress
Russia,1847,T+47,Society_A,8.85,3.9,MODERATE_STRESS,Moderate Stress
Russia,1848,T+48,Society_A,8.787,3.3,MODERATE_STRESS,Moderate Stress
Russia,1849,T+49,Society_A,8.663,2.9,MODERATE_STRESS,Moderate Stress
Russia,1850,T+50,Society_A,8.425,2.5,MODERATE_STRESS,Moderate Stress
Russia,1851,T+51,Society_A,8.675,3.4,MODERATE_STRESS,Moderate Stress
Russia,1852,T+52,Society_A,8.9,3.7,MODERATE_STRESS,Moderate Stress
Russia,1853,T+53,Society_A,7.312,3.3,MODERATE_STRESS,Moderate Stress
Russia,1854,T+54,Society_A,5.375,1.8,MODERATE_STRESS,Moderate Stress
Russia,1855,T+55,Society_A,4.537,0.7,MODERATE_STRESS,Moderate Stress
Russia,1856,T+56,Society_A,6.075,3.1,MODERATE_STRESS,Moderate Stress
Russia,1857,T+57,Society_A,7.7,4.5,FRAGMENTED,Fragmented-Capable
Russia,1858,T+58,Society_A,7.888,3.2,MODERATE_STRESS,Moderate Stress
Russia,1859,T+59,Society_A,7.688,3.6,MODERATE_STRESS,Moderate Stress
Russia,1860,T+60,Society_A,7.825,3.9,MODERATE_STRESS,Moderate Stress
Russia,1861,T+61,Society_A,7.175,5.0,FRAGMENTED,Fragmented-Capable
Russia,1862,T+62,Society_A,8.062,5.5,STRAINED_COHERENT,Strained-Coherent
Russia,1863,T+63,Society_A,8.4,6.1,STRAINED_COHERENT,Strained-Coherent
Russia,1864,T+64,Society_A,8.15,5.6,STRAINED_COHERENT,Strained-Coherent
Russia,1865,T+65,Society_A,8.312,5.8,STRAINED_COHERENT,Strained-Coherent
Russia,1866,T+66,Society_A,8.463,6.2,STRAINED_COHERENT,Strained-Coherent
Russia,1867,T+67,Society_A,8.325,6.0,STRAINED_COHERENT,Strained-Coherent
Russia,1868,T+68,Society_A,8.4,5.3,STRAINED_COHERENT,Strained-Coherent
Russia,1869,T+69,Society_A,8.363,5.5,STRAINED_COHERENT,Strained-Coherent
Russia,1870,T+70,Society_A,8.4,6.0,STRAINED_COHERENT,Strained-Coherent
Russia,1871,T+71,Society_A,8.5,6.6,STRAINED_COHERENT,Strained-Coherent
Russia,1872,T+72,Society_A,8.25,5.8,STRAINED_COHERENT,Strained-Coherent
Russia,1873,T+73,Society_A,8.413,6.1,STRAINED_COHERENT,Strained-Coherent
Russia,1874,T+74,Society_A,8.6,6.1,STRAINED_COHERENT,Strained-Coherent
Russia,1875,T+75,Society_A,8.587,5.6,STRAINED_COHERENT,Strained-Coherent
Russia,1876,T+76,Society_A,8.137,6.2,STRAINED_COHERENT,Strained-Coherent
Russia,1877,T+77,Society_A,7.938,4.9,FRAGMENTED,Fragmented-Capable
Russia,1878,T+78,Society_A,8.588,6.0,STRAINED_COHERENT,Strained-Coherent
Russia,1879,T+79,Society_A,8.088,6.1,STRAINED_COHERENT,Strained-Coherent
Russia,1880,T+80,Society_A,8.413,5.3,STRAINED_COHERENT,Strained-Coherent
Russia,1881,T+81,Society_A,6.075,5.4,FRAGMENTED,Fragmented-Capable
Russia,1882,T+82,Society_A,8.637,3.4,MODERATE_STRESS,Moderate Stress
Russia,1883,T+83,Society_A,8.488,3.5,MODERATE_STRESS,Moderate Stress
Russia,1884,T+84,Society_A,9.025,3.8,MODERATE_STRESS,Moderate Stress
Russia,1885,T+85,Society_A,8.7,3.9,MODERATE_STRESS,Moderate Stress
Russia,1886,T+86,Society_A,8.725,3.6,MODERATE_STRESS,Moderate Stress
Russia,1887,T+87,Society_A,8.8,3.5,MODERATE_STRESS,Moderate Stress
Russia,1888,T+88,Society_A,8.812,4.7,STRAINED_COHERENT,Strained-Coherent
Russia,1889,T+89,Society_A,8.863,4.4,STRAINED_COHERENT,Strained-Coherent
Russia,1890,T+90,Society_A,8.65,3.9,MODERATE_STRESS,Moderate Stress
Russia,1891,T+91,Society_A,8.7,3.6,MODERATE_STRESS,Moderate Stress
Russia,1892,T+92,Society_A,9.075,3.8,MODERATE_STRESS,Moderate Stress
Russia,1893,T+93,Society_A,8.425,2.7,MODERATE_STRESS,Moderate Stress
Russia,1894,T+94,Society_A,8.688,2.9,MODERATE_STRESS,Moderate Stress
Russia,1895,T+95,Society_A,9.175,3.8,MODERATE_STRESS,Moderate Stress
Russia,1896,T+96,Society_A,9.175,3.7,MODERATE_STRESS,Moderate Stress
Russia,1897,T+97,Society_A,8.963,4.6,STRAINED_COHERENT,Strained-Coherent
Russia,1898,T+98,Society_A,9.238,4.0,STRAINED_COHERENT,Strained-Coherent
Russia,1899,T+99,Society_A,8.938,3.2,MODERATE_STRESS,Moderate Stress
Russia,1900,T+100,Society_A,9.213,4.3,STRAINED_COHERENT,Strained-Coherent
Russia,1901,T+101,Society_A,9.225,4.7,STRAINED_COHERENT,Strained-Coherent
Russia,1902,T+102,Society_A,9.037,3.1,MODERATE_STRESS,Moderate Stress
Russia,1903,T+103,Society_A,9.0,3.9,MODERATE_STRESS,Moderate Stress
Russia,1904,T+104,Society_A,5.65,3.1,MODERATE_STRESS,Moderate Stress
Russia,1905,T+105,Society_A,2.45,0.0,SYSTEMIC_CRISIS,Systemic Crisis
Russia,1906,T+106,Society_A,9.137,7.7,STRAINED_COHERENT,Strained-Coherent
Russia,1907,T+107,Society_A,8.962,6.6,STRAINED_COHERENT,Strained-Coherent
Russia,1908,T+108,Society_A,8.8,6.8,STRAINED_COHERENT,Strained-Coherent
Russia,1909,T+109,Society_A,8.812,7.4,STRAINED_COHERENT,Strained-Coherent
Russia,1910,T+110,Society_A,8.65,7.1,STRAINED_COHERENT,Strained-Coherent
Russia,1911,T+111,Society_A,8.913,7.4,STRAINED_COHERENT,Strained-Coherent
Russia,1912,T+112,Society_A,8.587,6.8,STRAINED_COHERENT,Strained-Coherent
Russia,1913,T+113,Society_A,9.0,7.4,STRAINED_COHERENT,Strained-Coherent
Russia,1914,T+114,Society_A,8.713,6.4,STRAINED_COHERENT,Strained-Coherent
Russia,1915,T+115,Society_A,5.738,3.2,MODERATE_STRESS,Moderate Stress
Russia,1916,T+116,Society_A,3.725,-0.2,SYSTEMIC_CRISIS,Systemic Crisis
Russia,1917,T+117,Society_A,-1.825,-4.1,LOCAL_NODE_FAILURE,Local Node Failure
Russia,1918,T+118,Society_A,-0.387,-3.5,LOCAL_NODE_FAILURE,Local Node Failure
Russia,1919,T+119,Society_A,0.688,-3.5,LOCAL_NODE_FAILURE,Local Node Failure
Russia,1920,T+120,Society_A,1.65,-3.4,LOCAL_NODE_FAILURE,Local Node Failure
Russia,1921,T+121,Society_A,2.95,-0.5,SYSTEMIC_CRISIS,Systemic Crisis
Russia,1922,T+122,Society_A,7.2,4.0,FRAGMENTED,Fragmented-Capable
Russia,1923,T+123,Society_A,7.225,5.0,FRAGMENTED,Fragmented-Capable
Russia,1924,T+124,Society_A,6.637,4.2,FRAGMENTED,Fragmented-Capable
Russia,1925,T+125,Society_A,7.575,4.1,FRAGMENTED,Fragmented-Capable
Russia,1926,T+126,Society_A,7.15,3.3,MODERATE_STRESS,Moderate Stress
Russia,1927,T+127,Society_A,7.6,5.1,FRAGMENTED,Fragmented-Capable
Russia,1928,T+128,Society_A,6.188,-0.9,LOCAL_NODE_FAILURE,Local Node Failure
Russia,1929,T+129,Society_A,5.65,-2.1,LOCAL_NODE_FAILURE,Local Node Failure
Russia,1930,T+130,Society_A,5.263,-4.3,LOCAL_NODE_FAILURE,Local Node Failure
Russia,1931,T+131,Society_A,4.65,-4.6,LOCAL_NODE_FAILURE,Local Node Failure
Russia,1932,T+132,Society_A,4.45,-4.1,LOCAL_NODE_FAILURE,Local Node Failure
Russia,1933,T+133,Society_A,7.988,2.4,MODERATE_STRESS,Moderate Stress
Russia,1934,T+134,Society_A,8.537,3.3,MODERATE_STRESS,Moderate Stress
Russia,1935,T+135,Society_A,8.562,2.3,MODERATE_STRESS,Moderate Stress
Russia,1936,T+136,Society_A,7.425,1.7,MODERATE_STRESS,Moderate Stress
Russia,1937,T+137,Society_A,4.425,1.2,MODERATE_STRESS,Moderate Stress
Russia,1938,T+138,Society_A,4.775,1.5,MODERATE_STRESS,Moderate Stress
Russia,1939,T+139,Society_A,9.113,6.1,STRAINED_COHERENT,Strained-Coherent
Russia,1940,T+140,Society_A,9.413,6.9,STRAINED_COHERENT,Strained-Coherent
Russia,1941,T+141,Society_A,5.3,1.8,MODERATE_STRESS,Moderate Stress
Russia,1942,T+142,Society_A,5.3,1.0,MODERATE_STRESS,Moderate Stress
Russia,1943,T+143,Society_A,8.6,5.8,STRAINED_COHERENT,Strained-Coherent
Russia,1944,T+144,Society_A,10.125,4.0,STRAINED_COHERENT,Strained-Coherent
Russia,1945,T+145,Society_A,10.863,6.7,STRAINED_COHERENT,Strained-Coherent
Russia,1946,T+146,Society_A,10.188,6.1,STRAINED_COHERENT,Strained-Coherent
Russia,1947,T+147,Society_A,8.212,3.1,MODERATE_STRESS,Moderate Stress
Russia,1948,T+148,Society_A,9.988,6.4,STRAINED_COHERENT,Strained-Coherent
Russia,1949,T+149,Society_A,10.287,6.3,STRAINED_COHERENT,Strained-Coherent
Russia,1950,T+150,Society_A,9.875,5.1,STRAINED_COHERENT,Strained-Coherent
Russia,1951,T+151,Society_A,10.025,5.3,STRAINED_COHERENT,Strained-Coherent
Russia,1952,T+152,Society_A,10.413,6.6,STRAINED_COHERENT,Strained-Coherent
Russia,1953,T+153,Society_A,9.75,5.7,STRAINED_COHERENT,Strained-Coherent
Russia,1954,T+154,Society_A,10.2,6.8,STRAINED_COHERENT,Strained-Coherent
Russia,1955,T+155,Society_A,10.95,6.9,STRAINED_COHERENT,Strained-Coherent
Russia,1956,T+156,Society_A,11.162,6.3,STRAINED_COHERENT,Strained-Coherent
Russia,1957,T+157,Society_A,12.075,8.6,HIGH_COHERENCE,Coherent-Capable
Russia,1958,T+158,Society_A,12.037,7.3,HIGH_COHERENCE,Coherent-Capable
Russia,1959,T+159,Society_A,11.637,7.3,STRAINED_COHERENT,Strained-Coherent
Russia,1960,T+160,Society_A,12.312,8.1,HIGH_COHERENCE,Coherent-Capable
Russia,1961,T+161,Society_A,11.525,8.2,STRAINED_COHERENT,Strained-Coherent
Russia,1962,T+162,Society_A,11.3,8.4,STRAINED_COHERENT,Strained-Coherent
Russia,1963,T+163,Society_A,10.188,6.0,STRAINED_COHERENT,Strained-Coherent
Russia,1964,T+164,Society_A,10.3,6.8,STRAINED_COHERENT,Strained-Coherent
Russia,1965,T+165,Society_A,10.963,7.3,STRAINED_COHERENT,Strained-Coherent
Russia,1966,T+166,Society_A,11.5,8.4,STRAINED_COHERENT,Strained-Coherent
Russia,1967,T+167,Society_A,11.325,8.3,STRAINED_COHERENT,Strained-Coherent
Russia,1968,T+168,Society_A,10.75,8.2,STRAINED_COHERENT,Strained-Coherent
Russia,1969,T+169,Society_A,11.188,7.1,STRAINED_COHERENT,Strained-Coherent
Russia,1970,T+170,Society_A,11.225,8.3,STRAINED_COHERENT,Strained-Coherent
Russia,1971,T+171,Society_A,10.425,7.1,STRAINED_COHERENT,Strained-Coherent
Russia,1972,T+172,Society_A,10.387,7.2,STRAINED_COHERENT,Strained-Coherent
Russia,1973,T+173,Society_A,10.65,8.0,STRAINED_COHERENT,Strained-Coherent
Russia,1974,T+174,Society_A,10.5,7.5,STRAINED_COHERENT,Strained-Coherent
Russia,1975,T+175,Society_A,10.412,7.1,STRAINED_COHERENT,Strained-Coherent
Russia,1976,T+176,Society_A,10.275,7.4,STRAINED_COHERENT,Strained-Coherent
Russia,1977,T+177,Society_A,10.175,6.7,STRAINED_COHERENT,Strained-Coherent
Russia,1978,T+178,Society_A,10.362,6.8,STRAINED_COHERENT,Strained-Coherent
Russia,1979,T+179,Society_A,10.037,7.6,STRAINED_COHERENT,Strained-Coherent
Russia,1980,T+180,Society_A,8.688,6.9,STRAINED_COHERENT,Strained-Coherent
Russia,1981,T+181,Society_A,8.925,7.3,STRAINED_COHERENT,Strained-Coherent
Russia,1982,T+182,Society_A,8.9,7.6,STRAINED_COHERENT,Strained-Coherent
Russia,1983,T+183,Society_A,8.838,6.9,STRAINED_COHERENT,Strained-Coherent
Russia,1984,T+184,Society_A,9.0,7.0,STRAINED_COHERENT,Strained-Coherent
Russia,1985,T+185,Society_A,10.125,7.3,STRAINED_COHERENT,Strained-Coherent
Russia,1986,T+186,Society_A,9.488,6.5,STRAINED_COHERENT,Strained-Coherent
Russia,1987,T+187,Society_A,10.075,6.9,STRAINED_COHERENT,Strained-Coherent
Russia,1988,T+188,Society_A,8.5,6.4,STRAINED_COHERENT,Strained-Coherent
Russia,1989,T+189,Society_A,7.775,5.2,FRAGMENTED,Fragmented-Capable
Russia,1990,T+190,Society_A,5.225,2.4,MODERATE_STRESS,Moderate Stress
Russia,1991,T+191,Society_A,2.2,-1.6,LOCAL_NODE_FAILURE,Local Node Failure
Russia,1992,T+192,Society_A,0.912,-1.7,LOCAL_NODE_FAILURE,Local Node Failure
Russia,1993,T+193,Society_A,1.25,-0.6,SYSTEMIC_CRISIS,Systemic Crisis
Russia,1994,T+194,Society_A,0.987,-1.7,LOCAL_NODE_FAILURE,Local Node Failure
Russia,1995,T+195,Society_A,2.062,-0.1,SYSTEMIC_CRISIS,Systemic Crisis
Russia,1996,T+196,Society_A,1.413,-1.9,LOCAL_NODE_FAILURE,Local Node Failure
Russia,1997,T+197,Society_A,3.913,3.1,SYSTEMIC_CRISIS,Systemic Crisis
Russia,1998,T+198,Society_A,1.375,-1.9,LOCAL_NODE_FAILURE,Local Node Failure
Russia,1999,T+199,Society_A,3.288,2.2,SYSTEMIC_CRISIS,Systemic Crisis
Russia,2000,T+200,Society_A,8.312,7.3,STRAINED_COHERENT,Strained-Coherent
Russia,2001,T+201,Society_A,8.238,6.1,STRAINED_COHERENT,Strained-Coherent
Russia,2002,T+202,Society_A,8.1,6.4,STRAINED_COHERENT,Strained-Coherent
Russia,2003,T+203,Society_A,8.45,6.8,STRAINED_COHERENT,Strained-Coherent
Russia,2004,T+204,Society_A,11.363,7.8,STRAINED_COHERENT,Strained-Coherent
Russia,2005,T+205,Society_A,11.863,8.0,STRAINED_COHERENT,Strained-Coherent
Russia,2006,T+206,Society_A,11.587,7.2,STRAINED_COHERENT,Strained-Coherent
Russia,2007,T+207,Society_A,11.725,8.7,STRAINED_COHERENT,Strained-Coherent
Russia,2008,T+208,Society_A,10.825,8.6,STRAINED_COHERENT,Strained-Coherent
Russia,2009,T+209,Society_A,9.45,5.9,STRAINED_COHERENT,Strained-Coherent
Russia,2010,T+210,Society_A,11.45,10.5,STRAINED_COHERENT,Strained-Coherent
Russia,2011,T+211,Society_A,11.525,10.2,STRAINED_COHERENT,Strained-Coherent
Russia,2012,T+212,Society_A,10.887,7.6,STRAINED_COHERENT,Strained-Coherent
Russia,2013,T+213,Society_A,11.837,9.4,STRAINED_COHERENT,Strained-Coherent
Russia,2014,T+214,Society_A,10.988,8.8,STRAINED_COHERENT,Strained-Coherent
Russia,2015,T+215,Society_A,9.362,6.0,STRAINED_COHERENT,Strained-Coherent
Russia,2016,T+216,Society_A,9.088,4.5,STRAINED_COHERENT,Strained-Coherent
Russia,2017,T+217,Society_A,11.15,8.9,STRAINED_COHERENT,Strained-Coherent
Russia,2018,T+218,Society_A,11.062,8.0,STRAINED_COHERENT,Strained-Coherent
Russia,2019,T+219,Society_A,11.175,8.1,STRAINED_COHERENT,Strained-Coherent
Russia,2020,T+220,Society_A,8.775,5.6,STRAINED_COHERENT,Strained-Coherent
Russia,2021,T+221,Society_A,11.275,8.3,STRAINED_COHERENT,Strained-Coherent
Russia,2022,T+222,Society_A,7.113,5.0,FRAGMENTED,Fragmented-Capable
Russia,2023,T+223,Society_A,7.338,4.2,FRAGMENTED,Fragmented-Capable
Russia,2024,T+224,Society_A,7.475,5.3,FRAGMENTED,Fragmented-Capable
Russia,2025,T+225,Society_A,8.537,5.7,STRAINED_COHERENT,Strained-Coherent
Russia,2026,T+226,Society_A,8.75,7.1,STRAINED_COHERENT,Strained-Coherent
United Kingdom,1880,T+0,Society_F,14.95,7.0,HIGH_COHERENCE,Coherent-Capable
United Kingdom,1881,T+1,Society_F,14.95,7.0,HIGH_COHERENCE,Coherent-Capable
United Kingdom,1882,T+2,Society_F,14.95,7.0,HIGH_COHERENCE,Coherent-Capable
United Kingdom,1883,T+3,Society_F,14.95,7.0,HIGH_COHERENCE,Coherent-Capable
United Kingdom,1884,T+4,Society_F,15.075,8.0,HIGH_COHERENCE,Coherent-Capable
United Kingdom,1885,T+5,Society_F,14.575,7.0,HIGH_COHERENCE,Coherent-Capable
United Kingdom,1886,T+6,Society_F,14.075,7.0,HIGH_COHERENCE,Coherent-Capable
United Kingdom,1887,T+7,Society_F,14.95,7.0,HIGH_COHERENCE,Coherent-Capable
United Kingdom,1888,T+8,Society_F,14.95,7.0,HIGH_COHERENCE,Coherent-Capable
United Kingdom,1889,T+9,Society_F,14.95,7.0,HIGH_COHERENCE,Coherent-Capable
United Kingdom,1890,T+10,Society_F,14.825,6.0,HIGH_COHERENCE,Coherent-Capable
United Kingdom,1891,T+11,Society_F,14.825,6.0,HIGH_COHERENCE,Coherent-Capable
United Kingdom,1892,T+12,Society_F,14.45,6.0,HIGH_COHERENCE,Coherent-Capable
United Kingdom,1893,T+13,Society_F,14.3,6.0,HIGH_COHERENCE,Coherent-Capable
United Kingdom,1894,T+14,Society_F,14.825,6.0,HIGH_COHERENCE,Coherent-Capable
United Kingdom,1895,T+15,Society_F,14.95,7.0,HIGH_COHERENCE,Coherent-Capable
United Kingdom,1896,T+16,Society_F,14.95,7.0,HIGH_COHERENCE,Coherent-Capable
United Kingdom,1897,T+17,Society_F,14.95,7.0,HIGH_COHERENCE,Coherent-Capable
United Kingdom,1898,T+18,Society_F,14.95,7.0,HIGH_COHERENCE,Coherent-Capable
United Kingdom,1899,T+19,Society_F,14.7,7.0,HIGH_COHERENCE,Coherent-Capable
United Kingdom,1900,T+20,Society_F,14.575,7.0,HIGH_COHERENCE,Coherent-Capable
United Kingdom,1901,T+21,Society_F,14.7,7.0,HIGH_COHERENCE,Coherent-Capable
United Kingdom,1902,T+22,Society_F,14.825,7.0,HIGH_COHERENCE,Coherent-Capable
United Kingdom,1903,T+23,Society_F,14.95,7.0,HIGH_COHERENCE,Coherent-Capable
United Kingdom,1904,T+24,Society_F,14.95,7.0,HIGH_COHERENCE,Coherent-Capable
United Kingdom,1905,T+25,Society_F,14.95,7.0,HIGH_COHERENCE,Coherent-Capable
United Kingdom,1906,T+26,Society_F,14.925,7.0,HIGH_COHERENCE,Coherent-Capable
United Kingdom,1907,T+27,Society_F,14.925,7.0,HIGH_COHERENCE,Coherent-Capable
United Kingdom,1908,T+28,Society_F,14.7,6.0,HIGH_COHERENCE,Coherent-Capable
United Kingdom,1909,T+29,Society_F,14.25,6.0,HIGH_COHERENCE,Coherent-Capable
United Kingdom,1910,T+30,Society_F,13.875,6.0,HIGH_COHERENCE,Coherent-Capable
United Kingdom,1911,T+31,Society_F,13.75,5.0,HIGH_COHERENCE,Coherent-Capable
United Kingdom,1912,T+32,Society_F,13.75,5.0,HIGH_COHERENCE,Coherent-Capable
United Kingdom,1913,T+33,Society_F,14.825,7.0,HIGH_COHERENCE,Coherent-Capable
United Kingdom,1914,T+34,Society_F,12.725,7.0,HIGH_COHERENCE,Coherent-Capable
United Kingdom,1915,T+35,Society_F,11.725,7.0,STRAINED_COHERENT,Strained-Coherent
United Kingdom,1916,T+36,Society_F,11.512,6.0,STRAINED_COHERENT,Strained-Coherent
United Kingdom,1917,T+37,Society_F,10.162,5.0,STRAINED_COHERENT,Strained-Coherent
United Kingdom,1918,T+38,Society_F,11.912,7.0,STRAINED_COHERENT,Strained-Coherent
United Kingdom,1919,T+39,Society_F,11.938,5.0,STRAINED_COHERENT,Strained-Coherent
United Kingdom,1920,T+40,Society_F,11.75,5.0,STRAINED_COHERENT,Strained-Coherent
United Kingdom,1921,T+41,Society_F,10.6,1.5,MODERATE_STRESS,Moderate Stress
United Kingdom,1922,T+42,Society_F,11.975,3.5,MODERATE_STRESS,Moderate Stress
United Kingdom,1923,T+43,Society_F,12.1,3.5,MODERATE_STRESS,Moderate Stress
United Kingdom,1924,T+44,Society_F,12.6,5.5,HIGH_COHERENCE,Coherent-Capable
United Kingdom,1925,T+45,Society_F,12.975,5.5,HIGH_COHERENCE,Coherent-Capable
United Kingdom,1926,T+46,Society_F,9.762,0.5,MODERATE_STRESS,Moderate Stress
United Kingdom,1927,T+47,Society_F,12.7,5.5,HIGH_COHERENCE,Coherent-Capable
United Kingdom,1928,T+48,Society_F,12.95,5.5,HIGH_COHERENCE,Coherent-Capable
United Kingdom,1929,T+49,Society_F,12.825,5.5,HIGH_COHERENCE,Coherent-Capable
United Kingdom,1930,T+50,Society_F,10.95,2.5,MODERATE_STRESS,Moderate Stress
United Kingdom,1931,T+51,Society_F,8.588,0.5,MODERATE_STRESS,Moderate Stress
United Kingdom,1932,T+52,Society_F,9.762,0.5,MODERATE_STRESS,Moderate Stress
United Kingdom,1933,T+53,Society_F,10.637,0.5,MODERATE_STRESS,Moderate Stress
United Kingdom,1934,T+54,Society_F,11.887,2.5,MODERATE_STRESS,Moderate Stress
United Kingdom,1935,T+55,Society_F,12.012,3.5,MODERATE_STRESS,Moderate Stress
United Kingdom,1936,T+56,Society_F,11.637,3.5,MODERATE_STRESS,Moderate Stress
United Kingdom,1937,T+57,Society_F,12.887,5.5,HIGH_COHERENCE,Coherent-Capable
United Kingdom,1938,T+58,Society_F,12.387,6.5,HIGH_COHERENCE,Coherent-Capable
United Kingdom,1939,T+59,Society_F,12.35,7.0,HIGH_COHERENCE,Coherent-Capable
United Kingdom,1940,T+60,Society_F,11.4,7.5,STRAINED_COHERENT,Strained-Coherent
United Kingdom,1941,T+61,Society_F,11.525,8.5,STRAINED_COHERENT,Strained-Coherent
United Kingdom,1942,T+62,Society_F,11.488,8.5,STRAINED_COHERENT,Strained-Coherent
United Kingdom,1943,T+63,Society_F,11.475,8.5,STRAINED_COHERENT,Strained-Coherent
United Kingdom,1944,T+64,Society_F,12.35,9.5,HIGH_COHERENCE,Coherent-Capable
United Kingdom,1945,T+65,Society_F,12.537,8.5,HIGH_COHERENCE,Coherent-Capable
United Kingdom,1946,T+66,Society_F,13.05,9.5,HIGH_COHERENCE,Coherent-Capable
United Kingdom,1947,T+67,Society_F,12.55,9.5,HIGH_COHERENCE,Coherent-Capable
United Kingdom,1948,T+68,Society_F,12.75,9.5,HIGH_COHERENCE,Coherent-Capable
United Kingdom,1949,T+69,Society_F,13.0,9.5,HIGH_COHERENCE,Coherent-Capable
United Kingdom,1950,T+70,Society_F,13.375,10.5,HIGH_COHERENCE,Coherent-Capable
United Kingdom,1951,T+71,Society_F,13.5,10.5,HIGH_COHERENCE,Coherent-Capable
United Kingdom,1952,T+72,Society_F,14.0,10.5,HIGH_COHERENCE,Coherent-Capable
United Kingdom,1953,T+73,Society_F,14.0,10.5,HIGH_COHERENCE,Coherent-Capable
United Kingdom,1954,T+74,Society_F,14.0,10.5,HIGH_COHERENCE,Coherent-Capable
United Kingdom,1955,T+75,Society_F,14.0,10.5,HIGH_COHERENCE,Coherent-Capable
United Kingdom,1956,T+76,Society_F,13.375,10.5,HIGH_COHERENCE,Coherent-Capable
United Kingdom,1957,T+77,Society_F,13.75,10.5,HIGH_COHERENCE,Coherent-Capable
United Kingdom,1958,T+78,Society_F,13.125,8.5,HIGH_COHERENCE,Coherent-Capable
United Kingdom,1959,T+79,Society_F,13.875,10.5,HIGH_COHERENCE,Coherent-Capable
United Kingdom,1960,T+80,Society_F,13.875,10.5,HIGH_COHERENCE,Coherent-Capable
United Kingdom,1961,T+81,Society_F,13.875,10.5,HIGH_COHERENCE,Coherent-Capable
United Kingdom,1962,T+82,Society_F,13.875,10.5,HIGH_COHERENCE,Coherent-Capable
United Kingdom,1963,T+83,Society_F,13.625,10.5,HIGH_COHERENCE,Coherent-Capable
United Kingdom,1964,T+84,Society_F,13.875,10.5,HIGH_COHERENCE,Coherent-Capable
United Kingdom,1965,T+85,Society_F,13.875,10.5,HIGH_COHERENCE,Coherent-Capable
United Kingdom,1966,T+86,Society_F,12.688,8.0,HIGH_COHERENCE,Coherent-Capable
United Kingdom,1967,T+87,Society_F,12.188,7.0,HIGH_COHERENCE,Coherent-Capable
United Kingdom,1968,T+88,Society_F,12.188,7.0,HIGH_COHERENCE,Coherent-Capable
United Kingdom,1969,T+89,Society_F,11.938,7.0,STRAINED_COHERENT,Strained-Coherent
United Kingdom,1970,T+90,Society_F,11.688,6.0,STRAINED_COHERENT,Strained-Coherent
United Kingdom,1971,T+91,Society_F,11.188,6.0,STRAINED_COHERENT,Strained-Coherent
United Kingdom,1972,T+92,Society_F,9.688,3.5,MODERATE_STRESS,Moderate Stress
United Kingdom,1973,T+93,Society_F,10.625,6.0,STRAINED_COHERENT,Strained-Coherent
United Kingdom,1974,T+94,Society_F,8.688,2.5,MODERATE_STRESS,Moderate Stress
United Kingdom,1975,T+95,Society_F,8.188,1.5,MODERATE_STRESS,Moderate Stress
United Kingdom,1976,T+96,Society_F,8.188,1.5,MODERATE_STRESS,Moderate Stress
United Kingdom,1977,T+97,Society_F,8.188,1.5,MODERATE_STRESS,Moderate Stress
United Kingdom,1978,T+98,Society_F,8.062,1.5,MODERATE_STRESS,Moderate Stress
United Kingdom,1979,T+99,Society_F,8.475,0.5,MODERATE_STRESS,Moderate Stress
United Kingdom,1980,T+100,Society_F,8.85,-0.5,MODERATE_STRESS,Moderate Stress
United Kingdom,1981,T+101,Society_F,8.6,-0.5,MODERATE_STRESS,Moderate Stress
United Kingdom,1982,T+102,Society_F,10.738,2.5,MODERATE_STRESS,Moderate Stress
United Kingdom,1983,T+103,Society_F,11.213,2.5,MODERATE_STRESS,Moderate Stress
United Kingdom,1984,T+104,Society_F,10.588,-0.5,MODERATE_STRESS,Moderate Stress
United Kingdom,1985,T+105,Society_F,11.525,2.5,MODERATE_STRESS,Moderate Stress
United Kingdom,1986,T+106,Society_F,12.062,3.5,MODERATE_STRESS,Moderate Stress
United Kingdom,1987,T+107,Society_F,13.062,3.5,MODERATE_STRESS,Moderate Stress
United Kingdom,1988,T+108,Society_F,13.562,6.5,HIGH_COHERENCE,Coherent-Capable
United Kingdom,1989,T+109,Society_F,13.688,7.5,HIGH_COHERENCE,Coherent-Capable
United Kingdom,1990,T+110,Society_F,12.312,5.5,HIGH_COHERENCE,Coherent-Capable
United Kingdom,1991,T+111,Society_F,11.562,5.5,STRAINED_COHERENT,Strained-Coherent
United Kingdom,1992,T+112,Society_F,10.0,3.5,MODERATE_STRESS,Moderate Stress
United Kingdom,1993,T+113,Society_F,10.812,3.5,MODERATE_STRESS,Moderate Stress
United Kingdom,1994,T+114,Society_F,12.688,5.5,HIGH_COHERENCE,Coherent-Capable
United Kingdom,1995,T+115,Society_F,12.812,5.5,HIGH_COHERENCE,Coherent-Capable
United Kingdom,1996,T+116,Society_F,12.812,5.5,HIGH_COHERENCE,Coherent-Capable
United Kingdom,1997,T+117,Society_F,13.863,9.0,HIGH_COHERENCE,Coherent-Capable
United Kingdom,1998,T+118,Society_F,14.113,10.0,HIGH_COHERENCE,Coherent-Capable
United Kingdom,1999,T+119,Society_F,14.113,10.0,HIGH_COHERENCE,Coherent-Capable
United Kingdom,2000,T+120,Society_F,14.113,10.0,HIGH_COHERENCE,Coherent-Capable
United Kingdom,2001,T+121,Society_F,13.275,9.0,HIGH_COHERENCE,Coherent-Capable
United Kingdom,2002,T+122,Society_F,13.9,10.0,HIGH_COHERENCE,Coherent-Capable
United Kingdom,2003,T+123,Society_F,12.588,10.0,HIGH_COHERENCE,Coherent-Capable
United Kingdom,2004,T+124,Society_F,12.713,10.0,HIGH_COHERENCE,Coherent-Capable
United Kingdom,2005,T+125,Society_F,12.713,10.0,HIGH_COHERENCE,Coherent-Capable
United Kingdom,2006,T+126,Society_F,13.213,10.0,HIGH_COHERENCE,Coherent-Capable
United Kingdom,2007,T+127,Society_F,13.713,10.0,HIGH_COHERENCE,Coherent-Capable
United Kingdom,2008,T+128,Society_F,9.812,5.8,STRAINED_COHERENT,Strained-Coherent
United Kingdom,2009,T+129,Society_F,9.025,4.5,STRAINED_COHERENT,Strained-Coherent
United Kingdom,2010,T+130,Society_F,10.775,6.0,STRAINED_COHERENT,Strained-Coherent
United Kingdom,2011,T+131,Society_F,10.4,4.0,STRAINED_COHERENT,Strained-Coherent
United Kingdom,2012,T+132,Society_F,11.15,6.0,STRAINED_COHERENT,Strained-Coherent
United Kingdom,2013,T+133,Society_F,11.525,6.0,STRAINED_COHERENT,Strained-Coherent
United Kingdom,2014,T+134,Society_F,12.15,7.0,HIGH_COHERENCE,Coherent-Capable
United Kingdom,2015,T+135,Society_F,12.15,7.0,HIGH_COHERENCE,Coherent-Capable
United Kingdom,2016,T+136,Society_F,10.9,7.0,STRAINED_COHERENT,Strained-Coherent
United Kingdom,2017,T+137,Society_F,10.15,5.5,STRAINED_COHERENT,Strained-Coherent
United Kingdom,2018,T+138,Society_F,9.875,3.3,MODERATE_STRESS,Moderate Stress
United Kingdom,2019,T+139,Society_F,9.35,3.1,MODERATE_STRESS,Moderate Stress
United Kingdom,2020,T+140,Society_F,7.213,2.5,MODERATE_STRESS,Moderate Stress
United Kingdom,2021,T+141,Society_F,9.275,5.0,STRAINED_COHERENT,Strained-Coherent
United Kingdom,2022,T+142,Society_F,8.775,4.0,STRAINED_COHERENT,Strained-Coherent
United Kingdom,2023,T+143,Society_F,9.025,4.0,STRAINED_COHERENT,Strained-Coherent
United Kingdom,2024,T+144,Society_F,9.9,6.0,STRAINED_COHERENT,Strained-Coherent
United Kingdom,2025,T+145,Society_F,10.65,7.0,STRAINED_COHERENT,Strained-Coherent
United Kingdom,2026,T+146,Society_F,10.65,7.0,STRAINED_COHERENT,Strained-Coherent
