Nation,Year,Node,Coherence,Capacity,Stress,Abstraction,Node value,Bond strength
Denmark,1752,Executive,7.0,6.0,-2.0,5.0,18.5,11.3
Denmark,1752,Army,6.0,5.0,-1.0,4.0,16.0,10.0
Denmark,1752,Priests,8.0,4.0,-3.0,6.0,18.0,11.7
Denmark,1752,Property,7.0,6.0,-2.0,5.0,18.5,11.3
Denmark,1752,Trades/Professions,6.0,5.0,-1.0,4.0,16.0,10.0
Denmark,1752,Proletariat,5.0,4.0,0.0,3.0,12.5,8.3
Denmark,1752,StateMemory,9.0,3.0,-4.0,7.0,18.5,12.0
Denmark,1752,Shopkeepers/Merchants,6.0,5.0,-1.0,4.0,16.0,10.0
Denmark,1754,Executive,7.0,6.0,-2.0,5.0,18.5,11.3
Denmark,1754,Army,6.0,5.0,-1.0,4.0,16.0,10.0
Denmark,1754,Priests,8.0,4.0,-3.0,6.0,18.0,11.7
Denmark,1754,Property,7.0,6.0,-2.0,5.0,18.5,11.3
Denmark,1754,Trades/Professions,6.0,5.0,-1.0,4.0,16.0,10.0
Denmark,1754,Proletariat,5.0,4.0,0.0,3.0,12.5,8.3
Denmark,1754,StateMemory,9.0,3.0,-4.0,7.0,18.5,12.0
Denmark,1754,Shopkeepers/Merchants,6.0,5.0,-1.0,4.0,16.0,10.0
Denmark,1756,Executive,7.0,6.0,-2.0,5.0,18.5,11.3
Denmark,1756,Army,6.0,5.0,-1.0,4.0,16.0,10.0
Denmark,1756,Priests,8.0,4.0,-3.0,6.0,18.0,11.7
Denmark,1756,Property,7.0,6.0,-2.0,5.0,18.5,11.3
Denmark,1756,Trades/Professions,6.0,5.0,-1.0,4.0,16.0,10.0
Denmark,1756,Proletariat,5.0,4.0,0.0,3.0,12.5,8.3
Denmark,1756,StateMemory,9.0,3.0,-4.0,7.0,18.5,12.0
Denmark,1756,Shopkeepers/Merchants,6.0,5.0,-1.0,4.0,16.0,10.0
Denmark,1758,Executive,7.0,6.0,-2.0,5.0,18.5,11.3
Denmark,1758,Army,6.0,5.0,-1.0,4.0,16.0,10.0
Denmark,1758,Priests,8.0,4.0,-3.0,6.0,18.0,11.7
Denmark,1758,Property,7.0,6.0,-2.0,5.0,18.5,11.3
Denmark,1758,Trades/Professions,6.0,5.0,-1.0,4.0,16.0,10.0
Denmark,1758,Proletariat,5.0,4.0,0.0,3.0,12.5,8.3
Denmark,1758,StateMemory,9.0,3.0,-4.0,7.0,18.5,12.0
Denmark,1758,Shopkeepers/Merchants,6.0,5.0,-1.0,4.0,16.0,10.0
Denmark,1762,Executive,6.0,5.0,-2.0,4.0,15.0,7.7
Denmark,1762,Army,5.0,4.0,-1.0,3.0,12.5,6.8
Denmark,1762,Priests,4.0,3.0,0.0,2.0,9.0,5.2
Denmark,1762,Property,7.0,6.0,-3.0,5.0,17.5,9.1
Denmark,1762,Trades/Professions,6.0,5.0,-1.0,4.0,15.0,7.7
Denmark,1762,Proletariat,5.0,4.0,0.0,3.0,12.0,6.3
Denmark,1762,StateMemory,3.0,2.0,1.0,1.0,5.5,3.6
Denmark,1762,Shopkeepers/Merchants,4.0,3.0,0.0,2.0,9.0,5.2
Denmark,1764,Executive,6.0,5.0,-2.0,4.0,15.0,7.7
Denmark,1764,Army,5.0,4.0,-1.0,3.0,12.5,6.8
Denmark,1764,Priests,4.0,3.0,0.0,2.0,9.0,5.2
Denmark,1764,Property,7.0,6.0,-3.0,5.0,17.5,9.1
Denmark,1764,Trades/Professions,6.0,5.0,-1.0,4.0,15.0,7.7
Denmark,1764,Proletariat,5.0,4.0,0.0,3.0,12.0,6.3
Denmark,1764,StateMemory,3.0,2.0,1.0,1.0,5.5,3.6
Denmark,1764,Shopkeepers/Merchants,4.0,3.0,0.0,2.0,9.0,5.2
Denmark,1766,Executive,6.0,5.0,-2.0,4.0,15.0,7.7
Denmark,1766,Army,5.0,4.0,-1.0,3.0,12.5,6.8
Denmark,1766,Priests,4.0,3.0,0.0,2.0,9.0,5.2
Denmark,1766,Property,7.0,6.0,-3.0,5.0,17.5,9.1
Denmark,1766,Trades/Professions,6.0,5.0,-1.0,4.0,15.0,7.7
Denmark,1766,Proletariat,5.0,4.0,0.0,3.0,12.0,6.3
Denmark,1766,StateMemory,3.0,2.0,1.0,1.0,5.5,3.6
Denmark,1766,Shopkeepers/Merchants,4.0,3.0,0.0,2.0,9.0,5.2
Denmark,1768,Executive,6.0,5.0,-2.0,4.0,15.0,7.7
Denmark,1768,Army,5.0,4.0,-1.0,3.0,12.5,6.8
Denmark,1768,Priests,4.0,3.0,0.0,2.0,9.0,5.2
Denmark,1768,Property,7.0,6.0,-3.0,5.0,17.5,9.1
Denmark,1768,Trades/Professions,6.0,5.0,-1.0,4.0,15.0,7.7
Denmark,1768,Proletariat,5.0,4.0,0.0,3.0,12.0,6.3
Denmark,1768,StateMemory,3.0,2.0,1.0,1.0,5.5,3.6
Denmark,1768,Shopkeepers/Merchants,4.0,3.0,0.0,2.0,9.0,5.2
Denmark,1802,Executive,6.0,6.0,-4.0,5.0,18.5,8.2
Denmark,1802,Army,5.0,5.0,-3.0,4.0,15.5,7.1
Denmark,1802,Priests,4.0,3.0,-1.0,2.0,10.0,5.8
Denmark,1802,Property,7.0,7.0,-5.0,6.0,20.0,9.4
Denmark,1802,Trades/Professions,6.0,6.0,-3.0,5.0,19.0,7.9
Denmark,1802,Proletariat,5.0,5.0,-1.0,4.0,17.0,6.9
Denmark,1802,StateMemory,3.0,3.0,-1.0,2.0,8.0,4.4
Denmark,1802,Shopkeepers/Merchants,4.0,4.0,-1.0,3.0,13.0,5.9
Denmark,1804,Executive,6.0,6.0,-4.0,5.0,18.5,8.2
Denmark,1804,Army,5.0,5.0,-3.0,4.0,15.5,7.1
Denmark,1804,Priests,4.0,3.0,-1.0,2.0,10.0,5.8
Denmark,1804,Property,7.0,7.0,-5.0,6.0,20.0,9.4
Denmark,1804,Trades/Professions,6.0,6.0,-3.0,5.0,19.0,7.9
Denmark,1804,Proletariat,5.0,5.0,-1.0,4.0,17.0,6.9
Denmark,1804,StateMemory,3.0,3.0,-1.0,2.0,8.0,4.4
Denmark,1804,Shopkeepers/Merchants,4.0,4.0,-1.0,3.0,13.0,5.9
Denmark,1806,Executive,6.0,6.0,-4.0,5.0,18.5,8.2
Denmark,1806,Army,5.0,5.0,-3.0,4.0,15.5,7.1
Denmark,1806,Priests,4.0,3.0,-1.0,2.0,10.0,5.8
Denmark,1806,Property,7.0,7.0,-5.0,6.0,20.0,9.4
Denmark,1806,Trades/Professions,6.0,6.0,-3.0,5.0,19.0,7.9
Denmark,1806,Proletariat,5.0,5.0,-1.0,4.0,17.0,6.9
Denmark,1806,StateMemory,3.0,3.0,-1.0,2.0,8.0,4.4
Denmark,1806,Shopkeepers/Merchants,4.0,4.0,-1.0,3.0,13.0,5.9
Denmark,1808,Executive,6.0,6.0,-4.0,5.0,18.5,8.2
Denmark,1808,Army,5.0,5.0,-3.0,4.0,15.5,7.1
Denmark,1808,Priests,4.0,3.0,-1.0,2.0,10.0,5.8
Denmark,1808,Property,7.0,7.0,-5.0,6.0,20.0,9.4
Denmark,1808,Trades/Professions,6.0,6.0,-3.0,5.0,19.0,7.9
Denmark,1808,Proletariat,5.0,5.0,-1.0,4.0,17.0,6.9
Denmark,1808,StateMemory,3.0,3.0,-1.0,2.0,8.0,4.4
Denmark,1808,Shopkeepers/Merchants,4.0,4.0,-1.0,3.0,13.0,5.9
Denmark,1812,Executive,6.0,6.0,-4.0,5.0,18.5,8.2
Denmark,1812,Army,5.0,5.0,-3.0,4.0,15.5,7.1
Denmark,1812,Priests,4.0,3.0,-1.0,2.0,10.0,5.8
Denmark,1812,Property,7.0,7.0,-5.0,6.0,20.0,9.4
Denmark,1812,Trades/Professions,6.0,6.0,-3.0,5.0,19.0,7.9
Denmark,1812,Proletariat,5.0,5.0,-1.0,4.0,17.0,6.9
Denmark,1812,StateMemory,3.0,3.0,-1.0,2.0,8.0,4.4
Denmark,1812,Shopkeepers/Merchants,4.0,4.0,-1.0,3.0,13.0,5.9
Denmark,1814,Executive,5.0,5.0,-3.0,4.0,15.5,7.5
Denmark,1814,Army,4.0,4.0,-2.0,3.0,12.5,6.5
Denmark,1814,Priests,3.0,2.0,0.0,1.0,6.5,4.4
Denmark,1814,Property,6.0,6.0,-4.0,5.0,17.5,8.6
Denmark,1814,Trades/Professions,5.0,5.0,-2.0,4.0,16.0,7.2
Denmark,1814,Proletariat,4.0,4.0,0.0,3.0,14.0,6.1
Denmark,1814,StateMemory,2.0,2.0,1.0,0.0,4.0,3.1
Denmark,1814,Shopkeepers/Merchants,3.0,3.0,0.0,2.0,9.0,5.2
Denmark,1816,Executive,4.0,4.0,-2.0,3.0,12.5,6.8
Denmark,1816,Army,3.0,3.0,-1.0,2.0,9.5,5.8
Denmark,1816,Priests,2.0,1.0,1.0,0.0,2.5,2.9
Denmark,1816,Property,5.0,5.0,-3.0,4.0,15.0,7.8
Denmark,1816,Trades/Professions,4.0,4.0,-1.0,3.0,13.0,6.4
Denmark,1816,Proletariat,3.0,3.0,1.0,2.0,9.0,5.2
Denmark,1816,StateMemory,1.0,1.0,0.0,0.0,2.0,2.3
Denmark,1816,Shopkeepers/Merchants,2.0,2.0,1.0,1.0,5.5,3.6
Denmark,1818,Executive,4.0,4.0,-2.0,3.0,12.5,6.8
Denmark,1818,Army,3.0,3.0,-1.0,2.0,9.5,5.8
Denmark,1818,Priests,2.0,1.0,1.0,0.0,2.5,2.9
Denmark,1818,Property,5.0,5.0,-3.0,4.0,15.0,7.8
Denmark,1818,Trades/Professions,4.0,4.0,-1.0,3.0,13.0,6.4
Denmark,1818,Proletariat,3.0,3.0,1.0,2.0,9.0,5.2
Denmark,1818,StateMemory,1.0,1.0,0.0,0.0,2.0,2.3
Denmark,1818,Shopkeepers/Merchants,2.0,2.0,1.0,1.0,5.5,3.6
Denmark,1820,Executive,4.0,4.0,-2.0,3.0,12.5,6.8
Denmark,1820,Army,3.0,3.0,-1.0,2.0,9.5,5.8
Denmark,1820,Priests,2.0,1.0,1.0,0.0,2.5,2.9
Denmark,1820,Property,5.0,5.0,-3.0,4.0,15.0,7.8
Denmark,1820,Trades/Professions,4.0,4.0,-1.0,3.0,13.0,6.4
Denmark,1820,Proletariat,3.0,3.0,1.0,2.0,9.0,5.2
Denmark,1820,StateMemory,1.0,1.0,0.0,0.0,2.0,2.3
Denmark,1820,Shopkeepers/Merchants,2.0,2.0,1.0,1.0,5.5,3.6
Denmark,1822,Executive,4.0,4.0,-2.0,3.0,12.5,6.8
Denmark,1822,Army,3.0,3.0,-1.0,2.0,9.5,5.8
Denmark,1822,Priests,2.0,1.0,1.0,0.0,2.5,2.9
Denmark,1822,Property,5.0,5.0,-3.0,4.0,15.0,7.8
Denmark,1822,Trades/Professions,4.0,4.0,-1.0,3.0,13.0,6.4
Denmark,1822,Proletariat,3.0,3.0,1.0,2.0,9.0,5.2
Denmark,1822,StateMemory,1.0,1.0,0.0,0.0,2.0,2.3
Denmark,1822,Shopkeepers/Merchants,2.0,2.0,1.0,1.0,5.5,3.6
Denmark,1824,Executive,4.0,4.0,-2.0,3.0,12.5,6.8
Denmark,1824,Army,3.0,3.0,-1.0,2.0,9.5,5.8
Denmark,1824,Priests,2.0,1.0,1.0,0.0,2.5,2.9
Denmark,1824,Property,5.0,5.0,-3.0,4.0,15.0,7.8
Denmark,1824,Trades/Professions,4.0,4.0,-1.0,3.0,13.0,6.4
Denmark,1824,Proletariat,3.0,3.0,1.0,2.0,9.0,5.2
Denmark,1824,StateMemory,1.0,1.0,0.0,0.0,2.0,2.3
Denmark,1824,Shopkeepers/Merchants,2.0,2.0,1.0,1.0,5.5,3.6
Denmark,1826,Executive,4.0,4.0,-2.0,3.0,12.5,6.8
Denmark,1826,Army,3.0,3.0,-1.0,2.0,9.5,5.8
Denmark,1826,Priests,2.0,1.0,1.0,0.0,2.5,2.9
Denmark,1826,Property,5.0,5.0,-3.0,4.0,15.0,7.8
Denmark,1826,Trades/Professions,4.0,4.0,-1.0,3.0,13.0,6.4
Denmark,1826,Proletariat,3.0,3.0,1.0,2.0,9.0,5.2
Denmark,1826,StateMemory,1.0,1.0,0.0,0.0,2.0,2.3
Denmark,1826,Shopkeepers/Merchants,2.0,2.0,1.0,1.0,5.5,3.6
Denmark,1828,Executive,4.0,4.0,-2.0,3.0,12.5,6.8
Denmark,1828,Army,3.0,3.0,-1.0,2.0,9.5,5.8
Denmark,1828,Priests,2.0,1.0,1.0,0.0,2.5,2.9
Denmark,1828,Property,5.0,5.0,-3.0,4.0,15.0,7.8
Denmark,1828,Trades/Professions,4.0,4.0,-1.0,3.0,13.0,6.4
Denmark,1828,Proletariat,3.0,3.0,1.0,2.0,9.0,5.2
Denmark,1828,StateMemory,1.0,1.0,0.0,0.0,2.0,2.3
Denmark,1828,Shopkeepers/Merchants,2.0,2.0,1.0,1.0,5.5,3.6
Denmark,1830,Executive,5.0,5.0,-3.0,4.0,15.5,7.5
Denmark,1830,Army,4.0,4.0,-2.0,3.0,12.5,6.5
Denmark,1830,Priests,3.0,2.0,0.0,1.0,6.5,4.4
Denmark,1830,Property,6.0,6.0,-4.0,5.0,17.5,8.6
Denmark,1830,Trades/Professions,5.0,5.0,-2.0,4.0,16.0,7.2
Denmark,1830,Proletariat,4.0,4.0,0.0,3.0,14.0,6.1
Denmark,1830,StateMemory,2.0,2.0,1.0,0.0,4.0,3.1
Denmark,1830,Shopkeepers/Merchants,3.0,3.0,0.0,2.0,9.0,5.2
Denmark,1832,Executive,6.0,6.0,-4.0,5.0,18.5,8.2
Denmark,1832,Army,5.0,5.0,-3.0,4.0,15.5,7.1
Denmark,1832,Priests,4.0,3.0,-1.0,2.0,10.0,5.8
Denmark,1832,Property,7.0,7.0,-5.0,6.0,20.0,9.4
Denmark,1832,Trades/Professions,6.0,6.0,-3.0,5.0,19.0,7.9
Denmark,1832,Proletariat,5.0,5.0,-1.0,4.0,17.0,6.9
Denmark,1832,StateMemory,3.0,3.0,-1.0,2.0,8.0,4.4
Denmark,1832,Shopkeepers/Merchants,4.0,4.0,-1.0,3.0,13.0,5.9
Denmark,1834,Executive,7.0,7.0,-5.0,6.0,21.0,9.6
Denmark,1834,Army,6.0,6.0,-4.0,5.0,18.0,8.3
Denmark,1834,Priests,5.0,4.0,-2.0,3.0,13.5,6.8
Denmark,1834,Property,8.0,8.0,-6.0,7.0,23.5,10.5
Denmark,1834,Trades/Professions,7.0,7.0,-4.0,6.0,22.0,9.1
Denmark,1834,Proletariat,6.0,6.0,-2.0,5.0,19.5,7.8
Denmark,1834,StateMemory,4.0,4.0,-2.0,3.0,11.5,5.5
Denmark,1834,Shopkeepers/Merchants,5.0,5.0,-2.0,4.0,16.0,7.1
Denmark,1836,Executive,7.0,7.0,-5.0,6.0,21.0,9.6
Denmark,1836,Army,6.0,6.0,-4.0,5.0,18.0,8.3
Denmark,1836,Priests,5.0,4.0,-2.0,3.0,13.5,6.8
Denmark,1836,Property,8.0,8.0,-6.0,7.0,23.5,10.5
Denmark,1836,Trades/Professions,7.0,7.0,-4.0,6.0,22.0,9.1
Denmark,1836,Proletariat,6.0,6.0,-2.0,5.0,19.5,7.8
Denmark,1836,StateMemory,4.0,4.0,-2.0,3.0,11.5,5.5
Denmark,1836,Shopkeepers/Merchants,5.0,5.0,-2.0,4.0,16.0,7.1
Denmark,1838,Executive,7.0,7.0,-5.0,6.0,21.0,9.6
Denmark,1838,Army,6.0,6.0,-4.0,5.0,18.0,8.3
Denmark,1838,Priests,5.0,4.0,-2.0,3.0,13.5,6.8
Denmark,1838,Property,8.0,8.0,-6.0,7.0,23.5,10.5
Denmark,1838,Trades/Professions,7.0,7.0,-4.0,6.0,22.0,9.1
Denmark,1838,Proletariat,6.0,6.0,-2.0,5.0,19.5,7.8
Denmark,1838,StateMemory,4.0,4.0,-2.0,3.0,11.5,5.5
Denmark,1838,Shopkeepers/Merchants,5.0,5.0,-2.0,4.0,16.0,7.1
Denmark,1840,Executive,7.0,7.0,-5.0,6.0,21.0,9.6
Denmark,1840,Army,6.0,6.0,-4.0,5.0,18.0,8.3
Denmark,1840,Priests,5.0,4.0,-2.0,3.0,13.5,6.8
Denmark,1840,Property,8.0,8.0,-6.0,7.0,23.5,10.5
Denmark,1840,Trades/Professions,7.0,7.0,-4.0,6.0,22.0,9.1
Denmark,1840,Proletariat,6.0,6.0,-2.0,5.0,19.5,7.8
Denmark,1840,StateMemory,4.0,4.0,-2.0,3.0,11.5,5.5
Denmark,1840,Shopkeepers/Merchants,5.0,5.0,-2.0,4.0,16.0,7.1
Denmark,1842,Executive,7.0,7.0,-5.0,6.0,21.0,9.6
Denmark,1842,Army,6.0,6.0,-4.0,5.0,18.0,8.3
Denmark,1842,Priests,5.0,4.0,-2.0,3.0,13.5,6.8
Denmark,1842,Property,8.0,8.0,-6.0,7.0,23.5,10.5
Denmark,1842,Trades/Professions,7.0,7.0,-4.0,6.0,22.0,9.1
Denmark,1842,Proletariat,6.0,6.0,-2.0,5.0,19.5,7.8
Denmark,1842,StateMemory,4.0,4.0,-2.0,3.0,11.5,5.5
Denmark,1842,Shopkeepers/Merchants,5.0,5.0,-2.0,4.0,16.0,7.1
Denmark,1844,Executive,7.0,7.0,-5.0,6.0,21.0,9.6
Denmark,1844,Army,6.0,6.0,-4.0,5.0,18.0,8.3
Denmark,1844,Priests,5.0,4.0,-2.0,3.0,13.5,6.8
Denmark,1844,Property,8.0,8.0,-6.0,7.0,23.5,10.5
Denmark,1844,Trades/Professions,7.0,7.0,-4.0,6.0,22.0,9.1
Denmark,1844,Proletariat,6.0,6.0,-2.0,5.0,19.5,7.8
Denmark,1844,StateMemory,4.0,4.0,-2.0,3.0,11.5,5.5
Denmark,1844,Shopkeepers/Merchants,5.0,5.0,-2.0,4.0,16.0,7.1
Denmark,1846,Executive,7.0,7.0,-5.0,6.0,21.0,9.6
Denmark,1846,Army,6.0,6.0,-4.0,5.0,18.0,8.3
Denmark,1846,Priests,5.0,4.0,-2.0,3.0,13.5,6.8
Denmark,1846,Property,8.0,8.0,-6.0,7.0,23.5,10.5
Denmark,1846,Trades/Professions,7.0,7.0,-4.0,6.0,22.0,9.1
Denmark,1846,Proletariat,6.0,6.0,-2.0,5.0,19.5,7.8
Denmark,1846,StateMemory,4.0,4.0,-2.0,3.0,11.5,5.5
Denmark,1846,Shopkeepers/Merchants,5.0,5.0,-2.0,4.0,16.0,7.1
Denmark,1848,Executive,7.0,7.0,-5.0,6.0,21.0,9.6
Denmark,1848,Army,6.0,6.0,-4.0,5.0,18.0,8.3
Denmark,1848,Priests,5.0,4.0,-2.0,3.0,13.5,6.8
Denmark,1848,Property,8.0,8.0,-6.0,7.0,23.5,10.5
Denmark,1848,Trades/Professions,7.0,7.0,-4.0,6.0,22.0,9.1
Denmark,1848,Proletariat,6.0,6.0,-2.0,5.0,19.5,7.8
Denmark,1848,StateMemory,4.0,4.0,-2.0,3.0,11.5,5.5
Denmark,1848,Shopkeepers/Merchants,5.0,5.0,-2.0,4.0,16.0,7.1
Denmark,1850,Executive,7.0,7.0,-5.0,6.0,21.0,9.6
Denmark,1850,Army,6.0,6.0,-4.0,5.0,18.0,8.3
Denmark,1850,Priests,5.0,4.0,-2.0,3.0,13.5,6.8
Denmark,1850,Property,8.0,8.0,-6.0,7.0,23.5,10.5
Denmark,1850,Trades/Professions,7.0,7.0,-4.0,6.0,22.0,9.1
Denmark,1850,Proletariat,6.0,6.0,-2.0,5.0,19.5,7.8
Denmark,1850,StateMemory,4.0,4.0,-2.0,3.0,11.5,5.5
Denmark,1850,Shopkeepers/Merchants,5.0,5.0,-2.0,4.0,16.0,7.1
Denmark,1852,Executive,7.0,7.0,-5.0,6.0,21.0,9.6
Denmark,1852,Army,6.0,6.0,-4.0,5.0,18.0,8.3
Denmark,1852,Priests,5.0,4.0,-2.0,3.0,13.5,6.8
Denmark,1852,Property,8.0,8.0,-6.0,7.0,23.5,10.5
Denmark,1852,Trades/Professions,7.0,7.0,-4.0,6.0,22.0,9.1
Denmark,1852,Proletariat,6.0,6.0,-2.0,5.0,19.5,7.8
Denmark,1852,StateMemory,4.0,4.0,-2.0,3.0,11.5,5.5
Denmark,1852,Shopkeepers/Merchants,5.0,5.0,-2.0,4.0,16.0,7.1
Denmark,1852,Executive,7.0,7.0,-5.0,6.0,21.0,9.6
Denmark,1852,Army,6.0,6.0,-4.0,5.0,18.0,8.3
Denmark,1852,Priests,5.0,4.0,-2.0,3.0,13.5,6.8
Denmark,1852,Property,8.0,8.0,-6.0,7.0,23.5,10.5
Denmark,1852,Trades/Professions,7.0,7.0,-4.0,6.0,22.0,9.1
Denmark,1852,Proletariat,6.0,6.0,-2.0,5.0,19.5,7.8
Denmark,1852,StateMemory,4.0,4.0,-2.0,3.0,11.5,5.5
Denmark,1852,Shopkeepers/Merchants,5.0,5.0,-2.0,4.0,16.0,7.1
Denmark,1854,Executive,7.0,7.0,-5.0,6.0,21.0,9.6
Denmark,1854,Army,6.0,6.0,-4.0,5.0,18.0,8.3
Denmark,1854,Priests,5.0,4.0,-2.0,3.0,13.5,6.8
Denmark,1854,Property,8.0,8.0,-6.0,7.0,23.5,10.5
Denmark,1854,Trades/Professions,7.0,7.0,-4.0,6.0,22.0,9.1
Denmark,1854,Proletariat,6.0,6.0,-2.0,5.0,19.5,7.8
Denmark,1854,StateMemory,4.0,4.0,-2.0,3.0,11.5,5.5
Denmark,1854,Shopkeepers/Merchants,5.0,5.0,-2.0,4.0,16.0,7.1
Denmark,1856,Executive,7.0,7.0,-5.0,6.0,21.0,9.6
Denmark,1856,Army,6.0,6.0,-4.0,5.0,18.0,8.3
Denmark,1856,Priests,5.0,4.0,-2.0,3.0,13.5,6.8
Denmark,1856,Property,8.0,8.0,-6.0,7.0,23.5,10.5
Denmark,1856,Trades/Professions,7.0,7.0,-4.0,6.0,22.0,9.1
Denmark,1856,Proletariat,6.0,6.0,-2.0,5.0,19.5,7.8
Denmark,1856,StateMemory,4.0,4.0,-2.0,3.0,11.5,5.5
Denmark,1856,Shopkeepers/Merchants,5.0,5.0,-2.0,4.0,16.0,7.1
Denmark,1858,Executive,7.0,7.0,-5.0,6.0,21.0,9.6
Denmark,1858,Army,6.0,6.0,-4.0,5.0,18.0,8.3
Denmark,1858,Priests,5.0,4.0,-2.0,3.0,13.5,6.8
Denmark,1858,Property,8.0,8.0,-6.0,7.0,23.5,10.5
Denmark,1858,Trades/Professions,7.0,7.0,-4.0,6.0,22.0,9.1
Denmark,1858,Proletariat,6.0,6.0,-2.0,5.0,19.5,7.8
Denmark,1858,StateMemory,4.0,4.0,-2.0,3.0,11.5,5.5
Denmark,1858,Shopkeepers/Merchants,5.0,5.0,-2.0,4.0,16.0,7.1
Denmark,1860,Executive,7.0,7.0,-5.0,6.0,21.0,9.6
Denmark,1860,Army,6.0,6.0,-4.0,5.0,18.0,8.3
Denmark,1860,Priests,5.0,4.0,-2.0,3.0,13.5,6.8
Denmark,1860,Property,8.0,8.0,-6.0,7.0,23.5,10.5
Denmark,1860,Trades/Professions,7.0,7.0,-4.0,6.0,22.0,9.1
Denmark,1860,Proletariat,6.0,6.0,-2.0,5.0,19.5,7.8
Denmark,1860,StateMemory,4.0,4.0,-2.0,3.0,11.5,5.5
Denmark,1860,Shopkeepers/Merchants,5.0,5.0,-2.0,4.0,16.0,7.1
Denmark,1862,Executive,7.0,7.0,-5.0,6.0,21.0,9.6
Denmark,1862,Army,6.0,6.0,-4.0,5.0,18.0,8.3
Denmark,1862,Priests,5.0,4.0,-2.0,3.0,13.5,6.8
Denmark,1862,Property,8.0,8.0,-6.0,7.0,23.5,10.5
Denmark,1862,Trades/Professions,7.0,7.0,-4.0,6.0,22.0,9.1
Denmark,1862,Proletariat,6.0,6.0,-2.0,5.0,19.5,7.8
Denmark,1862,StateMemory,4.0,4.0,-2.0,3.0,11.5,5.5
Denmark,1862,Shopkeepers/Merchants,5.0,5.0,-2.0,4.0,16.0,7.1
Denmark,1864,Executive,7.0,7.0,-5.0,6.0,21.0,9.6
Denmark,1864,Army,6.0,6.0,-4.0,5.0,18.0,8.3
Denmark,1864,Priests,5.0,4.0,-2.0,3.0,13.5,6.8
Denmark,1864,Property,8.0,8.0,-6.0,7.0,23.5,10.5
Denmark,1864,Trades/Professions,7.0,7.0,-4.0,6.0,22.0,9.1
Denmark,1864,Proletariat,6.0,6.0,-2.0,5.0,19.5,7.8
Denmark,1864,StateMemory,4.0,4.0,-2.0,3.0,11.5,5.5
Denmark,1864,Shopkeepers/Merchants,5.0,5.0,-2.0,4.0,16.0,7.1
Denmark,1866,Executive,7.0,7.0,-5.0,6.0,21.0,9.6
Denmark,1866,Army,6.0,6.0,-4.0,5.0,18.0,8.3
Denmark,1866,Priests,5.0,4.0,-2.0,3.0,13.5,6.8
Denmark,1866,Property,8.0,8.0,-6.0,7.0,23.5,10.5
Denmark,1866,Trades/Professions,7.0,7.0,-4.0,6.0,22.0,9.1
Denmark,1866,Proletariat,6.0,6.0,-2.0,5.0,19.5,7.8
Denmark,1866,StateMemory,4.0,4.0,-2.0,3.0,11.5,5.5
Denmark,1866,Shopkeepers/Merchants,5.0,5.0,-2.0,4.0,16.0,7.1
Denmark,1868,Executive,7.0,7.0,-5.0,6.0,21.0,9.6
Denmark,1868,Army,6.0,6.0,-4.0,5.0,18.0,8.3
Denmark,1868,Priests,5.0,4.0,-2.0,3.0,13.5,6.8
Denmark,1868,Property,8.0,8.0,-6.0,7.0,23.5,10.5
Denmark,1868,Trades/Professions,7.0,7.0,-4.0,6.0,22.0,9.1
Denmark,1868,Proletariat,6.0,6.0,-2.0,5.0,19.5,7.8
Denmark,1868,StateMemory,4.0,4.0,-2.0,3.0,11.5,5.5
Denmark,1868,Shopkeepers/Merchants,5.0,5.0,-2.0,4.0,16.0,7.1
Denmark,1888,Executive,7.0,7.0,-5.0,6.0,21.0,9.6
Denmark,1888,Army,6.0,6.0,-4.0,5.0,18.0,8.3
Denmark,1888,Priests,5.0,4.0,-2.0,3.0,13.5,6.8
Denmark,1888,Property,8.0,8.0,-6.0,7.0,23.5,10.5
Denmark,1888,Trades/Professions,7.0,7.0,-4.0,6.0,22.0,9.1
Denmark,1888,Proletariat,6.0,6.0,-2.0,5.0,19.5,7.8
Denmark,1888,StateMemory,4.0,4.0,-2.0,3.0,11.5,5.5
Denmark,1888,Shopkeepers/Merchants,5.0,5.0,-2.0,4.0,16.0,7.1
Denmark,1890,Executive,7.0,7.0,-5.0,6.0,21.0,9.6
Denmark,1890,Army,6.0,6.0,-4.0,5.0,18.0,8.3
Denmark,1890,Priests,5.0,4.0,-2.0,3.0,13.5,6.8
Denmark,1890,Property,8.0,8.0,-6.0,7.0,23.5,10.5
Denmark,1890,Trades/Professions,7.0,7.0,-4.0,6.0,22.0,9.1
Denmark,1890,Proletariat,6.0,6.0,-2.0,5.0,19.5,7.8
Denmark,1890,StateMemory,4.0,4.0,-2.0,3.0,11.5,5.5
Denmark,1890,Shopkeepers/Merchants,5.0,5.0,-2.0,4.0,16.0,7.1
Denmark,1892,Executive,7.0,7.0,-5.0,6.0,21.0,9.6
Denmark,1892,Army,6.0,6.0,-4.0,5.0,18.0,8.3
Denmark,1892,Priests,5.0,4.0,-2.0,3.0,13.5,6.8
Denmark,1892,Property,8.0,8.0,-6.0,7.0,23.5,10.5
Denmark,1892,Trades/Professions,7.0,7.0,-4.0,6.0,22.0,9.1
Denmark,1892,Proletariat,6.0,6.0,-2.0,5.0,19.5,7.8
Denmark,1892,StateMemory,4.0,4.0,-2.0,3.0,11.5,5.5
Denmark,1892,Shopkeepers/Merchants,5.0,5.0,-2.0,4.0,16.0,7.1
Denmark,1894,Executive,7.0,7.0,-5.0,6.0,21.0,9.6
Denmark,1894,Army,6.0,6.0,-4.0,5.0,18.0,8.3
Denmark,1894,Priests,5.0,4.0,-2.0,3.0,13.5,6.8
Denmark,1894,Property,8.0,8.0,-6.0,7.0,23.5,10.5
Denmark,1894,Trades/Professions,7.0,7.0,-4.0,6.0,22.0,9.1
Denmark,1894,Proletariat,6.0,6.0,-2.0,5.0,19.5,7.8
Denmark,1894,StateMemory,4.0,4.0,-2.0,3.0,11.5,5.5
Denmark,1894,Shopkeepers/Merchants,5.0,5.0,-2.0,4.0,16.0,7.1
Denmark,1896,Executive,7.0,7.0,-5.0,6.0,21.0,9.6
Denmark,1896,Army,6.0,6.0,-4.0,5.0,18.0,8.3
Denmark,1896,Priests,5.0,4.0,-2.0,3.0,13.5,6.8
Denmark,1896,Property,8.0,8.0,-6.0,7.0,23.5,10.5
Denmark,1896,Trades/Professions,7.0,7.0,-4.0,6.0,22.0,9.1
Denmark,1896,Proletariat,6.0,6.0,-2.0,5.0,19.5,7.8
Denmark,1896,StateMemory,4.0,4.0,-2.0,3.0,11.5,5.5
Denmark,1896,Shopkeepers/Merchants,5.0,5.0,-2.0,4.0,16.0,7.1
Denmark,1898,Executive,7.0,7.0,-5.0,6.0,21.0,9.6
Denmark,1898,Army,6.0,6.0,-4.0,5.0,18.0,8.3
Denmark,1898,Priests,5.0,4.0,-2.0,3.0,13.5,6.8
Denmark,1898,Property,8.0,8.0,-6.0,7.0,23.5,10.5
Denmark,1898,Trades/Professions,7.0,7.0,-4.0,6.0,22.0,9.1
Denmark,1898,Proletariat,6.0,6.0,-2.0,5.0,19.5,7.8
Denmark,1898,StateMemory,4.0,4.0,-2.0,3.0,11.5,5.5
Denmark,1898,Shopkeepers/Merchants,5.0,5.0,-2.0,4.0,16.0,7.1
Denmark,1900,Executive,7.0,7.0,-5.0,6.0,21.0,9.6
Denmark,1900,Army,6.0,6.0,-4.0,5.0,18.0,8.3
Denmark,1900,Priests,5.0,4.0,-2.0,3.0,13.5,6.8
Denmark,1900,Property,8.0,8.0,-6.0,7.0,23.5,10.5
Denmark,1900,Trades/Professions,7.0,7.0,-4.0,6.0,22.0,9.1
Denmark,1900,Proletariat,6.0,6.0,-2.0,5.0,19.5,7.8
Denmark,1900,StateMemory,4.0,4.0,-2.0,3.0,11.5,5.5
Denmark,1900,Shopkeepers/Merchants,5.0,5.0,-2.0,4.0,16.0,7.1
Denmark,1918,Executive,7.0,6.0,-2.0,6.0,17.0,10.8
Denmark,1918,Army,6.0,5.0,-1.0,5.0,14.5,10.1
Denmark,1918,Priests,6.0,4.0,-1.0,5.0,14.0,9.5
Denmark,1918,Property,6.0,6.0,-1.0,5.0,15.0,10.1
Denmark,1918,Trades/Professions,7.0,6.0,-1.0,6.0,17.0,10.8
Denmark,1918,Proletariat,7.0,7.0,-1.0,5.0,17.5,11.1
Denmark,1918,StateMemory,7.0,6.0,-2.0,6.0,17.0,10.8
Denmark,1918,Shopkeepers/Merchants,6.0,6.0,-1.0,5.0,15.0,10.1
Denmark,1920,Executive,7.0,6.0,-2.0,6.0,17.0,10.8
Denmark,1920,Army,6.0,5.0,-1.0,5.0,14.5,10.1
Denmark,1920,Priests,6.0,4.0,-1.0,5.0,14.0,9.5
Denmark,1920,Property,6.0,6.0,-1.0,5.0,15.0,10.1
Denmark,1920,Trades/Professions,7.0,6.0,-1.0,6.0,17.0,10.8
Denmark,1920,Proletariat,7.0,7.0,-1.0,5.0,17.5,11.1
Denmark,1920,StateMemory,7.0,6.0,-2.0,6.0,17.0,10.8
Denmark,1920,Shopkeepers/Merchants,6.0,6.0,-1.0,5.0,15.0,10.1
Denmark,1922,Executive,7.0,6.0,-2.0,6.0,17.0,10.8
Denmark,1922,Army,6.0,5.0,-1.0,5.0,14.5,10.1
Denmark,1922,Priests,6.0,4.0,-1.0,5.0,14.0,9.5
Denmark,1922,Property,6.0,6.0,-1.0,5.0,15.0,10.1
Denmark,1922,Trades/Professions,7.0,6.0,-1.0,6.0,17.0,10.8
Denmark,1922,Proletariat,7.0,7.0,-1.0,5.0,17.5,11.1
Denmark,1922,StateMemory,7.0,6.0,-2.0,6.0,17.0,10.8
Denmark,1922,Shopkeepers/Merchants,6.0,6.0,-1.0,5.0,15.0,10.1
Denmark,1924,Executive,7.0,6.0,-2.0,6.0,17.0,10.8
Denmark,1924,Army,6.0,5.0,-1.0,5.0,14.5,10.1
Denmark,1924,Priests,6.0,4.0,-1.0,5.0,14.0,9.5
Denmark,1924,Property,6.0,6.0,-1.0,5.0,15.0,10.1
Denmark,1924,Trades/Professions,7.0,6.0,-1.0,6.0,17.0,10.8
Denmark,1924,Proletariat,7.0,7.0,-1.0,5.0,17.5,11.1
Denmark,1924,StateMemory,7.0,6.0,-2.0,6.0,17.0,10.8
Denmark,1924,Shopkeepers/Merchants,6.0,6.0,-1.0,5.0,15.0,10.1
Denmark,1926,Executive,7.0,6.0,-2.0,6.0,17.0,10.8
Denmark,1926,Army,6.0,5.0,-1.0,5.0,14.5,10.1
Denmark,1926,Priests,6.0,4.0,-1.0,5.0,14.0,9.5
Denmark,1926,Property,6.0,6.0,-1.0,5.0,15.0,10.1
Denmark,1926,Trades/Professions,7.0,6.0,-1.0,6.0,17.0,10.8
Denmark,1926,Proletariat,7.0,7.0,-1.0,5.0,17.5,11.1
Denmark,1926,StateMemory,7.0,6.0,-2.0,6.0,17.0,10.8
Denmark,1926,Shopkeepers/Merchants,6.0,6.0,-1.0,5.0,15.0,10.1
Denmark,1928,Executive,7.0,6.0,-2.0,6.0,17.0,10.8
Denmark,1928,Army,6.0,5.0,-1.0,5.0,14.5,10.1
Denmark,1928,Priests,6.0,4.0,-1.0,5.0,14.0,9.5
Denmark,1928,Property,6.0,6.0,-1.0,5.0,15.0,10.1
Denmark,1928,Trades/Professions,7.0,6.0,-1.0,6.0,17.0,10.8
Denmark,1928,Proletariat,7.0,7.0,-1.0,5.0,17.5,11.1
Denmark,1928,StateMemory,7.0,6.0,-2.0,6.0,17.0,10.8
Denmark,1928,Shopkeepers/Merchants,6.0,6.0,-1.0,5.0,15.0,10.1
Denmark,1930,Executive,7.0,6.0,-2.0,6.0,17.0,10.8
Denmark,1930,Army,6.0,5.0,-1.0,5.0,14.5,10.1
Denmark,1930,Priests,6.0,4.0,-1.0,5.0,14.0,9.5
Denmark,1930,Property,6.0,6.0,-1.0,5.0,15.0,10.1
Denmark,1930,Trades/Professions,7.0,6.0,-1.0,6.0,17.0,10.8
Denmark,1930,Proletariat,7.0,7.0,-1.0,5.0,17.5,11.1
Denmark,1930,StateMemory,7.0,6.0,-2.0,6.0,17.0,10.8
Denmark,1930,Shopkeepers/Merchants,6.0,6.0,-1.0,5.0,15.0,10.1
Denmark,1932,Executive,7.0,6.0,-2.0,6.0,17.0,10.8
Denmark,1932,Army,6.0,5.0,-1.0,5.0,14.5,10.1
Denmark,1932,Priests,6.0,4.0,-1.0,5.0,14.0,9.5
Denmark,1932,Property,6.0,6.0,-1.0,5.0,15.0,10.1
Denmark,1932,Trades/Professions,7.0,6.0,-1.0,6.0,17.0,10.8
Denmark,1932,Proletariat,7.0,7.0,-1.0,5.0,17.5,11.1
Denmark,1932,StateMemory,7.0,6.0,-2.0,6.0,17.0,10.8
Denmark,1932,Shopkeepers/Merchants,6.0,6.0,-1.0,5.0,15.0,10.1
Denmark,1934,Executive,7.0,6.0,-2.0,6.0,17.0,10.8
Denmark,1934,Army,6.0,5.0,-1.0,5.0,14.5,10.1
Denmark,1934,Priests,6.0,4.0,-1.0,5.0,14.0,9.5
Denmark,1934,Property,6.0,6.0,-1.0,5.0,15.0,10.1
Denmark,1934,Trades/Professions,7.0,6.0,-1.0,6.0,17.0,10.8
Denmark,1934,Proletariat,7.0,7.0,-1.0,5.0,17.5,11.1
Denmark,1934,StateMemory,7.0,6.0,-2.0,6.0,17.0,10.8
Denmark,1934,Shopkeepers/Merchants,6.0,6.0,-1.0,5.0,15.0,10.1
Denmark,1936,Executive,7.0,6.0,-2.0,6.0,17.0,10.8
Denmark,1936,Army,6.0,5.0,-1.0,5.0,14.5,10.1
Denmark,1936,Priests,6.0,4.0,-1.0,5.0,14.0,9.5
Denmark,1936,Property,6.0,6.0,-1.0,5.0,15.0,10.1
Denmark,1936,Trades/Professions,7.0,6.0,-1.0,6.0,17.0,10.8
Denmark,1936,Proletariat,7.0,7.0,-1.0,5.0,17.5,11.1
Denmark,1936,StateMemory,7.0,6.0,-2.0,6.0,17.0,10.8
Denmark,1936,Shopkeepers/Merchants,6.0,6.0,-1.0,5.0,15.0,10.1
Denmark,1938,Executive,7.0,6.0,-2.0,6.0,17.0,10.8
Denmark,1938,Army,6.0,5.0,-1.0,5.0,14.5,10.1
Denmark,1938,Priests,6.0,4.0,-1.0,5.0,14.0,9.5
Denmark,1938,Property,6.0,6.0,-1.0,5.0,15.0,10.1
Denmark,1938,Trades/Professions,7.0,6.0,-1.0,6.0,17.0,10.8
Denmark,1938,Proletariat,7.0,7.0,-1.0,5.0,17.5,11.1
Denmark,1938,StateMemory,7.0,6.0,-2.0,6.0,17.0,10.8
Denmark,1938,Shopkeepers/Merchants,6.0,6.0,-1.0,5.0,15.0,10.1
Denmark,1940,Executive,6.0,5.0,4.0,5.0,12.0,9.3
Denmark,1940,Army,5.0,5.0,5.0,4.0,9.0,8.3
Denmark,1940,Priests,6.0,4.0,0.0,5.0,15.0,9.5
Denmark,1940,Property,5.0,5.0,4.0,4.0,10.0,8.3
Denmark,1940,Trades/Professions,6.0,5.0,4.0,5.0,12.0,9.3
Denmark,1940,Proletariat,6.0,6.0,4.0,4.0,12.0,9.7
Denmark,1940,StateMemory,6.0,5.0,4.0,5.0,12.0,9.3
Denmark,1940,Shopkeepers/Merchants,5.0,5.0,4.0,4.0,10.0,8.3
Denmark,1942,Executive,6.0,5.0,4.0,5.0,12.0,9.3
Denmark,1942,Army,5.0,4.0,6.0,4.0,7.0,7.7
Denmark,1942,Priests,6.0,4.0,0.0,5.0,15.0,9.5
Denmark,1942,Property,5.0,5.0,4.0,4.0,10.0,8.3
Denmark,1942,Trades/Professions,6.0,5.0,4.0,5.0,12.0,9.3
Denmark,1942,Proletariat,6.0,6.0,4.0,4.0,12.0,9.7
Denmark,1942,StateMemory,6.0,5.0,4.0,5.0,12.0,9.3
Denmark,1942,Shopkeepers/Merchants,5.0,5.0,4.0,4.0,10.0,8.3
Denmark,1944,Executive,6.0,6.0,-4.0,6.0,17.0,7.0
Denmark,1944,Army,2.0,2.0,2.0,2.0,4.0,2.3
Denmark,1944,Priests,6.0,6.0,-4.0,6.0,17.0,7.0
Denmark,1944,Property,6.0,6.0,-4.0,6.0,17.0,7.0
Denmark,1944,Trades/Professions,6.0,6.0,-4.0,6.0,17.0,7.0
Denmark,1944,Proletariat,6.0,6.0,-4.0,6.0,17.0,7.0
Denmark,1944,StateMemory,8.0,6.0,-4.0,6.0,19.0,8.2
Denmark,1944,Shopkeepers/Merchants,6.0,6.0,-4.0,6.0,17.0,7.0
Denmark,1946,Executive,6.0,6.0,-3.0,6.0,18.0,7.7
Denmark,1946,Army,3.0,3.0,0.0,3.0,9.0,4.2
Denmark,1946,Priests,6.0,6.0,-3.0,6.0,18.0,7.7
Denmark,1946,Property,6.0,6.0,-3.0,6.0,18.0,7.7
Denmark,1946,Trades/Professions,6.0,6.0,-3.0,6.0,18.0,7.7
Denmark,1946,Proletariat,6.0,6.0,-3.0,6.0,18.0,7.7
Denmark,1946,StateMemory,8.0,6.0,-3.0,6.0,20.0,8.8
Denmark,1946,Shopkeepers/Merchants,6.0,6.0,-3.0,6.0,18.0,7.7
Denmark,1948,Executive,6.0,6.0,-2.0,6.0,19.0,8.5
Denmark,1948,Army,4.0,4.0,0.0,4.0,12.0,5.7
Denmark,1948,Priests,6.0,6.0,-2.0,6.0,19.0,8.5
Denmark,1948,Property,6.0,6.0,-2.0,6.0,19.0,8.5
Denmark,1948,Trades/Professions,6.0,6.0,-2.0,6.0,19.0,8.5
Denmark,1948,Proletariat,6.0,6.0,-2.0,6.0,19.0,8.5
Denmark,1948,StateMemory,8.0,6.0,-2.0,6.0,21.0,9.6
Denmark,1948,Shopkeepers/Merchants,6.0,6.0,-2.0,6.0,19.0,8.5
Denmark,1950,Executive,6.0,6.0,-1.0,6.0,20.0,9.2
Denmark,1950,Army,5.0,5.0,0.0,5.0,15.0,7.1
Denmark,1950,Priests,6.0,6.0,-1.0,6.0,20.0,9.2
Denmark,1950,Property,6.0,6.0,-1.0,6.0,20.0,9.2
Denmark,1950,Trades/Professions,6.0,6.0,-1.0,6.0,20.0,9.2
Denmark,1950,Proletariat,6.0,6.0,-1.0,6.0,20.0,9.2
Denmark,1950,StateMemory,8.0,6.0,-1.0,6.0,22.0,10.3
Denmark,1950,Shopkeepers/Merchants,6.0,6.0,-1.0,6.0,20.0,9.2
Denmark,1952,Executive,6.0,6.0,0.0,6.0,21.0,10.0
Denmark,1952,Army,6.0,6.0,0.0,6.0,18.0,8.5
Denmark,1952,Priests,6.0,6.0,0.0,6.0,21.0,10.0
Denmark,1952,Property,6.0,6.0,0.0,6.0,21.0,10.0
Denmark,1952,Trades/Professions,6.0,6.0,0.0,6.0,21.0,10.0
Denmark,1952,Proletariat,6.0,6.0,0.0,6.0,21.0,10.0
Denmark,1952,StateMemory,8.0,6.0,0.0,6.0,23.0,11.0
Denmark,1952,Shopkeepers/Merchants,6.0,6.0,0.0,6.0,21.0,10.0
Denmark,1954,Executive,6.0,6.0,0.0,6.0,21.0,10.0
Denmark,1954,Army,7.0,7.0,0.0,7.0,21.0,10.0
Denmark,1954,Priests,6.0,6.0,0.0,6.0,21.0,10.0
Denmark,1954,Property,6.0,6.0,0.0,6.0,21.0,10.0
Denmark,1954,Trades/Professions,6.0,6.0,0.0,6.0,21.0,10.0
Denmark,1954,Proletariat,6.0,6.0,0.0,6.0,21.0,10.0
Denmark,1954,StateMemory,8.0,6.0,0.0,6.0,23.0,11.0
Denmark,1954,Shopkeepers/Merchants,6.0,6.0,0.0,6.0,21.0,10.0
Denmark,1956,Executive,6.0,6.0,0.0,6.0,21.0,10.0
Denmark,1956,Army,8.0,8.0,0.0,8.0,24.0,11.0
Denmark,1956,Priests,6.0,6.0,0.0,6.0,21.0,10.0
Denmark,1956,Property,6.0,6.0,0.0,6.0,21.0,10.0
Denmark,1956,Trades/Professions,6.0,6.0,0.0,6.0,21.0,10.0
Denmark,1956,Proletariat,6.0,6.0,0.0,6.0,21.0,10.0
Denmark,1956,StateMemory,8.0,6.0,0.0,6.0,23.0,11.0
Denmark,1956,Shopkeepers/Merchants,6.0,6.0,0.0,6.0,21.0,10.0
Denmark,1958,Executive,6.0,6.0,0.0,6.0,21.0,10.0
Denmark,1958,Army,9.0,9.0,0.0,9.0,27.0,12.0
Denmark,1958,Priests,6.0,6.0,0.0,6.0,21.0,10.0
Denmark,1958,Property,6.0,6.0,0.0,6.0,21.0,10.0
Denmark,1958,Trades/Professions,6.0,6.0,0.0,6.0,21.0,10.0
Denmark,1958,Proletariat,6.0,6.0,0.0,6.0,21.0,10.0
Denmark,1958,StateMemory,8.0,6.0,0.0,6.0,23.0,11.0
Denmark,1958,Shopkeepers/Merchants,6.0,6.0,0.0,6.0,21.0,10.0
Denmark,1960,Executive,6.0,6.0,0.0,6.0,21.0,10.0
Denmark,1960,Army,10.0,10.0,0.0,10.0,30.0,13.0
Denmark,1960,Priests,6.0,6.0,0.0,6.0,21.0,10.0
Denmark,1960,Property,6.0,6.0,0.0,6.0,21.0,10.0
Denmark,1960,Trades/Professions,6.0,6.0,0.0,6.0,21.0,10.0
Denmark,1960,Proletariat,6.0,6.0,0.0,6.0,21.0,10.0
Denmark,1960,StateMemory,8.0,6.0,0.0,6.0,23.0,11.0
Denmark,1960,Shopkeepers/Merchants,6.0,6.0,0.0,6.0,21.0,10.0
Denmark,1962,Executive,7.0,7.0,0.0,7.0,24.0,11.0
Denmark,1962,Army,9.0,9.0,0.0,9.0,27.0,12.0
Denmark,1962,Priests,7.0,7.0,0.0,7.0,24.0,11.0
Denmark,1962,Property,7.0,7.0,0.0,7.0,24.0,11.0
Denmark,1962,Trades/Professions,7.0,7.0,0.0,7.0,24.0,11.0
Denmark,1962,Proletariat,7.0,7.0,0.0,7.0,24.0,11.0
Denmark,1962,StateMemory,9.0,7.0,0.0,7.0,26.0,12.0
Denmark,1962,Shopkeepers/Merchants,7.0,7.0,0.0,7.0,24.0,11.0
Denmark,1964,Executive,8.0,8.0,0.0,8.0,27.0,12.0
Denmark,1964,Army,8.0,8.0,0.0,8.0,24.0,11.0
Denmark,1964,Priests,8.0,8.0,0.0,8.0,27.0,12.0
Denmark,1964,Property,8.0,8.0,0.0,8.0,27.0,12.0
Denmark,1964,Trades/Professions,8.0,8.0,0.0,8.0,27.0,12.0
Denmark,1964,Proletariat,8.0,8.0,0.0,8.0,27.0,12.0
Denmark,1964,StateMemory,10.0,8.0,0.0,8.0,29.0,13.0
Denmark,1964,Shopkeepers/Merchants,8.0,8.0,0.0,8.0,27.0,12.0
Denmark,1966,Executive,9.0,9.0,0.0,9.0,30.0,13.0
Denmark,1966,Army,7.0,7.0,0.0,7.0,21.0,10.0
Denmark,1966,Priests,9.0,9.0,0.0,9.0,30.0,13.0
Denmark,1966,Property,9.0,9.0,0.0,9.0,30.0,13.0
Denmark,1966,Trades/Professions,9.0,9.0,0.0,9.0,30.0,13.0
Denmark,1966,Proletariat,9.0,9.0,0.0,9.0,30.0,13.0
Denmark,1966,StateMemory,10.0,8.0,0.0,8.0,29.0,13.0
Denmark,1966,Shopkeepers/Merchants,9.0,9.0,0.0,9.0,30.0,13.0
Denmark,1968,Executive,9.0,9.0,0.0,9.0,30.0,13.0
Denmark,1968,Army,6.0,6.0,0.0,6.0,18.0,8.5
Denmark,1968,Priests,9.0,9.0,0.0,9.0,30.0,13.0
Denmark,1968,Property,9.0,9.0,0.0,9.0,30.0,13.0
Denmark,1968,Trades/Professions,9.0,9.0,0.0,9.0,30.0,13.0
Denmark,1968,Proletariat,9.0,9.0,0.0,9.0,30.0,13.0
Denmark,1968,StateMemory,10.0,8.0,0.0,8.0,29.0,13.0
Denmark,1968,Shopkeepers/Merchants,9.0,9.0,0.0,9.0,30.0,13.0
Denmark,1970,Executive,9.0,9.0,0.0,9.0,30.0,13.0
Denmark,1970,Army,5.0,5.0,0.0,5.0,15.0,7.1
Denmark,1970,Priests,9.0,9.0,0.0,9.0,30.0,13.0
Denmark,1970,Property,9.0,9.0,0.0,9.0,30.0,13.0
Denmark,1970,Trades/Professions,9.0,9.0,0.0,9.0,30.0,13.0
Denmark,1970,Proletariat,9.0,9.0,0.0,9.0,30.0,13.0
Denmark,1970,StateMemory,10.0,8.0,0.0,8.0,29.0,13.0
Denmark,1970,Shopkeepers/Merchants,9.0,9.0,0.0,9.0,30.0,13.0
Denmark,1972,Executive,8.0,8.0,0.0,8.0,27.0,12.0
Denmark,1972,Army,4.0,4.0,0.0,4.0,12.0,5.7
Denmark,1972,Priests,8.0,8.0,0.0,8.0,27.0,12.0
Denmark,1972,Property,8.0,8.0,0.0,8.0,27.0,12.0
Denmark,1972,Trades/Professions,8.0,8.0,0.0,8.0,27.0,12.0
Denmark,1972,Proletariat,8.0,8.0,0.0,8.0,27.0,12.0
Denmark,1972,StateMemory,9.0,7.0,0.0,7.0,26.0,12.0
Denmark,1972,Shopkeepers/Merchants,8.0,8.0,0.0,8.0,27.0,12.0
Denmark,1974,Executive,7.0,7.0,0.0,7.0,24.0,11.0
Denmark,1974,Army,3.0,3.0,0.0,3.0,9.0,4.2
Denmark,1974,Priests,7.0,7.0,0.0,7.0,24.0,11.0
Denmark,1974,Property,7.0,7.0,0.0,7.0,24.0,11.0
Denmark,1974,Trades/Professions,7.0,7.0,0.0,7.0,24.0,11.0
Denmark,1974,Proletariat,7.0,7.0,0.0,7.0,24.0,11.0
Denmark,1974,StateMemory,8.0,6.0,0.0,6.0,23.0,11.0
Denmark,1974,Shopkeepers/Merchants,7.0,7.0,0.0,7.0,24.0,11.0
Denmark,1976,Executive,6.0,6.0,0.0,6.0,21.0,10.0
Denmark,1976,Army,2.0,2.0,0.0,2.0,6.0,2.8
Denmark,1976,Priests,6.0,6.0,0.0,6.0,21.0,10.0
Denmark,1976,Property,6.0,6.0,0.0,6.0,21.0,10.0
Denmark,1976,Trades/Professions,6.0,6.0,0.0,6.0,21.0,10.0
Denmark,1976,Proletariat,6.0,6.0,0.0,6.0,21.0,10.0
Denmark,1976,StateMemory,7.0,5.0,0.0,5.0,20.0,10.0
Denmark,1976,Shopkeepers/Merchants,6.0,6.0,0.0,6.0,21.0,10.0
Denmark,1978,Executive,5.0,5.0,0.0,5.0,18.0,9.0
Denmark,1978,Army,1.0,1.0,0.0,1.0,3.0,1.4
Denmark,1978,Priests,5.0,5.0,0.0,5.0,18.0,9.0
Denmark,1978,Property,5.0,5.0,0.0,5.0,18.0,9.0
Denmark,1978,Trades/Professions,5.0,5.0,0.0,5.0,18.0,9.0
Denmark,1978,Proletariat,5.0,5.0,0.0,5.0,18.0,9.0
Denmark,1978,StateMemory,6.0,4.0,0.0,4.0,17.0,9.0
Denmark,1978,Shopkeepers/Merchants,5.0,5.0,0.0,5.0,18.0,9.0
Denmark,1980,Executive,7.0,6.0,-3.0,5.0,13.5,11.1
Denmark,1980,Army,6.0,5.0,-2.0,4.0,11.0,9.8
Denmark,1980,Priests,8.0,3.0,-1.0,6.0,13.0,6.7
Denmark,1980,Property,7.0,6.0,-2.0,5.0,14.0,11.1
Denmark,1980,Trades/Professions,8.0,7.0,-1.0,6.0,17.0,12.4
Denmark,1980,Proletariat,6.0,8.0,-1.0,4.0,15.0,11.8
Denmark,1980,StateMemory,8.0,6.0,-2.0,7.0,17.5,11.1
Denmark,1980,Shopkeepers/Merchants,7.0,6.0,-2.0,5.0,14.0,11.1
Denmark,1982,Executive,7.0,6.0,-3.0,5.0,13.5,11.1
Denmark,1982,Army,6.0,5.0,-2.0,4.0,11.0,9.8
Denmark,1982,Priests,8.0,3.0,-1.0,6.0,13.0,6.7
Denmark,1982,Property,7.0,6.0,-2.0,5.0,14.0,11.1
Denmark,1982,Trades/Professions,8.0,7.0,-1.0,6.0,17.0,12.4
Denmark,1982,Proletariat,6.0,8.0,-1.0,4.0,15.0,11.8
Denmark,1982,StateMemory,8.0,6.0,-2.0,7.0,17.5,11.1
Denmark,1982,Shopkeepers/Merchants,7.0,6.0,-2.0,5.0,14.0,11.1
Denmark,1984,Executive,7.0,6.0,-3.0,5.0,13.5,10.8
Denmark,1984,Army,6.0,5.0,-2.0,4.0,11.0,9.6
Denmark,1984,Priests,8.0,3.0,-1.0,6.0,13.0,6.6
Denmark,1984,Property,7.0,6.0,-2.0,5.0,14.0,10.8
Denmark,1984,Trades/Professions,8.0,7.0,-1.0,6.0,17.0,12.2
Denmark,1984,Proletariat,6.0,8.0,-1.0,4.0,15.0,11.6
Denmark,1984,StateMemory,8.0,6.0,-2.0,7.0,17.5,10.8
Denmark,1984,Shopkeepers/Merchants,7.0,6.0,-2.0,5.0,14.0,10.8
Denmark,1986,Executive,7.0,6.0,-3.0,5.0,13.5,10.6
Denmark,1986,Army,6.0,5.0,-2.0,4.0,11.0,9.3
Denmark,1986,Priests,8.0,3.0,-1.0,6.0,13.0,6.4
Denmark,1986,Property,7.0,6.0,-2.0,5.0,14.0,10.6
Denmark,1986,Trades/Professions,8.0,7.0,-1.0,6.0,17.0,12.0
Denmark,1986,Proletariat,6.0,8.0,-1.0,4.0,15.0,11.3
Denmark,1986,StateMemory,8.0,6.0,-2.0,7.0,17.5,10.6
Denmark,1986,Shopkeepers/Merchants,7.0,6.0,-2.0,5.0,14.0,10.6
Denmark,1988,Executive,7.0,6.0,-3.0,5.0,13.5,10.3
Denmark,1988,Army,6.0,5.0,-2.0,4.0,11.0,9.0
Denmark,1988,Priests,8.0,3.0,-1.0,6.0,13.0,6.3
Denmark,1988,Property,7.0,6.0,-2.0,5.0,14.0,10.3
Denmark,1988,Trades/Professions,8.0,7.0,-1.0,6.0,17.0,11.8
Denmark,1988,Proletariat,6.0,8.0,-1.0,4.0,15.0,11.1
Denmark,1988,StateMemory,8.0,6.0,-2.0,7.0,17.5,10.3
Denmark,1988,Shopkeepers/Merchants,7.0,6.0,-2.0,5.0,14.0,10.3
Denmark,1990,Executive,7.0,6.0,-3.0,5.0,13.5,10.1
Denmark,1990,Army,6.0,5.0,-2.0,4.0,11.0,8.8
Denmark,1990,Priests,8.0,3.0,-1.0,6.0,13.0,6.1
Denmark,1990,Property,7.0,6.0,-2.0,5.0,14.0,10.1
Denmark,1990,Trades/Professions,8.0,7.0,-1.0,6.0,17.0,11.6
Denmark,1990,Proletariat,6.0,8.0,-1.0,4.0,15.0,10.9
Denmark,1990,StateMemory,8.0,6.0,-2.0,7.0,17.5,10.1
Denmark,1990,Shopkeepers/Merchants,7.0,6.0,-2.0,5.0,14.0,10.1
Denmark,1992,Executive,7.0,6.0,-3.0,5.0,13.5,9.8
Denmark,1992,Army,6.0,5.0,-2.0,4.0,11.0,8.5
Denmark,1992,Priests,8.0,3.0,-1.0,6.0,13.0,5.9
Denmark,1992,Property,7.0,6.0,-2.0,5.0,14.0,9.8
Denmark,1992,Trades/Professions,8.0,7.0,-1.0,6.0,17.0,11.4
Denmark,1992,Proletariat,6.0,8.0,-1.0,4.0,15.0,10.6
Denmark,1992,StateMemory,8.0,6.0,-2.0,7.0,17.5,9.8
Denmark,1992,Shopkeepers/Merchants,7.0,6.0,-2.0,5.0,14.0,9.8
Denmark,1994,Executive,7.0,6.0,-3.0,5.0,13.5,9.5
Denmark,1994,Army,6.0,5.0,-2.0,4.0,11.0,8.2
Denmark,1994,Priests,8.0,3.0,-1.0,6.0,13.0,5.8
Denmark,1994,Property,7.0,6.0,-2.0,5.0,14.0,9.5
Denmark,1994,Trades/Professions,8.0,7.0,-1.0,6.0,17.0,11.2
Denmark,1994,Proletariat,6.0,8.0,-1.0,4.0,15.0,10.4
Denmark,1994,StateMemory,8.0,6.0,-2.0,7.0,17.5,9.5
Denmark,1994,Shopkeepers/Merchants,7.0,6.0,-2.0,5.0,14.0,9.5
Denmark,1996,Executive,7.0,6.0,-3.0,5.0,13.5,9.3
Denmark,1996,Army,6.0,5.0,-2.0,4.0,11.0,8.0
Denmark,1996,Priests,8.0,3.0,-1.0,6.0,13.0,5.6
Denmark,1996,Property,7.0,6.0,-2.0,5.0,14.0,9.3
Denmark,1996,Trades/Professions,8.0,7.0,-1.0,6.0,17.0,11.0
Denmark,1996,Proletariat,6.0,8.0,-1.0,4.0,15.0,10.2
Denmark,1996,StateMemory,8.0,6.0,-2.0,7.0,17.5,9.3
Denmark,1996,Shopkeepers/Merchants,7.0,6.0,-2.0,5.0,14.0,9.3
Denmark,1998,Executive,7.0,6.0,-3.0,5.0,13.5,9.0
Denmark,1998,Army,6.0,5.0,-2.0,4.0,11.0,7.7
Denmark,1998,Priests,8.0,3.0,-1.0,6.0,13.0,5.4
Denmark,1998,Property,7.0,6.0,-2.0,5.0,14.0,9.0
Denmark,1998,Trades/Professions,8.0,7.0,-1.0,6.0,17.0,10.8
Denmark,1998,Proletariat,6.0,8.0,-1.0,4.0,15.0,9.9
Denmark,1998,StateMemory,8.0,6.0,-2.0,7.0,17.5,9.0
Denmark,1998,Shopkeepers/Merchants,7.0,6.0,-2.0,5.0,14.0,9.0
Denmark,2001,Executive,8.5,7.0,-4.0,7.5,23.8,13.4
Denmark,2001,Army,7.0,6.0,-3.0,6.0,19.0,11.4
Denmark,2001,Priests,4.0,3.0,-1.0,5.0,11.5,6.2
Denmark,2001,Property,7.5,7.0,-3.0,6.5,21.3,12.5
Denmark,2001,Trades/Professions,8.0,7.5,-3.5,7.0,22.8,13.4
Denmark,2001,Proletariat,6.5,7.0,-2.5,5.5,19.3,10.9
Denmark,2001,StateMemory,8.0,7.5,-4.0,7.5,23.8,13.6
Denmark,2001,Shopkeepers/Merchants,7.5,7.0,-3.0,6.5,21.3,12.5
Denmark,2002,Executive,8.5,7.0,-4.0,7.5,23.8,13.4
Denmark,2002,Army,7.0,6.0,-3.0,6.0,19.0,11.4
Denmark,2002,Priests,4.0,3.0,-1.0,5.0,11.5,6.2
Denmark,2002,Property,7.5,7.0,-3.0,6.5,21.3,12.5
Denmark,2002,Trades/Professions,8.0,7.5,-3.5,7.0,22.8,13.4
Denmark,2002,Proletariat,6.5,7.0,-2.5,5.5,19.3,10.9
Denmark,2002,StateMemory,8.0,7.5,-4.0,7.5,23.8,13.6
Denmark,2002,Shopkeepers/Merchants,7.5,7.0,-3.0,6.5,21.3,12.5
Denmark,2003,Executive,8.5,7.0,-4.0,7.5,23.8,13.4
Denmark,2003,Army,7.0,6.0,-3.0,6.0,19.0,11.4
Denmark,2003,Priests,4.0,3.0,-1.0,5.0,11.5,6.2
Denmark,2003,Property,7.5,7.0,-3.0,6.5,21.3,12.5
Denmark,2003,Trades/Professions,8.0,7.5,-3.5,7.0,22.8,13.4
Denmark,2003,Proletariat,6.5,7.0,-2.5,5.5,19.3,10.9
Denmark,2003,StateMemory,8.0,7.5,-4.0,7.5,23.8,13.6
Denmark,2003,Shopkeepers/Merchants,7.5,7.0,-3.0,6.5,21.3,12.5
Denmark,2004,Executive,8.5,7.0,-4.0,7.5,23.8,13.4
Denmark,2004,Army,7.0,6.0,-3.0,6.0,19.0,11.4
Denmark,2004,Priests,4.0,3.0,-1.0,5.0,11.5,6.2
Denmark,2004,Property,7.5,7.0,-3.0,6.5,21.3,12.5
Denmark,2004,Trades/Professions,8.0,7.5,-3.5,7.0,22.8,13.4
Denmark,2004,Proletariat,6.5,7.0,-2.5,5.5,19.3,10.9
Denmark,2004,StateMemory,8.0,7.5,-4.0,7.5,23.8,13.6
Denmark,2004,Shopkeepers/Merchants,7.5,7.0,-3.0,6.5,21.3,12.5
Denmark,2005,Executive,8.5,7.0,-4.0,7.5,23.8,13.4
Denmark,2005,Army,7.0,6.0,-3.0,6.0,19.0,11.4
Denmark,2005,Priests,4.0,3.0,-1.0,5.0,11.5,6.2
Denmark,2005,Property,7.5,7.0,-3.0,6.5,21.3,12.5
Denmark,2005,Trades/Professions,8.0,7.5,-3.5,7.0,22.8,13.4
Denmark,2005,Proletariat,6.5,7.0,-2.5,5.5,19.3,10.9
Denmark,2005,StateMemory,8.0,7.5,-4.0,7.5,23.8,13.6
Denmark,2005,Shopkeepers/Merchants,7.5,7.0,-3.0,6.5,21.3,12.5
Denmark,2006,Executive,8.5,7.0,-4.0,7.5,23.8,13.4
Denmark,2006,Army,7.0,6.0,-3.0,6.0,19.0,11.4
Denmark,2006,Priests,4.0,3.0,-1.0,5.0,11.5,6.2
Denmark,2006,Property,7.5,7.0,-3.0,6.5,21.3,12.5
Denmark,2006,Trades/Professions,8.0,7.5,-3.5,7.0,22.8,13.4
Denmark,2006,Proletariat,6.5,7.0,-2.5,5.5,19.3,10.9
Denmark,2006,StateMemory,8.0,7.5,-4.0,7.5,23.8,13.6
Denmark,2006,Shopkeepers/Merchants,7.5,7.0,-3.0,6.5,21.3,12.5
Denmark,2007,Executive,8.5,7.0,-4.0,7.5,23.8,13.4
Denmark,2007,Army,7.0,6.0,-3.0,6.0,19.0,11.4
Denmark,2007,Priests,4.0,3.0,-1.0,5.0,11.5,6.2
Denmark,2007,Property,7.5,7.0,-3.0,6.5,21.3,12.5
Denmark,2007,Trades/Professions,8.0,7.5,-3.5,7.0,22.8,13.4
Denmark,2007,Proletariat,6.5,7.0,-2.5,5.5,19.3,10.9
Denmark,2007,StateMemory,8.0,7.5,-4.0,7.5,23.8,13.6
Denmark,2007,Shopkeepers/Merchants,7.5,7.0,-3.0,6.5,21.3,12.5
Denmark,2008,Executive,8.5,7.0,-4.0,7.5,23.8,13.4
Denmark,2008,Army,7.0,6.0,-3.0,6.0,19.0,11.4
Denmark,2008,Priests,4.0,3.0,-1.0,5.0,11.5,6.2
Denmark,2008,Property,7.5,7.0,-3.0,6.5,21.3,12.5
Denmark,2008,Trades/Professions,8.0,7.5,-3.5,7.0,22.8,13.4
Denmark,2008,Proletariat,6.5,7.0,-2.5,5.5,19.3,10.9
Denmark,2008,StateMemory,8.0,7.5,-4.0,7.5,23.8,13.6
Denmark,2008,Shopkeepers/Merchants,7.5,7.0,-3.0,6.5,21.3,12.5
Denmark,2009,Executive,8.5,7.0,-4.0,7.5,23.8,13.4
Denmark,2009,Army,7.0,6.0,-3.0,6.0,19.0,11.4
Denmark,2009,Priests,4.0,3.0,-1.0,5.0,11.5,6.2
Denmark,2009,Property,7.5,7.0,-3.0,6.5,21.3,12.5
Denmark,2009,Trades/Professions,8.0,7.5,-3.5,7.0,22.8,13.4
Denmark,2009,Proletariat,6.5,7.0,-2.5,5.5,19.3,10.9
Denmark,2009,StateMemory,8.0,7.5,-4.0,7.5,23.8,13.6
Denmark,2009,Shopkeepers/Merchants,7.5,7.0,-3.0,6.5,21.3,12.5
Denmark,2010,Executive,8.5,7.0,-4.0,7.5,23.8,13.4
Denmark,2010,Army,7.0,6.0,-3.0,6.0,19.0,11.4
Denmark,2010,Priests,4.0,3.0,-1.0,5.0,11.5,6.2
Denmark,2010,Property,7.5,7.0,-3.0,6.5,21.3,12.5
Denmark,2010,Trades/Professions,8.0,7.5,-3.5,7.0,22.8,13.4
Denmark,2010,Proletariat,6.5,7.0,-2.5,5.5,19.3,10.9
Denmark,2010,StateMemory,8.0,7.5,-4.0,7.5,23.8,13.6
Denmark,2010,Shopkeepers/Merchants,7.5,7.0,-3.0,6.5,21.3,12.5
Denmark,2011,Executive,8.5,7.0,-4.0,7.5,23.8,13.4
Denmark,2011,Army,7.0,6.0,-3.0,6.0,19.0,11.4
Denmark,2011,Priests,4.0,3.0,-1.0,5.0,11.5,6.2
Denmark,2011,Property,7.5,7.0,-3.0,6.5,21.3,12.5
Denmark,2011,Trades/Professions,8.0,7.5,-3.5,7.0,22.8,13.4
Denmark,2011,Proletariat,6.5,7.0,-2.5,5.5,19.3,10.9
Denmark,2011,StateMemory,8.0,7.5,-4.0,7.5,23.8,13.6
Denmark,2011,Shopkeepers/Merchants,7.5,7.0,-3.0,6.5,21.3,12.5
Denmark,2012,Executive,8.5,7.0,-4.0,7.5,23.8,13.4
Denmark,2012,Army,7.0,6.0,-3.0,6.0,19.0,11.4
Denmark,2012,Priests,4.0,3.0,-1.0,5.0,11.5,6.2
Denmark,2012,Property,7.5,7.0,-3.0,6.5,21.3,12.5
Denmark,2012,Trades/Professions,8.0,7.5,-3.5,7.0,22.8,13.4
Denmark,2012,Proletariat,6.5,7.0,-2.5,5.5,19.3,10.9
Denmark,2012,StateMemory,8.0,7.5,-4.0,7.5,23.8,13.6
Denmark,2012,Shopkeepers/Merchants,7.5,7.0,-3.0,6.5,21.3,12.5
Denmark,2013,Executive,8.5,7.0,-4.0,7.5,23.8,13.4
Denmark,2013,Army,7.0,6.0,-3.0,6.0,19.0,11.4
Denmark,2013,Priests,4.0,3.0,-1.0,5.0,11.5,6.2
Denmark,2013,Property,7.5,7.0,-3.0,6.5,21.3,12.5
Denmark,2013,Trades/Professions,8.0,7.5,-3.5,7.0,22.8,13.4
Denmark,2013,Proletariat,6.5,7.0,-2.5,5.5,19.3,10.9
Denmark,2013,StateMemory,8.0,7.5,-4.0,7.5,23.8,13.6
Denmark,2013,Shopkeepers/Merchants,7.5,7.0,-3.0,6.5,21.3,12.5
Denmark,2014,Executive,8.5,7.0,-4.0,7.5,23.8,13.4
Denmark,2014,Army,7.0,6.0,-3.0,6.0,19.0,11.4
Denmark,2014,Priests,4.0,3.0,-1.0,5.0,11.5,6.2
Denmark,2014,Property,7.5,7.0,-3.0,6.5,21.3,12.5
Denmark,2014,Trades/Professions,8.0,7.5,-3.5,7.0,22.8,13.4
Denmark,2014,Proletariat,6.5,7.0,-2.5,5.5,19.3,10.9
Denmark,2014,StateMemory,8.0,7.5,-4.0,7.5,23.8,13.6
Denmark,2014,Shopkeepers/Merchants,7.5,7.0,-3.0,6.5,21.3,12.5
Denmark,2015,Executive,8.5,7.0,-4.0,7.5,23.8,13.4
Denmark,2015,Army,7.0,6.0,-3.0,6.0,19.0,11.4
Denmark,2015,Priests,4.0,3.0,-1.0,5.0,11.5,6.2
Denmark,2015,Property,7.5,7.0,-3.0,6.5,21.3,12.5
Denmark,2015,Trades/Professions,8.0,7.5,-3.5,7.0,22.8,13.4
Denmark,2015,Proletariat,6.5,7.0,-2.5,5.5,19.3,10.9
Denmark,2015,StateMemory,8.0,7.5,-4.0,7.5,23.8,13.6
Denmark,2015,Shopkeepers/Merchants,7.5,7.0,-3.0,6.5,21.3,12.5
Denmark,2016,Executive,8.5,7.0,-4.0,7.5,23.8,13.4
Denmark,2016,Army,7.0,6.0,-3.0,6.0,19.0,11.4
Denmark,2016,Priests,4.0,3.0,-1.0,5.0,11.5,6.2
Denmark,2016,Property,7.5,7.0,-3.0,6.5,21.3,12.5
Denmark,2016,Trades/Professions,8.0,7.5,-3.5,7.0,22.8,13.4
Denmark,2016,Proletariat,6.5,7.0,-2.5,5.5,19.3,10.9
Denmark,2016,StateMemory,8.0,7.5,-4.0,7.5,23.8,13.6
Denmark,2016,Shopkeepers/Merchants,7.5,7.0,-3.0,6.5,21.3,12.5
Denmark,2017,Executive,8.5,7.0,-4.0,7.5,23.8,13.4
Denmark,2017,Army,7.0,6.0,-3.0,6.0,19.0,11.4
Denmark,2017,Priests,4.0,3.0,-1.0,5.0,11.5,6.2
Denmark,2017,Property,7.5,7.0,-3.0,6.5,21.3,12.5
Denmark,2017,Trades/Professions,8.0,7.5,-3.5,7.0,22.8,13.4
Denmark,2017,Proletariat,6.5,7.0,-2.5,5.5,19.3,10.9
Denmark,2017,StateMemory,8.0,7.5,-4.0,7.5,23.8,13.6
Denmark,2017,Shopkeepers/Merchants,7.5,7.0,-3.0,6.5,21.3,12.5
Denmark,2018,Executive,8.5,7.0,-4.0,7.5,23.8,13.4
Denmark,2018,Army,7.0,6.0,-3.0,6.0,19.0,11.4
Denmark,2018,Priests,4.0,3.0,-1.0,5.0,11.5,6.2
Denmark,2018,Property,7.5,7.0,-3.0,6.5,21.3,12.5
Denmark,2018,Trades/Professions,8.0,7.5,-3.5,7.0,22.8,13.4
Denmark,2018,Proletariat,6.5,7.0,-2.5,5.5,19.3,10.9
Denmark,2018,StateMemory,8.0,7.5,-4.0,7.5,23.8,13.6
Denmark,2018,Shopkeepers/Merchants,7.5,7.0,-3.0,6.5,21.3,12.5
Denmark,2019,Executive,8.5,7.0,-4.0,7.5,23.8,13.4
Denmark,2019,Army,7.0,6.0,-3.0,6.0,19.0,11.4
Denmark,2019,Priests,4.0,3.0,-1.0,5.0,11.5,6.2
Denmark,2019,Property,7.5,7.0,-3.0,6.5,21.3,12.5
Denmark,2019,Trades/Professions,8.0,7.5,-3.5,7.0,22.8,13.4
Denmark,2019,Proletariat,6.5,7.0,-2.5,5.5,19.3,10.9
Denmark,2019,StateMemory,8.0,7.5,-4.0,7.5,23.8,13.6
Denmark,2019,Shopkeepers/Merchants,7.5,7.0,-3.0,6.5,21.3,12.5
Denmark,2020,Executive,8.5,7.0,-4.0,7.5,23.8,13.4
Denmark,2020,Army,7.0,6.0,-3.0,6.0,19.0,11.4
Denmark,2020,Priests,4.0,3.0,-1.0,5.0,11.5,6.2
Denmark,2020,Property,7.5,7.0,-3.0,6.5,21.3,12.5
Denmark,2020,Trades/Professions,8.0,7.5,-3.5,7.0,22.8,13.4
Denmark,2020,Proletariat,6.5,7.0,-2.5,5.5,19.3,10.9
Denmark,2020,StateMemory,8.0,7.5,-4.0,7.5,23.8,13.6
Denmark,2020,Shopkeepers/Merchants,7.5,7.0,-3.0,6.5,21.3,12.5
Denmark,2021,Executive,8.5,7.0,-4.0,7.5,23.8,13.4
Denmark,2021,Army,7.0,6.0,-3.0,6.0,19.0,11.4
Denmark,2021,Priests,4.0,3.0,-1.0,5.0,11.5,6.2
Denmark,2021,Property,7.5,7.0,-3.0,6.5,21.3,12.5
Denmark,2021,Trades/Professions,8.0,7.5,-3.5,7.0,22.8,13.4
Denmark,2021,Proletariat,6.5,7.0,-2.5,5.5,19.3,10.9
Denmark,2021,StateMemory,8.0,7.5,-4.0,7.5,23.8,13.6
Denmark,2021,Shopkeepers/Merchants,7.5,7.0,-3.0,6.5,21.3,12.5
Denmark,2022,Executive,8.5,7.0,-4.0,7.5,23.8,13.4
Denmark,2022,Army,7.0,6.0,-3.0,6.0,19.0,11.4
Denmark,2022,Priests,4.0,3.0,-1.0,5.0,11.5,6.2
Denmark,2022,Property,7.5,7.0,-3.0,6.5,21.3,12.5
Denmark,2022,Trades/Professions,8.0,7.5,-3.5,7.0,22.8,13.4
Denmark,2022,Proletariat,6.5,7.0,-2.5,5.5,19.3,10.9
Denmark,2022,StateMemory,8.0,7.5,-4.0,7.5,23.8,13.6
Denmark,2022,Shopkeepers/Merchants,7.5,7.0,-3.0,6.5,21.3,12.5
Denmark,2023,Executive,8.5,7.0,-4.0,7.5,23.8,13.4
Denmark,2023,Army,7.0,6.0,-3.0,6.0,19.0,11.4
Denmark,2023,Priests,4.0,3.0,-1.0,5.0,11.5,6.2
Denmark,2023,Property,7.5,7.0,-3.0,6.5,21.3,12.5
Denmark,2023,Trades/Professions,8.0,7.5,-3.5,7.0,22.8,13.4
Denmark,2023,Proletariat,6.5,7.0,-2.5,5.5,19.3,10.9
Denmark,2023,StateMemory,8.0,7.5,-4.0,7.5,23.8,13.6
Denmark,2023,Shopkeepers/Merchants,7.5,7.0,-3.0,6.5,21.3,12.5
Denmark,2024,Executive,8.5,7.0,-4.0,7.5,23.8,13.4
Denmark,2024,Army,7.0,6.0,-3.0,6.0,19.0,11.4
Denmark,2024,Priests,4.0,3.0,-1.0,5.0,11.5,6.2
Denmark,2024,Property,7.5,7.0,-3.0,6.5,21.3,12.5
Denmark,2024,Trades/Professions,8.0,7.5,-3.5,7.0,22.8,13.4
Denmark,2024,Proletariat,6.5,7.0,-2.5,5.5,19.3,10.9
Denmark,2024,StateMemory,8.0,7.5,-4.0,7.5,23.8,13.6
Denmark,2024,Shopkeepers/Merchants,7.5,7.0,-3.0,6.5,21.3,12.5
Denmark,2025,Executive,8.5,7.0,-4.0,7.5,23.8,13.4
Denmark,2025,Army,7.0,6.0,-3.0,6.0,19.0,11.4
Denmark,2025,Priests,4.0,3.0,-1.0,5.0,11.5,6.2
Denmark,2025,Property,7.5,7.0,-3.0,6.5,21.3,12.5
Denmark,2025,Trades/Professions,8.0,7.5,-3.5,7.0,22.8,13.4
Denmark,2025,Proletariat,6.5,7.0,-2.5,5.5,19.3,10.9
Denmark,2025,StateMemory,8.0,7.5,-4.0,7.5,23.8,13.6
Denmark,2025,Shopkeepers/Merchants,7.5,7.0,-3.0,6.5,21.3,12.5
