Society,Year,Node,Coherence,Capacity,Stress,Abstraction,Node value,Bond strength
Italy,1900,Army,5,5,4,4,8.0,2.82
Italy,1900,Executive,4,4,5,5,5.5,2.65
Italy,1900,Merchants / Shopkeepers,5,5,5,5,7.5,2.71
Italy,1900,Priesthood / Knowledge Workers,6,5,4,6,10.0,2.89
Italy,1900,Proletariat,3,4,6,3,2.5,2.48
Italy,1900,Property,4,6,4,5,8.5,2.78
Italy,1900,StateMemory,6,5,4,6,10.0,2.9
Italy,1900,Trades / Professions,5,5,5,5,7.5,2.71
Italy,1902,Army,5,5,3,4,9.0,2.98
Italy,1902,Executive,4,4,4,5,6.5,2.81
Italy,1902,Merchants / Shopkeepers,5,5,4,5,8.5,2.87
Italy,1902,Priesthood / Knowledge Workers,6,5,3,6,11.0,3.06
Italy,1902,Proletariat,4,4,5,4,5.0,2.65
Italy,1902,Property,4,6,3,5,9.5,2.94
Italy,1902,StateMemory,6,5,3,6,11.0,3.07
Italy,1902,Trades / Professions,5,5,4,5,8.5,2.87
Italy,1903,Army,5,5,3,4,9.0,2.98
Italy,1903,Executive,4,4,4,5,6.5,2.81
Italy,1903,Merchants / Shopkeepers,5,5,4,5,8.5,2.87
Italy,1903,Priesthood / Knowledge Workers,6,5,3,6,11.0,3.06
Italy,1903,Proletariat,4,4,5,4,5.0,2.65
Italy,1903,Property,4,6,3,5,9.5,2.94
Italy,1903,StateMemory,6,5,3,6,11.0,3.07
Italy,1903,Trades / Professions,5,5,4,5,8.5,2.87
Italy,1904,Army,6,6,2,5,12.5,3.29
Italy,1904,Executive,5,5,3,5,9.5,3.09
Italy,1904,Merchants / Shopkeepers,6,6,3,5,11.5,3.24
Italy,1904,Priesthood / Knowledge Workers,6,5,3,6,11.0,3.14
Italy,1904,Proletariat,4,5,4,4,7.0,2.92
Italy,1904,Property,5,6,3,5,10.5,3.19
Italy,1904,StateMemory,6,6,2,6,13.0,3.32
Italy,1904,Trades / Professions,6,6,3,5,11.5,3.24
Italy,1905,Army,6,6,2,5,12.5,3.29
Italy,1905,Executive,5,5,3,5,9.5,3.09
Italy,1905,Merchants / Shopkeepers,6,6,3,5,11.5,3.24
Italy,1905,Priesthood / Knowledge Workers,6,5,3,6,11.0,3.14
Italy,1905,Proletariat,4,5,4,4,7.0,2.92
Italy,1905,Property,5,6,3,5,10.5,3.19
Italy,1905,StateMemory,6,6,2,6,13.0,3.32
Italy,1905,Trades / Professions,6,6,3,5,11.5,3.24
Italy,1906,Army,6,6,2,5,12.5,3.29
Italy,1906,Executive,5,5,3,5,9.5,3.09
Italy,1906,Merchants / Shopkeepers,6,6,3,5,11.5,3.24
Italy,1906,Priesthood / Knowledge Workers,6,5,3,6,11.0,3.14
Italy,1906,Proletariat,4,5,4,4,7.0,2.92
Italy,1906,Property,5,6,3,5,10.5,3.19
Italy,1906,StateMemory,6,6,2,6,13.0,3.32
Italy,1906,Trades / Professions,6,6,3,5,11.5,3.24
Italy,1907,Army,6,6,2,5,12.5,3.29
Italy,1907,Executive,5,5,3,5,9.5,3.09
Italy,1907,Merchants / Shopkeepers,6,6,3,5,11.5,3.24
Italy,1907,Priesthood / Knowledge Workers,6,5,3,6,11.0,3.14
Italy,1907,Proletariat,4,5,4,4,7.0,2.92
Italy,1907,Property,5,6,3,5,10.5,3.19
Italy,1907,StateMemory,6,6,2,6,13.0,3.32
Italy,1907,Trades / Professions,6,6,3,5,11.5,3.24
Italy,1908,Army,6,6,3,5,12.0,3.22
Italy,1908,Executive,5,5,4,5,9.0,3.01
Italy,1908,Merchants / Shopkeepers,6,6,4,5,11.0,3.16
Italy,1908,Priesthood / Knowledge Workers,6,5,4,6,10.5,3.06
Italy,1908,Proletariat,4,5,5,4,6.5,2.84
Italy,1908,Property,5,6,4,5,10.0,3.11
Italy,1908,StateMemory,6,6,3,6,12.5,3.24
Italy,1908,Trades / Professions,6,6,4,5,11.0,3.16
Italy,1909,Army,6,6,3,5,12.0,3.22
Italy,1909,Executive,5,5,4,5,9.0,3.01
Italy,1909,Merchants / Shopkeepers,6,6,4,5,11.0,3.16
Italy,1909,Priesthood / Knowledge Workers,6,5,4,6,10.5,3.06
Italy,1909,Proletariat,4,5,5,4,6.5,2.84
Italy,1909,Property,5,6,4,5,10.0,3.11
Italy,1909,StateMemory,6,6,3,6,12.5,3.24
Italy,1909,Trades / Professions,6,6,4,5,11.0,3.16
Italy,1910,Army,6,6,3,5,12.0,3.22
Italy,1910,Executive,5,5,4,5,9.0,3.01
Italy,1910,Merchants / Shopkeepers,6,6,4,5,11.0,3.16
Italy,1910,Priesthood / Knowledge Workers,6,5,4,6,10.5,3.06
Italy,1910,Proletariat,4,5,5,4,6.5,2.84
Italy,1910,Property,5,6,4,5,10.0,3.11
Italy,1910,StateMemory,6,6,3,6,12.5,3.24
Italy,1910,Trades / Professions,6,6,4,5,11.0,3.16
Italy,1911,Army,6,6,3,5,12.0,3.22
Italy,1911,Executive,5,5,4,5,9.0,3.01
Italy,1911,Merchants / Shopkeepers,6,6,4,5,11.0,3.16
Italy,1911,Priesthood / Knowledge Workers,6,5,4,6,10.5,3.06
Italy,1911,Proletariat,4,5,5,4,6.5,2.84
Italy,1911,Property,5,6,4,5,10.0,3.11
Italy,1911,StateMemory,6,6,3,6,12.5,3.24
Italy,1911,Trades / Professions,6,6,4,5,11.0,3.16
Italy,1912,Army,6,6,3,5,12.0,3.22
Italy,1912,Executive,5,5,4,5,9.0,3.01
Italy,1912,Merchants / Shopkeepers,6,6,4,5,11.0,3.16
Italy,1912,Priesthood / Knowledge Workers,6,5,4,6,10.5,3.06
Italy,1912,Proletariat,4,5,5,4,6.5,2.84
Italy,1912,Property,5,6,4,5,10.0,3.11
Italy,1912,StateMemory,6,6,3,6,12.5,3.24
Italy,1912,Trades / Professions,6,6,4,5,11.0,3.16
Italy,1913,Army,6,6,4,5,12.5,3.15
Italy,1913,Executive,5,5,5,5,8.5,2.94
Italy,1913,Merchants / Shopkeepers,6,6,5,5,10.5,3.09
Italy,1913,Priesthood / Knowledge Workers,6,5,5,6,10.0,2.99
Italy,1913,Proletariat,4,5,6,4,6.0,2.77
Italy,1913,Property,5,6,5,5,9.5,3.04
Italy,1913,StateMemory,6,6,4,6,12.0,3.17
Italy,1913,Trades / Professions,6,6,5,5,10.5,3.09
Italy,1914,Army,6,6,5,5,11.5,3.08
Italy,1914,Executive,5,5,6,5,8.0,2.87
Italy,1914,Merchants / Shopkeepers,6,6,6,5,10.0,3.02
Italy,1914,Priesthood / Knowledge Workers,6,5,6,6,9.5,2.92
Italy,1914,Proletariat,4,5,7,4,5.5,2.7
Italy,1914,Property,5,6,6,5,9.0,2.97
Italy,1914,StateMemory,6,6,5,6,11.5,3.1
Italy,1914,Trades / Professions,6,6,6,5,10.0,3.02
Italy,1915,Army,5,5,6,4,9.0,2.84
Italy,1915,Executive,4,4,7,4,5.5,2.63
Italy,1915,Merchants / Shopkeepers,5,5,7,4,7.5,2.78
Italy,1915,Priesthood / Knowledge Workers,5,4,7,5,7.0,2.69
Italy,1915,Proletariat,3,4,8,3,3.5,2.46
Italy,1915,Property,4,5,7,4,7.0,2.74
Italy,1915,StateMemory,5,5,6,6,9.0,2.87
Italy,1915,Trades / Professions,5,5,7,4,7.5,2.78
Italy,1916,Army,5,5,6,4,9.0,2.84
Italy,1916,Executive,4,4,7,4,5.5,2.63
Italy,1916,Merchants / Shopkeepers,5,5,7,4,7.5,2.78
Italy,1916,Priesthood / Knowledge Workers,5,4,7,5,7.0,2.69
Italy,1916,Proletariat,3,4,8,3,3.5,2.46
Italy,1916,Property,4,5,7,4,7.0,2.74
Italy,1916,StateMemory,5,5,6,6,9.0,2.87
Italy,1916,Trades / Professions,5,5,7,4,7.5,2.78
Italy,1917,Army,4,4,7,4,6.5,2.63
Italy,1917,Executive,3,3,8,3,3.0,2.42
Italy,1917,Merchants / Shopkeepers,4,4,8,4,5.0,2.57
Italy,1917,Priesthood / Knowledge Workers,4,3,8,5,4.5,2.53
Italy,1917,Proletariat,2,3,9,2,1.0,2.25
Italy,1917,Property,3,4,8,3,4.5,2.5
Italy,1917,StateMemory,4,4,7,6,7.0,2.72
Italy,1917,Trades / Professions,4,4,8,4,5.0,2.57
Italy,1918,Army,4,4,7,4,6.5,2.63
Italy,1918,Executive,3,3,8,3,3.0,2.42
Italy,1918,Merchants / Shopkeepers,4,4,8,4,5.0,2.57
Italy,1918,Priesthood / Knowledge Workers,4,3,8,5,4.5,2.53
Italy,1918,Proletariat,2,3,9,2,1.0,2.25
Italy,1918,Property,3,4,8,3,4.5,2.5
Italy,1918,StateMemory,4,4,7,6,7.0,2.72
Italy,1918,Trades / Professions,4,4,8,4,5.0,2.57
Italy,1919,Army,4,4,6,4,7.0,2.7
Italy,1919,Executive,3,4,7,4,5.0,2.56
Italy,1919,Merchants / Shopkeepers,4,5,7,5,7.5,2.71
Italy,1919,Priesthood / Knowledge Workers,4,4,7,6,7.0,2.67
Italy,1919,Proletariat,3,4,8,3,4.0,2.41
Italy,1919,Property,4,5,7,4,6.5,2.64
Italy,1919,StateMemory,4,5,6,7,9.5,2.86
Italy,1919,Trades / Professions,4,5,7,5,7.5,2.71
Italy,1920,Army,5,5,5,4,10.0,2.98
Italy,1920,Executive,4,5,6,4,7.0,2.81
Italy,1920,Merchants / Shopkeepers,5,6,6,5,10.0,2.96
Italy,1920,Priesthood / Knowledge Workers,5,5,6,6,10.0,2.92
Italy,1920,Proletariat,4,5,7,4,6.0,2.65
Italy,1920,Property,5,6,6,5,9.5,2.91
Italy,1920,StateMemory,5,6,5,7,12.5,3.11
Italy,1920,Trades / Professions,5,6,6,5,10.0,2.96
Italy,1921,Army,5,5,5,4,10.0,2.98
Italy,1921,Executive,4,5,6,4,7.0,2.81
Italy,1921,Merchants / Shopkeepers,5,6,6,5,10.0,2.96
Italy,1921,Priesthood / Knowledge Workers,5,5,6,6,10.0,2.92
Italy,1921,Proletariat,4,5,7,4,6.0,2.65
Italy,1921,Property,5,6,6,5,9.5,2.91
Italy,1921,StateMemory,5,6,5,7,12.5,3.11
Italy,1921,Trades / Professions,5,6,6,5,10.0,2.96
Italy,1922,Army,6,6,4,5,12.0,3.22
Italy,1922,Executive,5,6,5,5,10.5,3.09
Italy,1922,Merchants / Shopkeepers,6,7,5,6,14.0,3.24
Italy,1922,Priesthood / Knowledge Workers,6,6,5,7,14.0,3.2
Italy,1922,Proletariat,5,6,6,5,10.0,2.92
Italy,1922,Property,6,7,5,6,13.5,3.19
Italy,1922,StateMemory,6,7,4,8,16.0,3.39
Italy,1922,Trades / Professions,6,7,5,6,14.0,3.24
Italy,1923,Army,6,6,4,5,12.0,3.22
Italy,1923,Executive,5,6,5,5,10.5,3.09
Italy,1923,Merchants / Shopkeepers,6,7,5,6,14.0,3.24
Italy,1923,Priesthood / Knowledge Workers,6,6,5,7,14.0,3.2
Italy,1923,Proletariat,5,6,6,5,10.0,2.92
Italy,1923,Property,6,7,5,6,13.5,3.19
Italy,1923,StateMemory,6,7,4,8,16.0,3.39
Italy,1923,Trades / Professions,6,7,5,6,14.0,3.24
Italy,1924,Army,6,6,3,5,12.5,3.29
Italy,1924,Executive,5,6,4,5,11.0,3.16
Italy,1924,Merchants / Shopkeepers,6,7,4,6,14.5,3.31
Italy,1924,Priesthood / Knowledge Workers,6,6,4,7,14.5,3.27
Italy,1924,Proletariat,5,6,5,5,10.5,2.99
Italy,1924,Property,6,7,4,6,14.0,3.26
Italy,1924,StateMemory,6,7,3,8,16.5,3.46
Italy,1924,Trades / Professions,6,7,4,6,14.5,3.31
Italy,1925,Army,6,6,3,5,12.5,3.29
Italy,1925,Executive,5,6,4,5,11.0,3.16
Italy,1925,Merchants / Shopkeepers,6,7,4,6,14.5,3.31
Italy,1925,Priesthood / Knowledge Workers,6,6,4,7,14.5,3.27
Italy,1925,Proletariat,5,6,5,5,10.5,2.99
Italy,1925,Property,6,7,4,6,14.0,3.26
Italy,1925,StateMemory,6,7,3,8,16.5,3.46
Italy,1925,Trades / Professions,6,7,4,6,14.5,3.31
Italy,1926,Army,6,6,3,5,12.5,3.29
Italy,1926,Executive,5,6,4,5,11.0,3.16
Italy,1926,Merchants / Shopkeepers,6,7,4,6,14.5,3.31
Italy,1926,Priesthood / Knowledge Workers,6,6,4,7,14.5,3.27
Italy,1926,Proletariat,5,6,5,5,10.5,2.99
Italy,1926,Property,6,7,4,6,14.0,3.26
Italy,1926,StateMemory,6,7,3,8,16.5,3.46
Italy,1926,Trades / Professions,6,7,4,6,14.5,3.31
Italy,1927,Army,6,6,3,5,12.5,3.29
Italy,1927,Executive,5,6,4,5,11.0,3.16
Italy,1927,Merchants / Shopkeepers,6,7,4,6,14.5,3.31
Italy,1927,Priesthood / Knowledge Workers,6,6,4,7,14.5,3.27
Italy,1927,Proletariat,5,6,5,5,10.5,2.99
Italy,1927,Property,6,7,4,6,14.0,3.26
Italy,1927,StateMemory,6,7,3,8,16.5,3.46
Italy,1927,Trades / Professions,6,7,4,6,14.5,3.31
Italy,1917,Army,4,4,7,4,6.5,2.63
Italy,1917,Executive,3,3,8,3,3.0,2.42
Italy,1917,Merchants / Shopkeepers,4,4,8,4,5.0,2.57
Italy,1917,Priesthood / Knowledge Workers,4,3,8,5,4.5,2.53
Italy,1917,Proletariat,2,3,9,2,1.0,2.25
Italy,1917,Property,3,4,8,3,4.5,2.5
Italy,1917,StateMemory,4,4,7,6,7.0,2.72
Italy,1917,Trades / Professions,4,4,8,4,5.0,2.57
Italy,1918,Army,4,4,7,4,6.5,2.63
Italy,1918,Executive,3,3,8,3,3.0,2.42
Italy,1918,Merchants / Shopkeepers,4,4,8,4,5.0,2.57
Italy,1918,Priesthood / Knowledge Workers,4,3,8,5,4.5,2.53
Italy,1918,Proletariat,2,3,9,2,1.0,2.25
Italy,1918,Property,3,4,8,3,4.5,2.5
Italy,1918,StateMemory,4,4,7,6,7.0,2.72
Italy,1918,Trades / Professions,4,4,8,4,5.0,2.57
Italy,1919,Army,4,4,6,4,7.0,2.7
Italy,1919,Executive,3,4,7,4,5.0,2.56
Italy,1919,Merchants / Shopkeepers,4,5,7,5,7.5,2.71
Italy,1919,Priesthood / Knowledge Workers,4,4,7,6,7.0,2.67
Italy,1919,Proletariat,3,4,8,3,4.0,2.41
Italy,1919,Property,4,5,7,4,6.5,2.64
Italy,1919,StateMemory,4,5,6,7,9.5,2.86
Italy,1919,Trades / Professions,4,5,7,5,7.5,2.71
Italy,1920,Army,5,5,5,4,10.0,2.98
Italy,1920,Executive,4,5,6,4,7.0,2.81
Italy,1920,Merchants / Shopkeepers,5,6,6,5,10.0,2.96
Italy,1920,Priesthood / Knowledge Workers,5,5,6,6,10.0,2.92
Italy,1920,Proletariat,4,5,7,4,6.0,2.65
Italy,1920,Property,5,6,6,5,9.5,2.91
Italy,1920,StateMemory,5,6,5,7,12.5,3.11
Italy,1920,Trades / Professions,5,6,6,5,10.0,2.96
Italy,1921,Army,5,5,5,4,10.0,2.98
Italy,1921,Executive,4,5,6,4,7.0,2.81
Italy,1921,Merchants / Shopkeepers,5,6,6,5,10.0,2.96
Italy,1921,Priesthood / Knowledge Workers,5,5,6,6,10.0,2.92
Italy,1921,Proletariat,4,5,7,4,6.0,2.65
Italy,1921,Property,5,6,6,5,9.5,2.91
Italy,1921,StateMemory,5,6,5,7,12.5,3.11
Italy,1921,Trades / Professions,5,6,6,5,10.0,2.96
Italy,1922,Army,6,6,4,5,12.0,3.22
Italy,1922,Executive,5,6,5,5,10.5,3.09
Italy,1922,Merchants / Shopkeepers,6,7,5,6,14.0,3.24
Italy,1922,Priesthood / Knowledge Workers,6,6,5,7,14.0,3.2
Italy,1922,Proletariat,5,6,6,5,10.0,2.92
Italy,1922,Property,6,7,5,6,13.5,3.19
Italy,1922,StateMemory,6,7,4,8,16.0,3.39
Italy,1922,Trades / Professions,6,7,5,6,14.0,3.24
Italy,1923,Army,6,6,4,5,12.0,3.22
Italy,1923,Executive,5,6,5,5,10.5,3.09
Italy,1923,Merchants / Shopkeepers,6,7,5,6,14.0,3.24
Italy,1923,Priesthood / Knowledge Workers,6,6,5,7,14.0,3.2
Italy,1923,Proletariat,5,6,6,5,10.0,2.92
Italy,1923,Property,6,7,5,6,13.5,3.19
Italy,1923,StateMemory,6,7,4,8,16.0,3.39
Italy,1923,Trades / Professions,6,7,5,6,14.0,3.24
Italy,1924,Army,6,6,3,5,12.5,3.29
Italy,1924,Executive,5,6,4,5,11.0,3.16
Italy,1924,Merchants / Shopkeepers,6,7,4,6,14.5,3.31
Italy,1924,Priesthood / Knowledge Workers,6,6,4,7,14.5,3.27
Italy,1924,Proletariat,5,6,5,5,10.5,2.99
Italy,1924,Property,6,7,4,6,14.0,3.26
Italy,1924,StateMemory,6,7,3,8,16.5,3.46
Italy,1924,Trades / Professions,6,7,4,6,14.5,3.31
Italy,1925,Army,6,6,3,5,12.5,3.29
Italy,1925,Executive,5,6,4,5,11.0,3.16
Italy,1925,Merchants / Shopkeepers,6,7,4,6,14.5,3.31
Italy,1925,Priesthood / Knowledge Workers,6,6,4,7,14.5,3.27
Italy,1925,Proletariat,5,6,5,5,10.5,2.99
Italy,1925,Property,6,7,4,6,14.0,3.26
Italy,1925,StateMemory,6,7,3,8,16.5,3.46
Italy,1925,Trades / Professions,6,7,4,6,14.5,3.31
Italy,1926,Army,6,6,3,5,12.5,3.29
Italy,1926,Executive,5,6,4,5,11.0,3.16
Italy,1926,Merchants / Shopkeepers,6,7,4,6,14.5,3.31
Italy,1926,Priesthood / Knowledge Workers,6,6,4,7,14.5,3.27
Italy,1926,Proletariat,5,6,5,5,10.5,2.99
Italy,1926,Property,6,7,4,6,14.0,3.26
Italy,1926,StateMemory,6,7,3,8,16.5,3.46
Italy,1926,Trades / Professions,6,7,4,6,14.5,3.31
Italy,1927,Army,6,6,3,5,12.5,3.29
Italy,1927,Executive,5,6,4,5,11.0,3.16
Italy,1927,Merchants / Shopkeepers,6,7,4,6,14.5,3.31
Italy,1927,Priesthood / Knowledge Workers,6,6,4,7,14.5,3.27
Italy,1927,Proletariat,5,6,5,5,10.5,2.99
Italy,1927,Property,6,7,4,6,14.0,3.26
Italy,1927,StateMemory,6,7,3,8,16.5,3.46
Italy,1927,Trades / Professions,6,7,4,6,14.5,3.31
Italy,1928,Army,6,6,3,5,12.5,3.29
Italy,1928,Executive,5,6,4,5,11.0,3.16
Italy,1928,Merchants / Shopkeepers,6,7,4,6,14.5,3.31
Italy,1928,Priesthood / Knowledge Workers,6,6,4,7,14.5,3.27
Italy,1928,Proletariat,5,6,5,5,10.5,2.99
Italy,1928,Property,6,7,4,6,14.0,3.26
Italy,1928,StateMemory,6,7,3,8,16.5,3.46
Italy,1928,Trades / Professions,6,7,4,6,14.5,3.31
Italy,1929,Army,6,6,3,5,12.5,3.29
Italy,1929,Executive,5,6,4,5,11.0,3.16
Italy,1929,Merchants / Shopkeepers,6,7,4,6,14.5,3.31
Italy,1929,Priesthood / Knowledge Workers,6,6,4,7,14.5,3.27
Italy,1929,Proletariat,5,6,5,5,10.5,2.99
Italy,1929,Property,6,7,4,6,14.0,3.26
Italy,1929,StateMemory,6,7,3,8,16.5,3.46
Italy,1929,Trades / Professions,6,7,4,6,14.5,3.31
Italy,1930,Army,6,6,4,5,12.0,3.22
Italy,1930,Executive,5,6,5,5,10.5,3.09
Italy,1930,Merchants / Shopkeepers,6,7,5,6,14.0,3.24
Italy,1930,Priesthood / Knowledge Workers,6,6,5,7,14.0,3.2
Italy,1930,Proletariat,5,6,6,5,10.0,2.92
Italy,1930,Property,6,7,5,6,13.5,3.19
Italy,1930,StateMemory,6,7,4,8,16.0,3.39
Italy,1930,Trades / Professions,6,7,5,6,14.0,3.24
Italy,1931,Army,6,6,4,5,12.0,3.22
Italy,1931,Executive,5,6,5,5,10.5,3.09
Italy,1931,Merchants / Shopkeepers,6,7,5,6,14.0,3.24
Italy,1931,Priesthood / Knowledge Workers,6,6,5,7,14.0,3.2
Italy,1931,Proletariat,5,6,6,5,10.0,2.92
Italy,1931,Property,6,7,5,6,13.5,3.19
Italy,1931,StateMemory,6,7,4,8,16.0,3.39
Italy,1931,Trades / Professions,6,7,5,6,14.0,3.24
Italy,1932,Army,6,6,4,5,12.0,3.22
Italy,1932,Executive,5,6,5,5,10.5,3.09
Italy,1932,Merchants / Shopkeepers,6,7,5,6,14.0,3.24
Italy,1932,Priesthood / Knowledge Workers,6,6,5,7,14.0,3.2
Italy,1932,Proletariat,5,6,6,5,10.0,2.92
Italy,1932,Property,6,7,5,6,13.5,3.19
Italy,1932,StateMemory,6,7,4,8,16.0,3.39
Italy,1932,Trades / Professions,6,7,5,6,14.0,3.24
Italy,1933,Army,6,6,4,5,12.0,3.22
Italy,1933,Executive,5,6,5,5,10.5,3.09
Italy,1933,Merchants / Shopkeepers,6,7,5,6,14.0,3.24
Italy,1933,Priesthood / Knowledge Workers,6,6,5,7,14.0,3.2
Italy,1933,Proletariat,5,6,6,5,10.0,2.92
Italy,1933,Property,6,7,5,6,13.5,3.19
Italy,1933,StateMemory,6,7,4,8,16.0,3.39
Italy,1933,Trades / Professions,6,7,5,6,14.0,3.24
Italy,1934,Army,6,6,4,5,12.0,3.22
Italy,1934,Executive,5,6,5,5,10.5,3.09
Italy,1934,Merchants / Shopkeepers,6,7,5,6,14.0,3.24
Italy,1934,Priesthood / Knowledge Workers,6,6,5,7,14.0,3.2
Italy,1934,Proletariat,5,6,6,5,10.0,2.92
Italy,1934,Property,6,7,5,6,13.5,3.19
Italy,1934,StateMemory,6,7,4,8,16.0,3.39
Italy,1934,Trades / Professions,6,7,5,6,14.0,3.24
Italy,1935,Army,6,6,4,5,12.0,3.22
Italy,1935,Executive,5,6,5,5,10.5,3.09
Italy,1935,Merchants / Shopkeepers,6,7,5,6,14.0,3.24
Italy,1935,Priesthood / Knowledge Workers,6,6,5,7,14.0,3.2
Italy,1935,Proletariat,5,6,6,5,10.0,2.92
Italy,1935,Property,6,7,5,6,13.5,3.19
Italy,1935,StateMemory,6,7,4,8,16.0,3.39
Italy,1935,Trades / Professions,6,7,5,6,14.0,3.24
Italy,1936,Army,6,6,4,5,12.0,3.22
Italy,1936,Executive,5,6,5,5,10.5,3.09
Italy,1936,Merchants / Shopkeepers,6,7,5,6,14.0,3.24
Italy,1936,Priesthood / Knowledge Workers,6,6,5,7,14.0,3.2
Italy,1936,Proletariat,5,6,6,5,10.0,2.92
Italy,1936,Property,6,7,5,6,13.5,3.19
Italy,1936,StateMemory,6,7,4,8,16.0,3.39
Italy,1936,Trades / Professions,6,7,5,6,14.0,3.24
Italy,1937,Army,6,6,4,5,12.0,3.22
Italy,1937,Executive,5,6,5,5,10.5,3.09
Italy,1937,Merchants / Shopkeepers,6,7,5,6,14.0,3.24
Italy,1937,Priesthood / Knowledge Workers,6,6,5,7,14.0,3.2
Italy,1937,Proletariat,5,6,6,5,10.0,2.92
Italy,1937,Property,6,7,5,6,13.5,3.19
Italy,1937,StateMemory,6,7,4,8,16.0,3.39
Italy,1937,Trades / Professions,6,7,5,6,14.0,3.24
Italy,1938,Army,6,6,4,5,12.0,3.22
Italy,1938,Executive,5,6,5,5,10.5,3.09
Italy,1938,Merchants / Shopkeepers,6,7,5,6,14.0,3.24
Italy,1938,Priesthood / Knowledge Workers,6,6,5,7,14.0,3.2
Italy,1938,Proletariat,5,6,6,5,10.0,2.92
Italy,1938,Property,6,7,5,6,13.5,3.19
Italy,1938,StateMemory,6,7,4,8,16.0,3.39
Italy,1938,Trades / Professions,6,7,5,6,14.0,3.24
Italy,1939,Army,6,6,4,5,12.0,3.22
Italy,1939,Executive,5,6,5,5,10.5,3.09
Italy,1939,Merchants / Shopkeepers,6,7,5,6,14.0,3.24
Italy,1939,Priesthood / Knowledge Workers,6,6,5,7,14.0,3.2
Italy,1939,Proletariat,5,6,6,5,10.0,2.92
Italy,1939,Property,6,7,5,6,13.5,3.19
Italy,1939,StateMemory,6,7,4,8,16.0,3.39
Italy,1939,Trades / Professions,6,7,5,6,14.0,3.24
Italy,1940,Army,5,5,6,4,9.0,2.84
Italy,1940,Executive,4,5,7,4,6.5,2.63
Italy,1940,Merchants / Shopkeepers,5,6,7,5,9.0,2.78
Italy,1940,Priesthood / Knowledge Workers,5,5,7,6,8.5,2.74
Italy,1940,Proletariat,4,5,8,4,5.0,2.46
Italy,1940,Property,5,6,7,5,8.5,2.71
Italy,1940,StateMemory,5,6,6,7,11.0,2.93
Italy,1940,Trades / Professions,5,6,7,5,9.0,2.78
Italy,1941,Army,4,4,7,4,6.5,2.63
Italy,1941,Executive,3,4,8,3,3.0,2.42
Italy,1941,Merchants / Shopkeepers,4,5,8,4,5.5,2.57
Italy,1941,Priesthood / Knowledge Workers,4,4,8,5,5.0,2.53
Italy,1941,Proletariat,3,4,9,3,2.5,2.25
Italy,1941,Property,4,5,8,4,5.5,2.5
Italy,1941,StateMemory,4,5,7,6,8.0,2.72
Italy,1941,Trades / Professions,4,5,8,4,5.5,2.57
Italy,1942,Army,3,3,8,3,3.0,2.42
Italy,1942,Executive,2,3,9,2,0.5,2.25
Italy,1942,Merchants / Shopkeepers,3,4,9,3,2.0,2.41
Italy,1942,Priesthood / Knowledge Workers,3,3,9,4,2.0,2.41
Italy,1942,Proletariat,2,3,10,2,-0.5,2.1
Italy,1942,Property,3,4,9,3,2.0,2.41
Italy,1942,StateMemory,3,4,8,5,4.5,2.56
Italy,1942,Trades / Professions,3,4,9,3,2.0,2.41
Italy,1943,Army,2,2,9,2,0.5,2.25
Italy,1943,Executive,1,2,10,1,-2.5,2.1
Italy,1943,Merchants / Shopkeepers,2,3,10,2,-0.5,2.25
Italy,1943,Priesthood / Knowledge Workers,2,2,10,3,-0.5,2.25
Italy,1943,Proletariat,1,2,11,1,-3.0,1.98
Italy,1943,Property,2,3,10,2,-0.5,2.25
Italy,1943,StateMemory,2,3,9,4,2.5,2.41
Italy,1943,Trades / Professions,2,3,10,2,-0.5,2.25
Italy,1944,Army,2,2,8,2,1.5,2.33
Italy,1944,Executive,1,2,9,1,-1.5,2.17
Italy,1944,Merchants / Shopkeepers,2,3,9,2,0.5,2.33
Italy,1944,Priesthood / Knowledge Workers,2,2,9,3,1.0,2.33
Italy,1944,Proletariat,1,2,10,1,-2.0,2.05
Italy,1944,Property,2,3,9,2,0.5,2.33
Italy,1944,StateMemory,2,3,8,4,3.5,2.5
Italy,1944,Trades / Professions,2,3,9,2,0.5,2.33
Italy,1945,Army,3,3,7,3,4.0,2.57
Italy,1945,Executive,2,3,8,2,1.0,2.41
Italy,1945,Merchants / Shopkeepers,3,4,8,3,4.0,2.57
Italy,1945,Priesthood / Knowledge Workers,3,3,8,4,4.0,2.57
Italy,1945,Proletariat,2,3,9,2,1.0,2.25
Italy,1945,Property,3,4,8,3,4.0,2.57
Italy,1945,StateMemory,3,4,7,5,6.5,2.71
Italy,1945,Trades / Professions,3,4,8,3,4.0,2.57
Italy,1946,Army,4,4,6,4,7.0,2.7
Italy,1946,Executive,3,4,7,3,4.5,2.56
Italy,1946,Merchants / Shopkeepers,4,5,7,4,7.5,2.71
Italy,1946,Priesthood / Knowledge Workers,4,4,7,5,7.0,2.67
Italy,1946,Proletariat,3,4,8,3,4.0,2.41
Italy,1946,Property,4,5,7,4,6.5,2.64
Italy,1946,StateMemory,4,5,6,6,9.5,2.86
Italy,1946,Trades / Professions,4,5,7,4,7.5,2.71
Italy,1947,Army,5,5,5,4,10.0,2.98
Italy,1947,Executive,4,5,6,4,7.0,2.81
Italy,1947,Merchants / Shopkeepers,5,6,6,5,10.0,2.96
Italy,1947,Priesthood / Knowledge Workers,5,5,6,6,10.0,2.92
Italy,1947,Proletariat,4,5,7,4,6.0,2.65
Italy,1947,Property,5,6,6,5,9.5,2.91
Italy,1947,StateMemory,5,6,5,7,12.5,3.11
Italy,1947,Trades / Professions,5,6,6,5,10.0,2.96
Italy,1948,Army,5,5,4,4,11.0,3.06
Italy,1948,Executive,4,5,5,4,8.0,2.9
Italy,1948,Merchants / Shopkeepers,5,6,5,5,11.0,3.04
Italy,1948,Priesthood / Knowledge Workers,5,5,5,6,11.5,3.02
Italy,1948,Proletariat,4,5,6,4,7.0,2.74
Italy,1948,Property,5,6,5,5,10.0,2.99
Italy,1948,StateMemory,5,6,4,7,13.0,3.2
Italy,1948,Trades / Professions,5,6,5,5,11.0,3.04
Italy,1949,Army,5,5,4,4,11.0,3.06
Italy,1949,Executive,4,5,5,4,8.0,2.9
Italy,1949,Merchants / Shopkeepers,5,6,5,5,11.0,3.04
Italy,1949,Priesthood / Knowledge Workers,5,5,5,6,11.5,3.02
Italy,1949,Proletariat,4,5,6,4,7.0,2.74
Italy,1949,Property,5,6,5,5,10.0,2.99
Italy,1949,StateMemory,5,6,4,7,13.0,3.2
Italy,1949,Trades / Professions,5,6,5,5,11.0,3.04
Italy,1950,Army,6,6,3,5,13.5,3.29
Italy,1950,Executive,5,6,4,5,11.0,3.16
Italy,1950,Merchants / Shopkeepers,6,7,4,6,14.5,3.31
Italy,1950,Priesthood / Knowledge Workers,6,6,4,7,14.5,3.27
Italy,1950,Proletariat,5,6,5,5,10.5,2.99
Italy,1950,Property,6,7,4,6,14.0,3.26
Italy,1950,StateMemory,6,7,3,8,16.5,3.46
Italy,1950,Trades / Professions,6,7,4,6,14.5,3.31
Italy,1951,Army,6,6,3,5,13.5,3.29
Italy,1951,Executive,5,6,4,5,11.0,3.16
Italy,1951,Merchants / Shopkeepers,6,7,4,6,14.5,3.31
Italy,1951,Priesthood / Knowledge Workers,6,6,4,7,14.5,3.27
Italy,1951,Proletariat,5,6,5,5,10.5,2.99
Italy,1951,Property,6,7,4,6,14.0,3.26
Italy,1951,StateMemory,6,7,3,8,16.5,3.46
Italy,1951,Trades / Professions,6,7,4,6,14.5,3.31
Italy,1952,Army,6,6,3,5,13.5,3.29
Italy,1952,Executive,5,6,4,5,11.0,3.16
Italy,1952,Merchants / Shopkeepers,6,7,4,6,14.5,3.31
Italy,1952,Priesthood / Knowledge Workers,6,6,4,7,14.5,3.27
Italy,1952,Proletariat,5,6,5,5,10.5,2.99
Italy,1952,Property,6,7,4,6,14.0,3.26
Italy,1952,StateMemory,6,7,3,8,16.5,3.46
Italy,1952,Trades / Professions,6,7,4,6,14.5,3.31
Italy,1953,Army,6,6,3,5,13.5,3.29
Italy,1953,Executive,5,6,4,5,11.0,3.16
Italy,1953,Merchants / Shopkeepers,6,7,4,6,14.5,3.31
Italy,1953,Priesthood / Knowledge Workers,6,6,4,7,14.5,3.27
Italy,1953,Proletariat,5,6,5,5,10.5,2.99
Italy,1953,Property,6,7,4,6,14.0,3.26
Italy,1953,StateMemory,6,7,3,8,16.5,3.46
Italy,1953,Trades / Professions,6,7,4,6,14.5,3.31
Italy,1954,Army,6,6,3,5,13.5,3.29
Italy,1954,Executive,5,6,4,5,11.0,3.16
Italy,1954,Merchants / Shopkeepers,6,7,4,6,14.5,3.31
Italy,1954,Priesthood / Knowledge Workers,6,6,4,7,14.5,3.27
Italy,1954,Proletariat,5,6,5,5,10.5,2.99
Italy,1954,Property,6,7,4,6,14.0,3.26
Italy,1954,StateMemory,6,7,3,8,16.5,3.46
Italy,1954,Trades / Professions,6,7,4,6,14.5,3.31
Italy,1955,Army,6,6,3,5,13.5,3.29
Italy,1955,Executive,5,6,4,5,11.0,3.16
Italy,1955,Merchants / Shopkeepers,6,7,4,6,14.5,3.31
Italy,1955,Priesthood / Knowledge Workers,6,6,4,7,14.5,3.27
Italy,1955,Proletariat,5,6,5,5,10.5,2.99
Italy,1955,Property,6,7,4,6,14.0,3.26
Italy,1955,StateMemory,6,7,3,8,16.5,3.46
Italy,1955,Trades / Professions,6,7,4,6,14.5,3.31
Italy,1956,Army,6,6,3,5,13.5,3.29
Italy,1956,Executive,5,6,4,5,11.0,3.16
Italy,1956,Merchants / Shopkeepers,6,7,4,6,14.5,3.31
Italy,1956,Priesthood / Knowledge Workers,6,6,4,7,14.5,3.27
Italy,1956,Proletariat,5,6,5,5,10.5,2.99
Italy,1956,Property,6,7,4,6,14.0,3.26
Italy,1956,StateMemory,6,7,3,8,16.5,3.46
Italy,1956,Trades / Professions,6,7,4,6,14.5,3.31
Italy,1957,Army,6,6,3,5,13.5,3.29
Italy,1957,Executive,5,6,4,5,11.0,3.16
Italy,1957,Merchants / Shopkeepers,6,7,4,6,14.5,3.31
Italy,1957,Priesthood / Knowledge Workers,6,6,4,7,14.5,3.27
Italy,1957,Proletariat,5,6,5,5,10.5,2.99
Italy,1957,Property,6,7,4,6,14.0,3.26
Italy,1957,StateMemory,6,7,3,8,16.5,3.46
Italy,1957,Trades / Professions,6,7,4,6,14.5,3.31
Italy,1958,Army,6,6,3,5,13.5,3.29
Italy,1958,Executive,5,6,4,5,11.0,3.16
Italy,1958,Merchants / Shopkeepers,6,7,4,6,14.5,3.31
Italy,1958,Priesthood / Knowledge Workers,6,6,4,7,14.5,3.27
Italy,1958,Proletariat,5,6,5,5,10.5,2.99
Italy,1958,Property,6,7,4,6,14.0,3.26
Italy,1958,StateMemory,6,7,3,8,16.5,3.46
Italy,1958,Trades / Professions,6,7,4,6,14.5,3.31
Italy,1959,Army,6,6,3,5,13.5,3.29
Italy,1959,Executive,5,6,4,5,11.0,3.16
Italy,1959,Merchants / Shopkeepers,6,7,4,6,14.5,3.31
Italy,1959,Priesthood / Knowledge Workers,6,6,4,7,14.5,3.27
Italy,1959,Proletariat,5,6,5,5,10.5,2.99
Italy,1959,Property,6,7,4,6,14.0,3.26
Italy,1959,StateMemory,6,7,3,8,16.5,3.46
Italy,1959,Trades / Professions,6,7,4,6,14.5,3.31
Italy,1960,Army,6,6,4,5,13.0,3.22
Italy,1960,Executive,5,6,5,5,10.5,3.09
Italy,1960,Merchants / Shopkeepers,6,7,5,6,14.0,3.24
Italy,1960,Priesthood / Knowledge Workers,6,6,5,7,14.0,3.2
Italy,1960,Proletariat,5,6,6,5,10.0,2.92
Italy,1960,Property,6,7,5,6,13.5,3.19
Italy,1960,StateMemory,6,7,4,8,16.0,3.39
Italy,1960,Trades / Professions,6,7,5,6,14.0,3.24
Italy,1961,Army,6,6,4,5,13.0,3.22
Italy,1961,Executive,5,6,5,5,10.5,3.09
Italy,1961,Merchants / Shopkeepers,6,7,5,6,14.0,3.24
Italy,1961,Priesthood / Knowledge Workers,6,6,5,7,14.0,3.2
Italy,1961,Proletariat,5,6,6,5,10.0,2.92
Italy,1961,Property,6,7,5,6,13.5,3.19
Italy,1961,StateMemory,6,7,4,8,16.0,3.39
Italy,1961,Trades / Professions,6,7,5,6,14.0,3.24
Italy,1962,Army,6,6,4,5,13.0,3.22
Italy,1962,Executive,5,6,5,5,10.5,3.09
Italy,1962,Merchants / Shopkeepers,6,7,5,6,14.0,3.24
Italy,1962,Priesthood / Knowledge Workers,6,6,5,7,14.0,3.2
Italy,1962,Proletariat,5,6,6,5,10.0,2.92
Italy,1962,Property,6,7,5,6,13.5,3.19
Italy,1962,StateMemory,6,7,4,8,16.0,3.39
Italy,1962,Trades / Professions,6,7,5,6,14.0,3.24
Italy,1963,Army,6,6,4,5,13.0,3.22
Italy,1963,Executive,5,6,5,5,10.5,3.09
Italy,1963,Merchants / Shopkeepers,6,7,5,6,14.0,3.24
Italy,1963,Priesthood / Knowledge Workers,6,6,5,7,14.0,3.2
Italy,1963,Proletariat,5,6,6,5,10.0,2.92
Italy,1963,Property,6,7,5,6,13.5,3.19
Italy,1963,StateMemory,6,7,4,8,16.0,3.39
Italy,1963,Trades / Professions,6,7,5,6,14.0,3.24
Italy,1964,Army,6,6,4,5,13.0,3.22
Italy,1964,Executive,5,6,5,5,10.5,3.09
Italy,1964,Merchants / Shopkeepers,6,7,5,6,14.0,3.24
Italy,1964,Priesthood / Knowledge Workers,6,6,5,7,14.0,3.2
Italy,1964,Proletariat,5,6,6,5,10.0,2.92
Italy,1964,Property,6,7,5,6,13.5,3.19
Italy,1964,StateMemory,6,7,4,8,16.0,3.39
Italy,1964,Trades / Professions,6,7,5,6,14.0,3.24
Italy,1965,Army,6,6,4,5,13.0,3.22
Italy,1965,Executive,5,6,5,5,10.5,3.09
Italy,1965,Merchants / Shopkeepers,6,7,5,6,14.0,3.24
Italy,1965,Priesthood / Knowledge Workers,6,6,5,7,14.0,3.2
Italy,1965,Proletariat,5,6,6,5,10.0,2.92
Italy,1965,Property,6,7,5,6,13.5,3.19
Italy,1965,StateMemory,6,7,4,8,16.0,3.39
Italy,1965,Trades / Professions,6,7,5,6,14.0,3.24
Italy,1966,Army,6,6,4,5,13.0,3.22
Italy,1966,Executive,5,6,5,5,10.5,3.09
Italy,1966,Merchants / Shopkeepers,6,7,5,6,14.0,3.24
Italy,1966,Priesthood / Knowledge Workers,6,6,5,7,14.0,3.2
Italy,1966,Proletariat,5,6,6,5,10.0,2.92
Italy,1966,Property,6,7,5,6,13.5,3.19
Italy,1966,StateMemory,6,7,4,8,16.0,3.39
Italy,1966,Trades / Professions,6,7,5,6,14.0,3.24
Italy,1967,Army,6,6,4,5,13.0,3.22
Italy,1967,Executive,5,6,5,5,10.5,3.09
Italy,1967,Merchants / Shopkeepers,6,7,5,6,14.0,3.24
Italy,1967,Priesthood / Knowledge Workers,6,6,5,7,14.0,3.2
Italy,1967,Proletariat,5,6,6,5,10.0,2.92
Italy,1967,Property,6,7,5,6,13.5,3.19
Italy,1967,StateMemory,6,7,4,8,16.0,3.39
Italy,1967,Trades / Professions,6,7,5,6,14.0,3.24
Italy,1968,Army,6,6,4,5,13.0,3.22
Italy,1968,Executive,5,6,5,5,10.5,3.09
Italy,1968,Merchants / Shopkeepers,6,7,5,6,14.0,3.24
Italy,1968,Priesthood / Knowledge Workers,6,6,5,7,14.0,3.2
Italy,1968,Proletariat,5,6,6,5,10.0,2.92
Italy,1968,Property,6,7,5,6,13.5,3.19
Italy,1968,StateMemory,6,7,4,8,16.0,3.39
Italy,1968,Trades / Professions,6,7,5,6,14.0,3.24
Italy,1969,Army,6,6,4,5,13.0,3.22
Italy,1969,Executive,5,6,5,5,10.5,3.09
Italy,1969,Merchants / Shopkeepers,6,7,5,6,14.0,3.24
Italy,1969,Priesthood / Knowledge Workers,6,6,5,7,14.0,3.2
Italy,1969,Proletariat,5,6,6,5,10.0,2.92
Italy,1969,Property,6,7,5,6,13.5,3.19
Italy,1969,StateMemory,6,7,4,8,16.0,3.39
Italy,1969,Trades / Professions,6,7,5,6,14.0,3.24
Italy,1970,Army,6,6,4,5,13.0,3.22
Italy,1970,Executive,5,6,5,5,10.5,3.09
Italy,1970,Merchants / Shopkeepers,6,7,5,6,14.0,3.24
Italy,1970,Priesthood / Knowledge Workers,6,6,5,7,14.0,3.2
Italy,1970,Proletariat,5,6,6,5,10.0,2.92
Italy,1970,Property,6,7,5,6,13.5,3.19
Italy,1970,StateMemory,6,7,4,8,16.0,3.39
Italy,1970,Trades / Professions,6,7,5,6,14.0,3.24
Italy,1971,Army,6,6,4,5,13.0,3.22
Italy,1971,Executive,5,6,5,5,10.5,3.09
Italy,1971,Merchants / Shopkeepers,6,7,5,6,14.0,3.24
Italy,1971,Priesthood / Knowledge Workers,6,6,5,7,14.0,3.2
Italy,1971,Proletariat,5,6,6,5,10.0,2.92
Italy,1971,Property,6,7,5,6,13.5,3.19
Italy,1971,StateMemory,6,7,4,8,16.0,3.39
Italy,1971,Trades / Professions,6,7,5,6,14.0,3.24
Italy,1972,Army,6,6,4,5,13.0,3.22
Italy,1972,Executive,5,6,5,5,10.5,3.09
Italy,1972,Merchants / Shopkeepers,6,7,5,6,14.0,3.24
Italy,1972,Priesthood / Knowledge Workers,6,6,5,7,14.0,3.2
Italy,1972,Proletariat,5,6,6,5,10.0,2.92
Italy,1972,Property,6,7,5,6,13.5,3.19
Italy,1972,StateMemory,6,7,4,8,16.0,3.39
Italy,1972,Trades / Professions,6,7,5,6,14.0,3.24
Italy,1973,Army,6,6,4,5,13.0,3.22
Italy,1973,Executive,5,6,5,5,10.5,3.09
Italy,1973,Merchants / Shopkeepers,6,7,5,6,14.0,3.24
Italy,1973,Priesthood / Knowledge Workers,6,6,5,7,14.0,3.2
Italy,1973,Proletariat,5,6,6,5,10.0,2.92
Italy,1973,Property,6,7,5,6,13.5,3.19
Italy,1973,StateMemory,6,7,4,8,16.0,3.39
Italy,1973,Trades / Professions,6,7,5,6,14.0,3.24
Italy,1974,Army,6,6,4,5,13.0,3.22
Italy,1974,Executive,5,6,5,5,10.5,3.09
Italy,1974,Merchants / Shopkeepers,6,7,5,6,14.0,3.24
Italy,1974,Priesthood / Knowledge Workers,6,6,5,7,14.0,3.2
Italy,1974,Proletariat,5,6,6,5,10.0,2.92
Italy,1974,Property,6,7,5,6,13.5,3.19
Italy,1974,StateMemory,6,7,4,8,16.0,3.39
Italy,1974,Trades / Professions,6,7,5,6,14.0,3.24
Italy,1975,Army,6,6,4,5,13.0,3.22
Italy,1975,Executive,5,6,5,5,10.5,3.09
Italy,1975,Merchants / Shopkeepers,6,7,5,6,14.0,3.24
Italy,1975,Priesthood / Knowledge Workers,6,6,5,7,14.0,3.2
Italy,1975,Proletariat,5,6,6,5,10.0,2.92
Italy,1975,Property,6,7,5,6,13.5,3.19
Italy,1975,StateMemory,6,7,4,8,16.0,3.39
Italy,1975,Trades / Professions,6,7,5,6,14.0,3.24
Italy,1976,Army,6,6,4,5,13.0,3.22
Italy,1976,Executive,5,6,5,5,10.5,3.09
Italy,1976,Merchants / Shopkeepers,6,7,5,6,14.0,3.24
Italy,1976,Priesthood / Knowledge Workers,6,6,5,7,14.0,3.2
Italy,1976,Proletariat,5,6,6,5,10.0,2.92
Italy,1976,Property,6,7,5,6,13.5,3.19
Italy,1976,StateMemory,6,7,4,8,16.0,3.39
Italy,1976,Trades / Professions,6,7,5,6,14.0,3.24
Italy,1977,Army,6,6,4,5,13.0,3.22
Italy,1977,Executive,5,6,5,5,10.5,3.09
Italy,1977,Merchants / Shopkeepers,6,7,5,6,14.0,3.24
Italy,1977,Priesthood / Knowledge Workers,6,6,5,7,14.0,3.2
Italy,1977,Proletariat,5,6,6,5,10.0,2.92
Italy,1977,Property,6,7,5,6,13.5,3.19
Italy,1977,StateMemory,6,7,4,8,16.0,3.39
Italy,1977,Trades / Professions,6,7,5,6,14.0,3.24
Italy,1978,Army,6,6,4,5,13.0,3.22
Italy,1978,Executive,5,6,5,5,10.5,3.09
Italy,1978,Merchants / Shopkeepers,6,7,5,6,14.0,3.24
Italy,1978,Priesthood / Knowledge Workers,6,6,5,7,14.0,3.2
Italy,1978,Proletariat,5,6,6,5,10.0,2.92
Italy,1978,Property,6,7,5,6,13.5,3.19
Italy,1978,StateMemory,6,7,4,8,16.0,3.39
Italy,1978,Trades / Professions,6,7,5,6,14.0,3.24
Italy,1979,Army,6,6,4,5,13.0,3.22
Italy,1979,Executive,5,6,5,5,10.5,3.09
Italy,1979,Merchants / Shopkeepers,6,7,5,6,14.0,3.24
Italy,1979,Priesthood / Knowledge Workers,6,6,5,7,14.0,3.2
Italy,1979,Proletariat,5,6,6,5,10.0,2.92
Italy,1979,Property,6,7,5,6,13.5,3.19
Italy,1979,StateMemory,6,7,4,8,16.0,3.39
Italy,1979,Trades / Professions,6,7,5,6,14.0,3.24
Italy,1980,Army,6,6,4,5,13.0,3.22
Italy,1980,Executive,5,6,5,5,10.5,3.09
Italy,1980,Merchants / Shopkeepers,6,7,5,6,14.0,3.24
Italy,1980,Priesthood / Knowledge Workers,6,6,5,7,14.0,3.2
Italy,1980,Proletariat,5,6,6,5,10.0,2.92
Italy,1980,Property,6,7,5,6,13.5,3.19
Italy,1980,StateMemory,6,7,4,8,16.0,3.39
Italy,1980,Trades / Professions,6,7,5,6,14.0,3.24
Italy,1981,Army,6,6,4,5,13.0,3.22
Italy,1981,Executive,5,6,5,5,10.5,3.09
Italy,1981,Merchants / Shopkeepers,6,7,5,6,14.0,3.24
Italy,1981,Priesthood / Knowledge Workers,6,6,5,7,14.0,3.2
Italy,1981,Proletariat,5,6,6,5,10.0,2.92
Italy,1981,Property,6,7,5,6,13.5,3.19
Italy,1981,StateMemory,6,7,4,8,16.0,3.39
Italy,1981,Trades / Professions,6,7,5,6,14.0,3.24
Italy,1982,Army,6,6,4,5,13.0,3.22
Italy,1982,Executive,5,6,5,5,10.5,3.09
Italy,1982,Merchants / Shopkeepers,6,7,5,6,14.0,3.24
Italy,1982,Priesthood / Knowledge Workers,6,6,5,7,14.0,3.2
Italy,1982,Proletariat,5,6,6,5,10.0,2.92
Italy,1982,Property,6,7,5,6,13.5,3.19
Italy,1982,StateMemory,6,7,4,8,16.0,3.39
Italy,1982,Trades / Professions,6,7,5,6,14.0,3.24
Italy,1983,Army,6,6,4,5,13.0,3.22
Italy,1983,Executive,5,6,5,5,10.5,3.09
Italy,1983,Merchants / Shopkeepers,6,7,5,6,14.0,3.24
Italy,1983,Priesthood / Knowledge Workers,6,6,5,7,14.0,3.2
Italy,1983,Proletariat,5,6,6,5,10.0,2.92
Italy,1983,Property,6,7,5,6,13.5,3.19
Italy,1983,StateMemory,6,7,4,8,16.0,3.39
Italy,1983,Trades / Professions,6,7,5,6,14.0,3.24
Italy,1984,Army,6,6,4,5,13.0,3.22
Italy,1984,Executive,5,6,5,5,10.5,3.09
Italy,1984,Merchants / Shopkeepers,6,7,5,6,14.0,3.24
Italy,1984,Priesthood / Knowledge Workers,6,6,5,7,14.0,3.2
Italy,1984,Proletariat,5,6,6,5,10.0,2.92
Italy,1984,Property,6,7,5,6,13.5,3.19
Italy,1984,StateMemory,6,7,4,8,16.0,3.39
Italy,1984,Trades / Professions,6,7,5,6,14.0,3.24
Italy,1985,Army,6,6,4,5,13.0,3.22
Italy,1985,Executive,5,6,5,5,10.5,3.09
Italy,1985,Merchants / Shopkeepers,6,7,5,6,14.0,3.24
Italy,1985,Priesthood / Knowledge Workers,6,6,5,7,14.0,3.2
Italy,1985,Proletariat,5,6,6,5,10.0,2.92
Italy,1985,Property,6,7,5,6,13.5,3.19
Italy,1985,StateMemory,6,7,4,8,16.0,3.39
Italy,1985,Trades / Professions,6,7,5,6,14.0,3.24
Italy,1986,Army,6,6,4,5,13.0,3.22
Italy,1986,Executive,5,6,5,5,10.5,3.09
Italy,1986,Merchants / Shopkeepers,6,7,5,6,14.0,3.24
Italy,1986,Priesthood / Knowledge Workers,6,6,5,7,14.0,3.2
Italy,1986,Proletariat,5,6,6,5,10.0,2.92
Italy,1986,Property,6,7,5,6,13.5,3.19
Italy,1986,StateMemory,6,7,4,8,16.0,3.39
Italy,1986,Trades / Professions,6,7,5,6,14.0,3.24
Italy,1987,Army,6,6,4,5,13.0,3.22
Italy,1987,Executive,5,6,5,5,10.5,3.09
Italy,1987,Merchants / Shopkeepers,6,7,5,6,14.0,3.24
Italy,1987,Priesthood / Knowledge Workers,6,6,5,7,14.0,3.2
Italy,1987,Proletariat,5,6,6,5,10.0,2.92
Italy,1987,Property,6,7,5,6,13.5,3.19
Italy,1987,StateMemory,6,7,4,8,16.0,3.39
Italy,1987,Trades / Professions,6,7,5,6,14.0,3.24
Italy,1988,Army,6,6,4,5,13.0,3.22
Italy,1988,Executive,5,6,5,5,10.5,3.09
Italy,1988,Merchants / Shopkeepers,6,7,5,6,14.0,3.24
Italy,1988,Priesthood / Knowledge Workers,6,6,5,7,14.0,3.2
Italy,1988,Proletariat,5,6,6,5,10.0,2.92
Italy,1988,Property,6,7,5,6,13.5,3.19
Italy,1988,StateMemory,6,7,4,8,16.0,3.39
Italy,1988,Trades / Professions,6,7,5,6,14.0,3.24
Italy,1989,Army,6,6,4,5,13.0,3.22
Italy,1989,Executive,5,6,5,5,10.5,3.09
Italy,1989,Merchants / Shopkeepers,6,7,5,6,14.0,3.24
Italy,1989,Priesthood / Knowledge Workers,6,6,5,7,14.0,3.2
Italy,1989,Proletariat,5,6,6,5,10.0,2.92
Italy,1989,Property,6,7,5,6,13.5,3.19
Italy,1989,StateMemory,6,7,4,8,16.0,3.39
Italy,1989,Trades / Professions,6,7,5,6,14.0,3.24
Italy,1990,Army,6,6,4,5,13.0,3.22
Italy,1990,Executive,5,6,5,5,10.5,3.09
Italy,1990,Merchants / Shopkeepers,6,7,5,6,14.0,3.24
Italy,1990,Priesthood / Knowledge Workers,6,6,5,7,14.0,3.2
Italy,1990,Proletariat,5,6,6,5,10.0,2.92
Italy,1990,Property,6,7,5,6,13.5,3.19
Italy,1990,StateMemory,6,7,4,8,16.0,3.39
Italy,1990,Trades / Professions,6,7,5,6,14.0,3.24
Italy,1991,Army,6,6,4,5,13.0,3.22
Italy,1991,Executive,5,6,5,5,10.5,3.09
Italy,1991,Merchants / Shopkeepers,6,7,5,6,14.0,3.24
Italy,1991,Priesthood / Knowledge Workers,6,6,5,7,14.0,3.2
Italy,1991,Proletariat,5,6,6,5,10.0,2.92
Italy,1991,Property,6,7,5,6,13.5,3.19
Italy,1991,StateMemory,6,7,4,8,16.0,3.39
Italy,1991,Trades / Professions,6,7,5,6,14.0,3.24
Italy,1992,Army,6,6,4,5,13.0,3.22
Italy,1992,Executive,5,6,5,5,10.5,3.09
Italy,1992,Merchants / Shopkeepers,6,7,5,6,14.0,3.24
Italy,1992,Priesthood / Knowledge Workers,6,6,5,7,14.0,3.2
Italy,1992,Proletariat,5,6,6,5,10.0,2.92
Italy,1992,Property,6,7,5,6,13.5,3.19
Italy,1992,StateMemory,6,7,4,8,16.0,3.39
Italy,1992,Trades / Professions,6,7,5,6,14.0,3.24
Italy,1993,Army,6,6,4,5,13.0,3.22
Italy,1993,Executive,5,6,5,5,10.5,3.09
Italy,1993,Merchants / Shopkeepers,6,7,5,6,14.0,3.24
Italy,1993,Priesthood / Knowledge Workers,6,6,5,7,14.0,3.2
Italy,1993,Proletariat,5,6,6,5,10.0,2.92
Italy,1993,Property,6,7,5,6,13.5,3.19
Italy,1993,StateMemory,6,7,4,8,16.0,3.39
Italy,1993,Trades / Professions,6,7,5,6,14.0,3.24
Italy,1994,Army,6,6,4,5,13.0,3.22
Italy,1994,Executive,5,6,5,5,10.5,3.09
Italy,1994,Merchants / Shopkeepers,6,7,5,6,14.0,3.24
Italy,1994,Priesthood / Knowledge Workers,6,6,5,7,14.0,3.2
Italy,1994,Proletariat,5,6,6,5,10.0,2.92
Italy,1994,Property,6,7,5,6,13.5,3.19
Italy,1994,StateMemory,6,7,4,8,16.0,3.39
Italy,1994,Trades / Professions,6,7,5,6,14.0,3.24
Italy,1995,Army,6,6,4,5,13.0,3.22
Italy,1995,Executive,5,6,5,5,10.5,3.09
Italy,1995,Merchants / Shopkeepers,6,7,5,6,14.0,3.24
Italy,1995,Priesthood / Knowledge Workers,6,6,5,7,14.0,3.2
Italy,1995,Proletariat,5,6,6,5,10.0,2.92
Italy,1995,Property,6,7,5,6,13.5,3.19
Italy,1995,StateMemory,6,7,4,8,16.0,3.39
Italy,1995,Trades / Professions,6,7,5,6,14.0,3.24
Italy,1996,Army,6,6,4,5,13.0,3.22
Italy,1996,Executive,5,6,5,5,10.5,3.09
Italy,1996,Merchants / Shopkeepers,6,7,5,6,14.0,3.24
Italy,1996,Priesthood / Knowledge Workers,6,6,5,7,14.0,3.2
Italy,1996,Proletariat,5,6,6,5,10.0,2.92
Italy,1996,Property,6,7,5,6,13.5,3.19
Italy,1996,StateMemory,6,7,4,8,16.0,3.39
Italy,1996,Trades / Professions,6,7,5,6,14.0,3.24
Italy,1997,Army,6,6,4,5,13.0,3.22
Italy,1997,Executive,5,6,5,5,10.5,3.09
Italy,1997,Merchants / Shopkeepers,6,7,5,6,14.0,3.24
Italy,1997,Priesthood / Knowledge Workers,6,6,5,7,14.0,3.2
Italy,1997,Proletariat,5,6,6,5,10.0,2.92
Italy,1997,Property,6,7,5,6,13.5,3.19
Italy,1997,StateMemory,6,7,4,8,16.0,3.39
Italy,1997,Trades / Professions,6,7,5,6,14.0,3.24
Italy,1998,Army,6,6,4,5,13.0,3.22
Italy,1998,Executive,5,6,5,5,10.5,3.09
Italy,1998,Merchants / Shopkeepers,6,7,5,6,14.0,3.24
Italy,1998,Priesthood / Knowledge Workers,6,6,5,7,14.0,3.2
Italy,1998,Proletariat,5,6,6,5,10.0,2.92
Italy,1998,Property,6,7,5,6,13.5,3.19
Italy,1998,StateMemory,6,7,4,8,16.0,3.39
Italy,1998,Trades / Professions,6,7,5,6,14.0,3.24
Italy,1999,Army,6,6,4,5,13.0,3.22
Italy,1999,Executive,5,6,5,5,10.5,3.09
Italy,1999,Merchants / Shopkeepers,6,7,5,6,14.0,3.24
Italy,1999,Priesthood / Knowledge Workers,6,6,5,7,14.0,3.2
Italy,1999,Proletariat,5,6,6,5,10.0,2.92
Italy,1999,Property,6,7,5,6,13.5,3.19
Italy,1999,StateMemory,6,7,4,8,16.0,3.39
Italy,1999,Trades / Professions,6,7,5,6,14.0,3.24
Italy,2000,Army,6,6,4,5,13.0,3.22
Italy,2000,Executive,5,6,5,5,10.5,3.09
Italy,2000,Merchants / Shopkeepers,6,7,5,6,14.0,3.24
Italy,2000,Priesthood / Knowledge Workers,6,6,5,7,14.0,3.2
Italy,2000,Proletariat,5,6,6,5,10.0,2.92
Italy,2000,Property,6,7,5,6,13.5,3.19
Italy,2000,StateMemory,6,7,4,8,16.0,3.39
Italy,2000,Trades / Professions,6,7,5,6,14.0,3.24
Italy,2001,Army,6,6,4,5,13.0,3.22
Italy,2001,Executive,5,6,5,5,10.5,3.09
Italy,2001,Merchants / Shopkeepers,6,7,5,6,14.0,3.24
Italy,2001,Priesthood / Knowledge Workers,6,6,5,7,14.0,3.2
Italy,2001,Proletariat,5,6,6,5,10.0,2.92
Italy,2001,Property,6,7,5,6,13.5,3.19
Italy,2001,StateMemory,6,7,4,8,16.0,3.39
Italy,2001,Trades / Professions,6,7,5,6,14.0,3.24
Italy,2002,Army,6,6,4,5,13.0,3.22
Italy,2002,Executive,5,6,5,5,10.5,3.09
Italy,2002,Merchants / Shopkeepers,6,7,5,6,14.0,3.24
Italy,2002,Priesthood / Knowledge Workers,6,6,5,7,14.0,3.2
Italy,2002,Proletariat,5,6,6,5,10.0,2.92
Italy,2002,Property,6,7,5,6,13.5,3.19
Italy,2002,StateMemory,6,7,4,8,16.0,3.39
Italy,2002,Trades / Professions,6,7,5,6,14.0,3.24
Italy,2003,Army,5,5,5,4,10.0,2.98
Italy,2003,Executive,4,5,6,4,7.0,2.81
Italy,2003,Merchants / Shopkeepers,5,6,6,5,10.0,2.96
Italy,2003,Priesthood / Knowledge Workers,5,5,6,6,10.0,2.92
Italy,2003,Proletariat,4,5,7,4,6.0,2.65
Italy,2003,Property,5,6,6,5,9.5,2.91
Italy,2003,StateMemory,5,6,5,7,12.5,3.11
Italy,2003,Trades / Professions,5,6,6,5,10.0,2.96
Italy,2004,Army,5,5,5,4,10.0,2.98
Italy,2004,Executive,4,5,6,4,7.0,2.81
Italy,2004,Merchants / Shopkeepers,5,6,6,5,10.0,2.96
Italy,2004,Priesthood / Knowledge Workers,5,5,6,6,10.0,2.92
Italy,2004,Proletariat,4,5,7,4,6.0,2.65
Italy,2004,Property,5,6,6,5,9.5,2.91
Italy,2004,StateMemory,5,6,5,7,12.5,3.11
Italy,2004,Trades / Professions,5,6,6,5,10.0,2.96
Italy,2005,Army,5,5,5,4,10.0,2.98
Italy,2005,Executive,4,5,6,4,7.0,2.81
Italy,2005,Merchants / Shopkeepers,5,6,6,5,10.0,2.96
Italy,2005,Priesthood / Knowledge Workers,5,5,6,6,10.0,2.92
Italy,2005,Proletariat,4,5,7,4,6.0,2.65
Italy,2005,Property,5,6,6,5,9.5,2.91
Italy,2005,StateMemory,5,6,5,7,12.5,3.11
Italy,2005,Trades / Professions,5,6,6,5,10.0,2.96
Italy,2006,Army,5,5,5,4,10.0,2.98
Italy,2006,Executive,4,5,6,4,7.0,2.81
Italy,2006,Merchants / Shopkeepers,5,6,6,5,10.0,2.96
Italy,2006,Priesthood / Knowledge Workers,5,5,6,6,10.0,2.92
Italy,2006,Proletariat,4,5,7,4,6.0,2.65
Italy,2006,Property,5,6,6,5,9.5,2.91
Italy,2006,StateMemory,5,6,5,7,12.5,3.11
Italy,2006,Trades / Professions,5,6,6,5,10.0,2.96
Italy,2007,Army,5,5,5,4,10.0,2.98
Italy,2007,Executive,4,5,6,4,7.0,2.81
Italy,2007,Merchants / Shopkeepers,5,6,6,5,10.0,2.96
Italy,2007,Priesthood / Knowledge Workers,5,5,6,6,10.0,2.92
Italy,2007,Proletariat,4,5,7,4,6.0,2.65
Italy,2007,Property,5,6,6,5,9.5,2.91
Italy,2007,StateMemory,5,6,5,7,12.5,3.11
Italy,2007,Trades / Professions,5,6,6,5,10.0,2.96
Italy,2008,Army,5,5,5,4,10.0,2.98
Italy,2008,Executive,4,5,6,4,7.0,2.81
Italy,2008,Merchants / Shopkeepers,5,6,6,5,10.0,2.96
Italy,2008,Priesthood / Knowledge Workers,5,5,6,6,10.0,2.92
Italy,2008,Proletariat,4,5,7,4,6.0,2.65
Italy,2008,Property,5,6,6,5,9.5,2.91
Italy,2008,StateMemory,5,6,5,7,12.5,3.11
Italy,2008,Trades / Professions,5,6,6,5,10.0,2.96
Italy,2009,Army,5,5,5,4,10.0,2.98
Italy,2009,Executive,4,5,6,4,7.0,2.81
Italy,2009,Merchants / Shopkeepers,5,6,6,5,10.0,2.96
Italy,2009,Priesthood / Knowledge Workers,5,5,6,6,10.0,2.92
Italy,2009,Proletariat,4,5,7,4,6.0,2.65
Italy,2009,Property,5,6,6,5,9.5,2.91
Italy,2009,StateMemory,5,6,5,7,12.5,3.11
Italy,2009,Trades / Professions,5,6,6,5,10.0,2.96
Italy,2010,Army,5,5,5,4,10.0,2.98
Italy,2010,Executive,4,5,6,4,7.0,2.81
Italy,2010,Merchants / Shopkeepers,5,6,6,5,10.0,2.96
Italy,2010,Priesthood / Knowledge Workers,5,5,6,6,10.0,2.92
Italy,2010,Proletariat,4,5,7,4,6.0,2.65
Italy,2010,Property,5,6,6,5,9.5,2.91
Italy,2010,StateMemory,5,6,5,7,12.5,3.11
Italy,2010,Trades / Professions,5,6,6,5,10.0,2.96
Italy,2011,Army,5,5,6,4,9.5,2.91
Italy,2011,Executive,4,5,7,4,6.5,2.74
Italy,2011,Merchants / Shopkeepers,5,6,7,5,9.5,2.89
Italy,2011,Priesthood / Knowledge Workers,5,5,7,6,9.5,2.85
Italy,2011,Proletariat,4,5,8,4,5.5,2.57
Italy,2011,Property,5,6,7,5,9.0,2.84
Italy,2011,StateMemory,5,6,6,7,12.0,3.04
Italy,2011,Trades / Professions,5,6,7,5,9.5,2.89
Italy,2012,Army,5,5,6,4,9.5,2.91
Italy,2012,Executive,4,5,7,4,6.5,2.74
Italy,2012,Merchants / Shopkeepers,5,6,7,5,9.5,2.89
Italy,2012,Priesthood / Knowledge Workers,5,5,7,6,9.5,2.85
Italy,2012,Proletariat,4,5,8,4,5.5,2.57
Italy,2012,Property,5,6,7,5,9.0,2.84
Italy,2012,StateMemory,5,6,6,7,12.0,3.04
Italy,2012,Trades / Professions,5,6,7,5,9.5,2.89
Italy,2013,Army,5,5,6,4,9.5,2.91
Italy,2013,Executive,4,5,7,4,6.5,2.74
Italy,2013,Merchants / Shopkeepers,5,6,7,5,9.5,2.89
Italy,2013,Priesthood / Knowledge Workers,5,5,7,6,9.5,2.85
Italy,2013,Proletariat,4,5,8,4,5.5,2.57
Italy,2013,Property,5,6,7,5,9.0,2.84
Italy,2013,StateMemory,5,6,6,7,12.0,3.04
Italy,2013,Trades / Professions,5,6,7,5,9.5,2.89
Italy,2014,Army,5,5,6,4,9.5,2.91
Italy,2014,Executive,4,5,7,4,6.5,2.74
Italy,2014,Merchants / Shopkeepers,5,6,7,5,9.5,2.89
Italy,2014,Priesthood / Knowledge Workers,5,5,7,6,9.5,2.85
Italy,2014,Proletariat,4,5,8,4,5.5,2.57
Italy,2014,Property,5,6,7,5,9.0,2.84
Italy,2014,StateMemory,5,6,6,7,12.0,3.04
Italy,2014,Trades / Professions,5,6,7,5,9.5,2.89
Italy,2015,Army,5,5,6,4,9.5,2.91
Italy,2015,Executive,4,5,7,4,6.5,2.74
Italy,2015,Merchants / Shopkeepers,5,6,7,5,9.5,2.89
Italy,2015,Priesthood / Knowledge Workers,5,5,7,6,9.5,2.85
Italy,2015,Proletariat,4,5,8,4,5.5,2.57
Italy,2015,Property,5,6,7,5,9.0,2.84
Italy,2015,StateMemory,5,6,6,7,12.0,3.04
Italy,2015,Trades / Professions,5,6,7,5,9.5,2.89
Italy,2016,Army,5,5,6,4,9.5,2.91
Italy,2016,Executive,4,5,7,4,6.5,2.74
Italy,2016,Merchants / Shopkeepers,5,6,7,5,9.5,2.89
Italy,2016,Priesthood / Knowledge Workers,5,5,7,6,9.5,2.85
Italy,2016,Proletariat,4,5,8,4,5.5,2.57
Italy,2016,Property,5,6,7,5,9.0,2.84
Italy,2016,StateMemory,5,6,6,7,12.0,3.04
Italy,2016,Trades / Professions,5,6,7,5,9.5,2.89
Italy,2017,Army,5,5,6,4,9.5,2.91
Italy,2017,Executive,4,5,7,4,6.5,2.74
Italy,2017,Merchants / Shopkeepers,5,6,7,5,9.5,2.89
Italy,2017,Priesthood / Knowledge Workers,5,5,7,6,9.5,2.85
Italy,2017,Proletariat,4,5,8,4,5.5,2.57
Italy,2017,Property,5,6,7,5,9.0,2.84
Italy,2017,StateMemory,5,6,6,7,12.0,3.04
Italy,2017,Trades / Professions,5,6,7,5,9.5,2.89
Italy,2018,Army,5,5,6,4,9.5,2.91
Italy,2018,Executive,4,5,7,4,6.5,2.74
Italy,2018,Merchants / Shopkeepers,5,6,7,5,9.5,2.89
Italy,2018,Priesthood / Knowledge Workers,5,5,7,6,9.5,2.85
Italy,2018,Proletariat,4,5,8,4,5.5,2.57
Italy,2018,Property,5,6,7,5,9.0,2.84
Italy,2018,StateMemory,5,6,6,7,12.0,3.04
Italy,2018,Trades / Professions,5,6,7,5,9.5,2.89
Italy,2019,Army,5,5,6,4,9.5,2.91
Italy,2019,Executive,4,5,7,4,6.5,2.74
Italy,2019,Merchants / Shopkeepers,5,6,7,5,9.5,2.89
Italy,2019,Priesthood / Knowledge Workers,5,5,7,6,9.5,2.85
Italy,2019,Proletariat,4,5,8,4,5.5,2.57
Italy,2019,Property,5,6,7,5,9.0,2.84
Italy,2019,StateMemory,5,6,6,7,12.0,3.04
Italy,2019,Trades / Professions,5,6,7,5,9.5,2.89
Italy,2020,Army,5,5,6,4,9.5,2.91
Italy,2020,Executive,4,5,7,4,6.5,2.74
Italy,2020,Merchants / Shopkeepers,5,6,7,5,9.5,2.89
Italy,2020,Priesthood / Knowledge Workers,5,5,7,6,9.5,2.85
Italy,2020,Proletariat,4,5,8,4,5.5,2.57
Italy,2020,Property,5,6,7,5,9.0,2.84
Italy,2020,StateMemory,5,6,6,7,12.0,3.04
Italy,2020,Trades / Professions,5,6,7,5,9.5,2.89
Italy,2021,Army,5,5,6,4,9.5,2.91
Italy,2021,Executive,4,5,7,4,6.5,2.74
Italy,2021,Merchants / Shopkeepers,5,6,7,5,9.5,2.89
Italy,2021,Priesthood / Knowledge Workers,5,5,7,6,9.5,2.85
Italy,2021,Proletariat,4,5,8,4,5.5,2.57
Italy,2021,Property,5,6,7,5,9.0,2.84
Italy,2021,StateMemory,5,6,6,7,12.0,3.04
Italy,2021,Trades / Professions,5,6,7,5,9.5,2.89
Italy,2022,Army,5,5,6,4,9.5,2.91
Italy,2022,Executive,4,5,7,4,6.5,2.74
Italy,2022,Merchants / Shopkeepers,5,6,7,5,9.5,2.89
Italy,2022,Priesthood / Knowledge Workers,5,5,7,6,9.5,2.85
Italy,2022,Proletariat,4,5,8,4,5.5,2.57
Italy,2022,Property,5,6,7,5,9.0,2.84
Italy,2022,StateMemory,5,6,6,7,12.0,3.04
Italy,2022,Trades / Professions,5,6,7,5,9.5,2.89
Italy,2023,Army,5,5,6,4,9.5,2.91
Italy,2023,Executive,4,5,7,4,6.5,2.74
Italy,2023,Merchants / Shopkeepers,5,6,7,5,9.5,2.89
Italy,2023,Priesthood / Knowledge Workers,5,5,7,6,9.5,2.85
Italy,2023,Proletariat,4,5,8,4,5.5,2.57
Italy,2023,Property,5,6,7,5,9.0,2.84
Italy,2023,StateMemory,5,6,6,7,12.0,3.04
Italy,2023,Trades / Professions,5,6,7,5,9.5,2.89
Italy,2024,Army,5,5,6,4,9.5,2.91
Italy,2024,Executive,4,5,7,4,6.5,2.74
Italy,2024,Merchants / Shopkeepers,5,6,7,5,9.5,2.89
Italy,2024,Priesthood / Knowledge Workers,5,5,7,6,9.5,2.85
Italy,2024,Proletariat,4,5,8,4,5.5,2.57
Italy,2024,Property,5,6,7,5,9.0,2.84
Italy,2024,StateMemory,5,6,6,7,12.0,3.04
Italy,2024,Trades / Professions,5,6,7,5,9.5,2.89
