Society,Year,Node,Coherence,Capacity,Stress,Abstraction,Node Value,Bond Strength,Unnamed: 9,Unnamed: 10,Unnamed: 11,Unnamed: 12,Unnamed: 13,Unnamed: 14,Unnamed: 15,Unnamed: 16
Thailand,1850,Army,6,5,5,4,8.0,2.571,,,,,,,,
Thailand,1850,Executive,8,7,5,6,14.0,3.086,,,,,,,,
Thailand,1850,Merchants / Shopkeepers,6,6,5,5,10.5,2.743,,,,,,,,
Thailand,1850,Priesthood / Knowledge Workers,7,6,4,5,11.5,2.714,,,,,,,,
Thailand,1850,Proletariat,4,4,6,3,5.5,2.2,,,,,,,,
Thailand,1850,Property,6,7,4,5,11.5,2.8,,,,,,,,
Thailand,1850,StateMemory,7,6,4,5,11.5,2.8,,,,,,,,
Thailand,1850,Trades / Professions,5,5,5,4,7.5,2.429,,,,,,,,
Thailand,1851,Army,6,5,5,4,8.0,2.571,,,,,,,,
Thailand,1851,Executive,8,7,5,6,14.0,3.086,,,,,,,,
Thailand,1851,Merchants / Shopkeepers,6,6,5,5,10.5,2.743,,,,,,,,
Thailand,1851,Priesthood / Knowledge Workers,7,6,4,5,11.5,2.714,,,,,,,,
Thailand,1851,Proletariat,4,4,6,3,5.5,2.2,,,,,,,,
Thailand,1851,Property,6,7,4,5,11.5,2.8,,,,,,,,
Thailand,1851,StateMemory,7,6,4,5,11.5,2.8,,,,,,,,
Thailand,1851,Trades / Professions,5,5,5,4,7.5,2.429,,,,,,,,
Thailand,1852,Army,6,5,5,4,8.0,2.571,,,,,,,,
Thailand,1852,Executive,8,7,5,6,14.0,3.086,,,,,,,,
Thailand,1852,Merchants / Shopkeepers,6,6,5,5,10.5,2.743,,,,,,,,
Thailand,1852,Priesthood / Knowledge Workers,7,6,4,5,11.5,2.714,,,,,,,,
Thailand,1852,Proletariat,4,4,6,3,5.5,2.2,,,,,,,,
Thailand,1852,Property,6,7,4,5,11.5,2.8,,,,,,,,
Thailand,1852,StateMemory,7,6,4,5,11.5,2.8,,,,,,,,
Thailand,1852,Trades / Professions,5,5,5,4,7.5,2.429,,,,,,,,
Thailand,1853,Army,6,5,5,4,8.0,2.571,,,,,,,,
Thailand,1853,Executive,8,7,5,6,14.0,3.086,,,,,,,,
Thailand,1853,Merchants / Shopkeepers,6,6,5,5,10.5,2.743,,,,,,,,
Thailand,1853,Priesthood / Knowledge Workers,7,6,4,5,11.5,2.714,,,,,,,,
Thailand,1853,Proletariat,4,4,6,3,5.5,2.2,,,,,,,,
Thailand,1853,Property,6,7,4,5,11.5,2.8,,,,,,,,
Thailand,1853,StateMemory,7,6,4,5,11.5,2.8,,,,,,,,
Thailand,1853,Trades / Professions,5,5,5,4,7.5,2.429,,,,,,,,
Thailand,1854,Army,6,5,5,4,8.0,2.571,,,,,,,,
Thailand,1854,Executive,8,7,5,6,14.0,3.086,,,,,,,,
Thailand,1854,Merchants / Shopkeepers,6,6,5,5,10.5,2.743,,,,,,,,
Thailand,1854,Priesthood / Knowledge Workers,7,6,4,5,11.5,2.714,,,,,,,,
Thailand,1854,Proletariat,4,4,6,3,5.5,2.2,,,,,,,,
Thailand,1854,Property,6,7,4,5,11.5,2.8,,,,,,,,
Thailand,1854,StateMemory,7,6,4,5,11.5,2.8,,,,,,,,
Thailand,1854,Trades / Professions,5,5,5,4,7.5,2.429,,,,,,,,
Thailand,1855,Army,6,5,5,4,8.0,2.571,,,,,,,,
Thailand,1855,Executive,8,7,5,6,14.0,3.086,,,,,,,,
Thailand,1855,Merchants / Shopkeepers,6,6,5,5,10.5,2.743,,,,,,,,
Thailand,1855,Priesthood / Knowledge Workers,7,6,4,5,11.5,2.714,,,,,,,,
Thailand,1855,Proletariat,4,4,6,3,5.5,2.2,,,,,,,,
Thailand,1855,Property,6,7,4,5,11.5,2.8,,,,,,,,
Thailand,1855,StateMemory,7,6,4,5,11.5,2.8,,,,,,,,
Thailand,1855,Trades / Professions,5,5,5,4,7.5,2.429,,,,,,,,
Thailand,1856,Army,6,5,5,4,8.0,2.571,,,,,,,,
Thailand,1856,Executive,8,7,5,6,14.0,3.086,,,,,,,,
Thailand,1856,Merchants / Shopkeepers,6,6,5,5,10.5,2.743,,,,,,,,
Thailand,1856,Priesthood / Knowledge Workers,7,6,4,5,11.5,2.714,,,,,,,,
Thailand,1856,Proletariat,4,4,6,3,5.5,2.2,,,,,,,,
Thailand,1856,Property,6,7,4,5,11.5,2.8,,,,,,,,
Thailand,1856,StateMemory,7,6,4,5,11.5,2.8,,,,,,,,
Thailand,1856,Trades / Professions,5,5,5,4,7.5,2.429,,,,,,,,
Thailand,1857,Army,6,5,5,4,8.0,2.571,,,,,,,,
Thailand,1857,Executive,8,7,5,6,14.0,3.086,,,,,,,,
Thailand,1857,Merchants / Shopkeepers,6,6,5,5,10.5,2.743,,,,,,,,
Thailand,1857,Priesthood / Knowledge Workers,7,6,4,5,11.5,2.714,,,,,,,,
Thailand,1857,Proletariat,4,4,6,3,5.5,2.2,,,,,,,,
Thailand,1857,Property,6,7,4,5,11.5,2.8,,,,,,,,
Thailand,1857,StateMemory,7,6,4,5,11.5,2.8,,,,,,,,
Thailand,1857,Trades / Professions,5,5,5,4,7.5,2.429,,,,,,,,
Thailand,1858,Army,6,5,5,4,8.0,2.571,,,,,,,,
Thailand,1858,Executive,8,7,5,6,14.0,3.086,,,,,,,,
Thailand,1858,Merchants / Shopkeepers,6,6,5,5,10.5,2.743,,,,,,,,
Thailand,1858,Priesthood / Knowledge Workers,7,6,4,5,11.5,2.714,,,,,,,,
Thailand,1858,Proletariat,4,4,6,3,5.5,2.2,,,,,,,,
Thailand,1858,Property,6,7,4,5,11.5,2.8,,,,,,,,
Thailand,1858,StateMemory,7,6,4,5,11.5,2.8,,,,,,,,
Thailand,1858,Trades / Professions,5,5,5,4,7.5,2.429,,,,,,,,
Thailand,1859,Army,6,5,5,4,8.0,2.571,,,,,,,,
Thailand,1859,Executive,8,7,5,6,14.0,3.086,,,,,,,,
Thailand,1859,Merchants / Shopkeepers,6,6,5,5,10.5,2.743,,,,,,,,
Thailand,1859,Priesthood / Knowledge Workers,7,6,4,5,11.5,2.714,,,,,,,,
Thailand,1859,Proletariat,4,4,6,3,5.5,2.2,,,,,,,,
Thailand,1859,Property,6,7,4,5,11.5,2.8,,,,,,,,
Thailand,1859,StateMemory,7,6,4,5,11.5,2.8,,,,,,,,
Thailand,1859,Trades / Professions,5,5,5,4,7.5,2.429,,,,,,,,
Thailand,1860,Army,6,6,5,5,9.5,2.743,,,,,,,,
Thailand,1860,Executive,8,8,5,6,15.0,3.2,,,,,,,,
Thailand,1860,Merchants / Shopkeepers,7,7,5,6,12.0,2.914,,,,,,,,
Thailand,1860,Priesthood / Knowledge Workers,7,7,4,6,13.0,2.886,,,,,,,,
Thailand,1860,Proletariat,5,5,6,4,8.0,2.371,,,,,,,,
Thailand,1860,Property,7,7,4,6,13.0,2.971,,,,,,,,
Thailand,1860,StateMemory,7,7,4,6,13.0,2.971,,,,,,,,
Thailand,1860,Trades / Professions,6,6,5,5,9.5,2.571,,,,,,,,
Thailand,1861,Army,6,6,5,5,9.5,2.743,,,,,,,,
Thailand,1861,Executive,8,8,5,6,15.0,3.2,,,,,,,,
Thailand,1861,Merchants / Shopkeepers,7,7,5,6,12.0,2.914,,,,,,,,
Thailand,1861,Priesthood / Knowledge Workers,7,7,4,6,13.0,2.886,,,,,,,,
Thailand,1861,Proletariat,5,5,6,4,8.0,2.371,,,,,,,,
Thailand,1861,Property,7,7,4,6,13.0,2.971,,,,,,,,
Thailand,1861,StateMemory,7,7,4,6,13.0,2.971,,,,,,,,
Thailand,1861,Trades / Professions,6,6,5,5,9.5,2.571,,,,,,,,
Thailand,1862,Army,6,6,5,5,9.5,2.743,,,,,,,,
Thailand,1862,Executive,8,8,5,6,15.0,3.2,,,,,,,,
Thailand,1862,Merchants / Shopkeepers,7,7,5,6,12.0,2.914,,,,,,,,
Thailand,1862,Priesthood / Knowledge Workers,7,7,4,6,13.0,2.886,,,,,,,,
Thailand,1862,Proletariat,5,5,6,4,8.0,2.371,,,,,,,,
Thailand,1862,Property,7,7,4,6,13.0,2.971,,,,,,,,
Thailand,1862,StateMemory,7,7,4,6,13.0,2.971,,,,,,,,
Thailand,1862,Trades / Professions,6,6,5,5,9.5,2.571,,,,,,,,
Thailand,1863,Army,6,6,5,5,9.5,2.743,,,,,,,,
Thailand,1863,Executive,8,8,5,6,15.0,3.2,,,,,,,,
Thailand,1863,Merchants / Shopkeepers,7,7,5,6,12.0,2.914,,,,,,,,
Thailand,1863,Priesthood / Knowledge Workers,7,7,4,6,13.0,2.886,,,,,,,,
Thailand,1863,Proletariat,5,5,6,4,8.0,2.371,,,,,,,,
Thailand,1863,Property,7,7,4,6,13.0,2.971,,,,,,,,
Thailand,1863,StateMemory,7,7,4,6,13.0,2.971,,,,,,,,
Thailand,1863,Trades / Professions,6,6,5,5,9.5,2.571,,,,,,,,
Thailand,1864,Army,6,6,5,5,9.5,2.743,,,,,,,,
Thailand,1864,Executive,8,8,5,6,15.0,3.2,,,,,,,,
Thailand,1864,Merchants / Shopkeepers,7,7,5,6,12.0,2.914,,,,,,,,
Thailand,1864,Priesthood / Knowledge Workers,7,7,4,6,13.0,2.886,,,,,,,,
Thailand,1864,Proletariat,5,5,6,4,8.0,2.371,,,,,,,,
Thailand,1864,Property,7,7,4,6,13.0,2.971,,,,,,,,
Thailand,1864,StateMemory,7,7,4,6,13.0,2.971,,,,,,,,
Thailand,1864,Trades / Professions,6,6,5,5,9.5,2.571,,,,,,,,
Thailand,1865,Army,6,6,5,5,9.5,2.743,,,,,,,,
Thailand,1865,Executive,8,8,5,6,15.0,3.2,,,,,,,,
Thailand,1865,Merchants / Shopkeepers,7,7,5,6,12.0,2.914,,,,,,,,
Thailand,1865,Priesthood / Knowledge Workers,7,7,4,6,13.0,2.886,,,,,,,,
Thailand,1865,Proletariat,5,5,6,4,8.0,2.371,,,,,,,,
Thailand,1865,Property,7,7,4,6,13.0,2.971,,,,,,,,
Thailand,1865,StateMemory,7,7,4,6,13.0,2.971,,,,,,,,
Thailand,1865,Trades / Professions,6,6,5,5,9.5,2.571,,,,,,,,
Thailand,1866,Army,6,6,5,5,9.5,2.743,,,,,,,,
Thailand,1866,Executive,8,8,5,6,15.0,3.2,,,,,,,,
Thailand,1866,Merchants / Shopkeepers,7,7,5,6,12.0,2.914,,,,,,,,
Thailand,1866,Priesthood / Knowledge Workers,7,7,4,6,13.0,2.886,,,,,,,,
Thailand,1866,Proletariat,5,5,6,4,8.0,2.371,,,,,,,,
Thailand,1866,Property,7,7,4,6,13.0,2.971,,,,,,,,
Thailand,1866,StateMemory,7,7,4,6,13.0,2.971,,,,,,,,
Thailand,1866,Trades / Professions,6,6,5,5,9.5,2.571,,,,,,,,
Thailand,1867,Army,6,6,5,5,9.5,2.743,,,,,,,,
Thailand,1867,Executive,8,8,5,6,15.0,3.2,,,,,,,,
Thailand,1867,Merchants / Shopkeepers,7,7,5,6,12.0,2.914,,,,,,,,
Thailand,1867,Priesthood / Knowledge Workers,7,7,4,6,13.0,2.886,,,,,,,,
Thailand,1867,Proletariat,5,5,6,4,8.0,2.371,,,,,,,,
Thailand,1867,Property,7,7,4,6,13.0,2.971,,,,,,,,
Thailand,1867,StateMemory,7,7,4,6,13.0,2.971,,,,,,,,
Thailand,1867,Trades / Professions,6,6,5,5,9.5,2.571,,,,,,,,
Thailand,1868,Army,6,6,5,5,9.5,2.743,,,,,,,,
Thailand,1868,Executive,7,7,5,6,13.5,3.029,,,,,,,,
Thailand,1868,Merchants / Shopkeepers,7,7,5,6,12.0,2.914,,,,,,,,
Thailand,1868,Priesthood / Knowledge Workers,7,7,4,6,13.0,2.886,,,,,,,,
Thailand,1868,Proletariat,5,5,6,4,8.0,2.371,,,,,,,,
Thailand,1868,Property,7,7,4,6,13.0,2.971,,,,,,,,
Thailand,1868,StateMemory,7,7,4,6,13.0,2.971,,,,,,,,
Thailand,1868,Trades / Professions,6,6,5,5,9.5,2.571,,,,,,,,
Thailand,1869,Army,6,6,5,5,9.5,2.743,,,,,,,,
Thailand,1869,Executive,7,7,5,6,13.5,3.029,,,,,,,,
Thailand,1869,Merchants / Shopkeepers,7,7,5,6,12.0,2.914,,,,,,,,
Thailand,1869,Priesthood / Knowledge Workers,7,7,4,6,13.0,2.886,,,,,,,,
Thailand,1869,Proletariat,5,5,6,4,8.0,2.371,,,,,,,,
Thailand,1869,Property,7,7,4,6,13.0,2.971,,,,,,,,
Thailand,1869,StateMemory,7,7,4,6,13.0,2.971,,,,,,,,
Thailand,1869,Trades / Professions,6,6,5,5,9.5,2.571,,,,,,,,
Thailand,1870,Army,6,6,5,5,9.5,2.743,,,,,,,,
Thailand,1870,Executive,7,7,5,6,13.5,3.029,,,,,,,,
Thailand,1870,Merchants / Shopkeepers,7,7,5,6,12.0,2.914,,,,,,,,
Thailand,1870,Priesthood / Knowledge Workers,7,7,4,6,13.0,2.886,,,,,,,,
Thailand,1870,Proletariat,5,5,6,4,8.0,2.371,,,,,,,,
Thailand,1870,Property,7,7,4,6,13.0,2.971,,,,,,,,
Thailand,1870,StateMemory,7,7,4,6,13.0,2.971,,,,,,,,
Thailand,1870,Trades / Professions,6,6,5,5,9.5,2.571,,,,,,,,
Thailand,1871,Army,6,6,5,5,9.5,2.743,,,,,,,,
Thailand,1871,Executive,7,7,5,6,13.5,3.029,,,,,,,,
Thailand,1871,Merchants / Shopkeepers,7,7,5,6,12.0,2.914,,,,,,,,
Thailand,1871,Priesthood / Knowledge Workers,7,7,4,6,13.0,2.886,,,,,,,,
Thailand,1871,Proletariat,5,5,6,4,8.0,2.371,,,,,,,,
Thailand,1871,Property,7,7,4,6,13.0,2.971,,,,,,,,
Thailand,1871,StateMemory,7,7,4,6,13.0,2.971,,,,,,,,
Thailand,1871,Trades / Professions,6,6,5,5,9.5,2.571,,,,,,,,
Thailand,1872,Army,6,6,5,5,9.5,2.743,,,,,,,,
Thailand,1872,Executive,7,7,5,6,13.5,3.029,,,,,,,,
Thailand,1872,Merchants / Shopkeepers,7,7,5,6,12.0,2.914,,,,,,,,
Thailand,1872,Priesthood / Knowledge Workers,7,7,4,6,13.0,2.886,,,,,,,,
Thailand,1872,Proletariat,5,5,6,4,8.0,2.371,,,,,,,,
Thailand,1872,Property,7,7,4,6,13.0,2.971,,,,,,,,
Thailand,1872,StateMemory,7,7,4,6,13.0,2.971,,,,,,,,
Thailand,1872,Trades / Professions,6,6,5,5,9.5,2.571,,,,,,,,
Thailand,1873,Army,6,6,5,5,9.5,2.743,,,,,,,,
Thailand,1873,Executive,7,7,5,6,13.5,3.029,,,,,,,,
Thailand,1873,Merchants / Shopkeepers,7,7,5,6,12.0,2.914,,,,,,,,
Thailand,1873,Priesthood / Knowledge Workers,7,7,4,6,13.0,2.886,,,,,,,,
Thailand,1873,Proletariat,5,5,6,4,8.0,2.371,,,,,,,,
Thailand,1873,Property,7,7,4,6,13.0,2.971,,,,,,,,
Thailand,1873,StateMemory,7,7,4,6,13.0,2.971,,,,,,,,
Thailand,1873,Trades / Professions,6,6,5,5,9.5,2.571,,,,,,,,
Thailand,1874,Army,6,6,5,5,9.5,2.743,,,,,,,,
Thailand,1874,Executive,7,7,5,6,13.5,3.029,,,,,,,,
Thailand,1874,Merchants / Shopkeepers,7,7,5,6,12.0,2.914,,,,,,,,
Thailand,1874,Priesthood / Knowledge Workers,7,7,4,6,13.0,2.886,,,,,,,,
Thailand,1874,Proletariat,5,5,6,4,8.0,2.371,,,,,,,,
Thailand,1874,Property,7,7,4,6,13.0,2.971,,,,,,,,
Thailand,1874,StateMemory,7,7,4,6,13.0,2.971,,,,,,,,
Thailand,1874,Trades / Professions,6,6,5,5,9.5,2.571,,,,,,,,
Thailand,1875,Army,6,6,5,5,9.5,2.743,,,,,,,,
Thailand,1875,Executive,7,7,5,6,13.5,3.029,,,,,,,,
Thailand,1875,Merchants / Shopkeepers,7,7,5,6,12.0,2.914,,,,,,,,
Thailand,1875,Priesthood / Knowledge Workers,7,7,4,6,13.0,2.886,,,,,,,,
Thailand,1875,Proletariat,5,5,6,4,8.0,2.371,,,,,,,,
Thailand,1875,Property,7,7,4,6,13.0,2.971,,,,,,,,
Thailand,1875,StateMemory,7,7,4,6,13.0,2.971,,,,,,,,
Thailand,1875,Trades / Professions,6,6,5,5,9.5,2.571,,,,,,,,
Thailand,1876,Army,6,6,5,5,9.5,2.743,,,,,,,,
Thailand,1876,Executive,7,7,5,6,13.5,3.029,,,,,,,,
Thailand,1876,Merchants / Shopkeepers,7,7,5,6,12.0,2.914,,,,,,,,
Thailand,1876,Priesthood / Knowledge Workers,7,7,4,6,13.0,2.886,,,,,,,,
Thailand,1876,Proletariat,5,5,6,4,8.0,2.371,,,,,,,,
Thailand,1876,Property,7,7,4,6,13.0,2.971,,,,,,,,
Thailand,1876,StateMemory,7,7,4,6,13.0,2.971,,,,,,,,
Thailand,1876,Trades / Professions,6,6,5,5,9.5,2.571,,,,,,,,
Thailand,1877,Army,6,6,5,5,9.5,2.743,,,,,,,,
Thailand,1877,Executive,7,7,5,6,13.5,3.029,,,,,,,,
Thailand,1877,Merchants / Shopkeepers,7,7,5,6,12.0,2.914,,,,,,,,
Thailand,1877,Priesthood / Knowledge Workers,7,7,4,6,13.0,2.886,,,,,,,,
Thailand,1877,Proletariat,5,5,6,4,8.0,2.371,,,,,,,,
Thailand,1877,Property,7,7,4,6,13.0,2.971,,,,,,,,
Thailand,1877,StateMemory,7,7,4,6,13.0,2.971,,,,,,,,
Thailand,1877,Trades / Professions,6,6,5,5,9.5,2.571,,,,,,,,
Thailand,1878,Army,6,6,5,5,9.5,2.743,,,,,,,,
Thailand,1878,Executive,7,7,5,6,13.5,3.029,,,,,,,,
Thailand,1878,Merchants / Shopkeepers,7,7,5,6,12.0,2.914,,,,,,,,
Thailand,1878,Priesthood / Knowledge Workers,7,7,4,6,13.0,2.886,,,,,,,,
Thailand,1878,Proletariat,5,5,6,4,8.0,2.371,,,,,,,,
Thailand,1878,Property,7,7,4,6,13.0,2.971,,,,,,,,
Thailand,1878,StateMemory,7,7,4,6,13.0,2.971,,,,,,,,
Thailand,1878,Trades / Professions,6,6,5,5,9.5,2.571,,,,,,,,
Thailand,1879,Army,6,6,5,5,9.5,2.743,,,,,,,,
Thailand,1879,Executive,7,7,5,6,13.5,3.029,,,,,,,,
Thailand,1879,Merchants / Shopkeepers,7,7,5,6,12.0,2.914,,,,,,,,
Thailand,1879,Priesthood / Knowledge Workers,7,7,4,6,13.0,2.886,,,,,,,,
Thailand,1879,Proletariat,5,5,6,4,8.0,2.371,,,,,,,,
Thailand,1879,Property,7,7,4,6,13.0,2.971,,,,,,,,
Thailand,1879,StateMemory,7,7,4,6,13.0,2.971,,,,,,,,
Thailand,1879,Trades / Professions,6,6,5,5,9.5,2.571,,,,,,,,
Thailand,1880,Army,6,6,5,5,9.5,2.743,,,,,,,,
Thailand,1880,Executive,7,7,5,6,13.5,3.029,,,,,,,,
Thailand,1880,Merchants / Shopkeepers,7,7,5,6,12.0,2.914,,,,,,,,
Thailand,1880,Priesthood / Knowledge Workers,7,7,4,6,13.0,2.886,,,,,,,,
Thailand,1880,Proletariat,5,5,6,4,8.0,2.371,,,,,,,,
Thailand,1880,Property,7,7,4,6,13.0,2.971,,,,,,,,
Thailand,1880,StateMemory,7,7,4,6,13.0,2.971,,,,,,,,
Thailand,1880,Trades / Professions,6,6,5,5,9.5,2.571,,,,,,,,
Thailand,1881,Army,6,6,5,5,9.5,2.743,,,,,,,,
Thailand,1881,Executive,7,7,5,6,13.5,3.029,,,,,,,,
Thailand,1881,Merchants / Shopkeepers,7,7,5,6,12.0,2.914,,,,,,,,
Thailand,1881,Priesthood / Knowledge Workers,7,7,4,6,13.0,2.886,,,,,,,,
Thailand,1881,Proletariat,5,5,6,4,8.0,2.371,,,,,,,,
Thailand,1881,Property,7,7,4,6,13.0,2.971,,,,,,,,
Thailand,1881,StateMemory,7,7,4,6,13.0,2.971,,,,,,,,
Thailand,1881,Trades / Professions,6,6,5,5,9.5,2.571,,,,,,,,
Thailand,1882,Army,6,6,5,5,9.5,2.743,,,,,,,,
Thailand,1882,Executive,7,7,5,6,13.5,3.029,,,,,,,,
Thailand,1882,Merchants / Shopkeepers,7,7,5,6,12.0,2.914,,,,,,,,
Thailand,1882,Priesthood / Knowledge Workers,7,7,4,6,13.0,2.886,,,,,,,,
Thailand,1882,Proletariat,5,5,6,4,8.0,2.371,,,,,,,,
Thailand,1882,Property,7,7,4,6,13.0,2.971,,,,,,,,
Thailand,1882,StateMemory,7,7,4,6,13.0,2.971,,,,,,,,
Thailand,1882,Trades / Professions,6,6,5,5,9.5,2.571,,,,,,,,
Thailand,1883,Army,6,6,5,5,9.5,2.743,,,,,,,,
Thailand,1883,Executive,7,7,5,6,13.5,3.029,,,,,,,,
Thailand,1883,Merchants / Shopkeepers,7,7,5,6,12.0,2.914,,,,,,,,
Thailand,1883,Priesthood / Knowledge Workers,7,7,4,6,13.0,2.886,,,,,,,,
Thailand,1883,Proletariat,5,5,6,4,8.0,2.371,,,,,,,,
Thailand,1883,Property,7,7,4,6,13.0,2.971,,,,,,,,
Thailand,1883,StateMemory,7,7,4,6,13.0,2.971,,,,,,,,
Thailand,1883,Trades / Professions,6,6,5,5,9.5,2.571,,,,,,,,
Thailand,1884,Army,6,6,5,5,9.5,2.743,,,,,,,,
Thailand,1884,Executive,7,7,5,6,13.5,3.029,,,,,,,,
Thailand,1884,Merchants / Shopkeepers,7,7,5,6,12.0,2.914,,,,,,,,
Thailand,1884,Priesthood / Knowledge Workers,7,7,4,6,13.0,2.886,,,,,,,,
Thailand,1884,Proletariat,5,5,6,4,8.0,2.371,,,,,,,,
Thailand,1884,Property,7,7,4,6,13.0,2.971,,,,,,,,
Thailand,1884,StateMemory,7,7,4,6,13.0,2.971,,,,,,,,
Thailand,1884,Trades / Professions,6,6,5,5,9.5,2.571,,,,,,,,
Thailand,1885,Army,6,6,5,5,9.5,2.743,,,,,,,,
Thailand,1885,Executive,7,7,5,6,13.5,3.029,,,,,,,,
Thailand,1885,Merchants / Shopkeepers,7,7,5,6,12.0,2.914,,,,,,,,
Thailand,1885,Priesthood / Knowledge Workers,7,7,4,6,13.0,2.886,,,,,,,,
Thailand,1885,Proletariat,5,5,6,4,8.0,2.371,,,,,,,,
Thailand,1885,Property,7,7,4,6,13.0,2.971,,,,,,,,
Thailand,1885,StateMemory,7,7,4,6,13.0,2.971,,,,,,,,
Thailand,1885,Trades / Professions,6,6,5,5,9.5,2.571,,,,,,,,
Thailand,1886,Army,6,6,5,5,9.5,2.743,,,,,,,,
Thailand,1886,Executive,7,7,5,6,13.5,3.029,,,,,,,,
Thailand,1886,Merchants / Shopkeepers,7,7,5,6,12.0,2.914,,,,,,,,
Thailand,1886,Priesthood / Knowledge Workers,7,7,4,6,13.0,2.886,,,,,,,,
Thailand,1886,Proletariat,5,5,6,4,8.0,2.371,,,,,,,,
Thailand,1886,Property,7,7,4,6,13.0,2.971,,,,,,,,
Thailand,1886,StateMemory,7,7,4,6,13.0,2.971,,,,,,,,
Thailand,1886,Trades / Professions,6,6,5,5,9.5,2.571,,,,,,,,
Thailand,1887,Army,6,6,5,5,9.5,2.743,,,,,,,,
Thailand,1887,Executive,7,7,5,6,13.5,3.029,,,,,,,,
Thailand,1887,Merchants / Shopkeepers,7,7,5,6,12.0,2.914,,,,,,,,
Thailand,1887,Priesthood / Knowledge Workers,7,7,4,6,13.0,2.886,,,,,,,,
Thailand,1887,Proletariat,5,5,6,4,8.0,2.371,,,,,,,,
Thailand,1887,Property,7,7,4,6,13.0,2.971,,,,,,,,
Thailand,1887,StateMemory,7,7,4,6,13.0,2.971,,,,,,,,
Thailand,1887,Trades / Professions,6,6,5,5,9.5,2.571,,,,,,,,
Thailand,1888,Army,6,6,5,5,9.5,2.743,,,,,,,,
Thailand,1888,Executive,7,7,5,6,13.5,3.029,,,,,,,,
Thailand,1888,Merchants / Shopkeepers,7,7,5,6,12.0,2.914,,,,,,,,
Thailand,1888,Priesthood / Knowledge Workers,7,7,4,6,13.0,2.886,,,,,,,,
Thailand,1888,Proletariat,5,5,6,4,8.0,2.371,,,,,,,,
Thailand,1888,Property,7,7,4,6,13.0,2.971,,,,,,,,
Thailand,1888,StateMemory,7,7,4,6,13.0,2.971,,,,,,,,
Thailand,1888,Trades / Professions,6,6,5,5,9.5,2.571,,,,,,,,
Thailand,1889,Army,6,6,5,5,9.5,2.743,,,,,,,,
Thailand,1889,Executive,7,7,5,6,13.5,3.029,,,,,,,,
Thailand,1889,Merchants / Shopkeepers,7,7,5,6,12.0,2.914,,,,,,,,
Thailand,1889,Priesthood / Knowledge Workers,7,7,4,6,13.0,2.886,,,,,,,,
Thailand,1889,Proletariat,5,5,6,4,8.0,2.371,,,,,,,,
Thailand,1889,Property,7,7,4,6,13.0,2.971,,,,,,,,
Thailand,1889,StateMemory,7,7,4,6,13.0,2.971,,,,,,,,
Thailand,1889,Trades / Professions,6,6,5,5,9.5,2.571,,,,,,,,
Thailand,1890,Army,6,6,5,5,9.5,2.743,,,,,,,,
Thailand,1890,Executive,7,7,5,6,13.5,3.029,,,,,,,,
Thailand,1890,Merchants / Shopkeepers,7,7,5,6,12.0,2.914,,,,,,,,
Thailand,1890,Priesthood / Knowledge Workers,7,7,4,6,13.0,2.886,,,,,,,,
Thailand,1890,Proletariat,5,5,6,4,8.0,2.371,,,,,,,,
Thailand,1890,Property,7,7,4,6,13.0,2.971,,,,,,,,
Thailand,1890,StateMemory,7,7,4,6,13.0,2.971,,,,,,,,
Thailand,1890,Trades / Professions,6,6,5,5,9.5,2.571,,,,,,,,
Thailand,1891,Army,6,6,5,5,9.5,2.743,,,,,,,,
Thailand,1891,Executive,7,7,5,6,13.5,3.029,,,,,,,,
Thailand,1891,Merchants / Shopkeepers,7,7,5,6,12.0,2.914,,,,,,,,
Thailand,1891,Priesthood / Knowledge Workers,7,7,4,6,13.0,2.886,,,,,,,,
Thailand,1891,Proletariat,5,5,6,4,8.0,2.371,,,,,,,,
Thailand,1891,Property,7,7,4,6,13.0,2.971,,,,,,,,
Thailand,1891,StateMemory,7,7,4,6,13.0,2.971,,,,,,,,
Thailand,1891,Trades / Professions,6,6,5,5,9.5,2.571,,,,,,,,
Thailand,1892,Army,6,6,5,5,9.5,2.743,,,,,,,,
Thailand,1892,Executive,7,7,5,6,13.5,3.029,,,,,,,,
Thailand,1892,Merchants / Shopkeepers,7,7,5,6,12.0,2.914,,,,,,,,
Thailand,1892,Priesthood / Knowledge Workers,7,7,4,6,13.0,2.886,,,,,,,,
Thailand,1892,Proletariat,5,5,6,4,8.0,2.371,,,,,,,,
Thailand,1892,Property,7,7,4,6,13.0,2.971,,,,,,,,
Thailand,1892,StateMemory,7,7,4,6,13.0,2.971,,,,,,,,
Thailand,1892,Trades / Professions,6,6,5,5,9.5,2.571,,,,,,,,
Thailand,1893,Army,6,6,5,5,9.5,2.743,,,,,,,,
Thailand,1893,Executive,7,7,5,6,13.5,3.029,,,,,,,,
Thailand,1893,Merchants / Shopkeepers,7,7,5,6,12.0,2.914,,,,,,,,
Thailand,1893,Priesthood / Knowledge Workers,7,7,4,6,13.0,2.886,,,,,,,,
Thailand,1893,Proletariat,5,5,6,4,8.0,2.371,,,,,,,,
Thailand,1893,Property,7,7,4,6,13.0,2.971,,,,,,,,
Thailand,1893,StateMemory,7,7,4,6,13.0,2.971,,,,,,,,
Thailand,1893,Trades / Professions,6,6,5,5,9.5,2.571,,,,,,,,
Thailand,1894,Army,6,6,5,5,9.5,2.743,,,,,,,,
Thailand,1894,Executive,7,7,5,6,13.5,3.029,,,,,,,,
Thailand,1894,Merchants / Shopkeepers,7,7,5,6,12.0,2.914,,,,,,,,
Thailand,1894,Priesthood / Knowledge Workers,7,7,4,6,13.0,2.886,,,,,,,,
Thailand,1894,Proletariat,5,5,6,4,8.0,2.371,,,,,,,,
Thailand,1894,Property,7,7,4,6,13.0,2.971,,,,,,,,
Thailand,1894,StateMemory,7,7,4,6,13.0,2.971,,,,,,,,
Thailand,1894,Trades / Professions,6,6,5,5,9.5,2.571,,,,,,,,
Thailand,1895,Army,6,6,5,5,9.5,2.743,,,,,,,,
Thailand,1895,Executive,7,7,5,6,13.5,3.029,,,,,,,,
Thailand,1895,Merchants / Shopkeepers,7,7,5,6,12.0,2.914,,,,,,,,
Thailand,1895,Priesthood / Knowledge Workers,7,7,4,6,13.0,2.886,,,,,,,,
Thailand,1895,Proletariat,5,5,6,4,8.0,2.371,,,,,,,,
Thailand,1895,Property,7,7,4,6,13.0,2.971,,,,,,,,
Thailand,1895,StateMemory,7,7,4,6,13.0,2.971,,,,,,,,
Thailand,1895,Trades / Professions,6,6,5,5,9.5,2.571,,,,,,,,
Thailand,1896,Army,7,7,5,6,14.0,3.029,,,,,,,,
Thailand,1896,Executive,8,8,5,6,15.0,3.2,,,,,,,,
Thailand,1896,Merchants / Shopkeepers,7,7,5,6,12.0,2.914,,,,,,,,
Thailand,1896,Priesthood / Knowledge Workers,7,7,4,6,13.0,2.886,,,,,,,,
Thailand,1896,Proletariat,6,6,6,4,10.0,2.571,,,,,,,,
Thailand,1896,Property,7,7,4,6,13.0,2.971,,,,,,,,
Thailand,1896,StateMemory,7,7,4,6,13.0,2.971,,,,,,,,
Thailand,1896,Trades / Professions,6,6,5,5,9.5,2.571,,,,,,,,
Thailand,1897,Army,7,7,5,6,14.0,3.029,,,,,,,,
Thailand,1897,Executive,8,8,5,6,15.0,3.2,,,,,,,,
Thailand,1897,Merchants / Shopkeepers,7,7,5,6,12.0,2.914,,,,,,,,
Thailand,1897,Priesthood / Knowledge Workers,7,7,4,6,13.0,2.886,,,,,,,,
Thailand,1897,Proletariat,6,6,6,4,10.0,2.571,,,,,,,,
Thailand,1897,Property,7,7,4,6,13.0,2.971,,,,,,,,
Thailand,1897,StateMemory,7,7,4,6,13.0,2.971,,,,,,,,
Thailand,1897,Trades / Professions,6,6,5,5,9.5,2.571,,,,,,,,
Thailand,1898,Army,7,7,5,6,14.0,3.029,,,,,,,,
Thailand,1898,Executive,8,8,5,6,15.0,3.2,,,,,,,,
Thailand,1898,Merchants / Shopkeepers,7,7,5,6,12.0,2.914,,,,,,,,
Thailand,1898,Priesthood / Knowledge Workers,7,7,4,6,13.0,2.886,,,,,,,,
Thailand,1898,Proletariat,6,6,6,4,10.0,2.571,,,,,,,,
Thailand,1898,Property,7,7,4,6,13.0,2.971,,,,,,,,
Thailand,1898,StateMemory,7,7,4,6,13.0,2.971,,,,,,,,
Thailand,1898,Trades / Professions,6,6,5,5,9.5,2.571,,,,,,,,
Thailand,1899,Army,7,7,5,6,14.0,3.029,,,,,,,,
Thailand,1899,Executive,8,8,5,6,15.0,3.2,,,,,,,,
Thailand,1899,Merchants / Shopkeepers,7,7,5,6,12.0,2.914,,,,,,,,
Thailand,1899,Priesthood / Knowledge Workers,7,7,4,6,13.0,2.886,,,,,,,,
Thailand,1899,Proletariat,6,6,6,4,10.0,2.571,,,,,,,,
Thailand,1899,Property,7,7,4,6,13.0,2.971,,,,,,,,
Thailand,1899,StateMemory,7,7,4,6,13.0,2.971,,,,,,,,
Thailand,1899,Trades / Professions,6,6,5,5,9.5,2.571,,,,,,,,
Thailand,1900,Army,7,7,5,6,14.0,3.029,,,,,,,,
Thailand,1900,Executive,8,8,5,6,15.0,3.2,,,,,,,,
Thailand,1900,Merchants / Shopkeepers,7,7,5,6,12.0,2.914,,,,,,,,
Thailand,1900,Priesthood / Knowledge Workers,7,7,4,6,13.0,2.886,,,,,,,,
Thailand,1900,Proletariat,6,6,6,4,10.0,2.571,,,,,,,,
Thailand,1900,Property,7,7,4,6,13.0,2.971,,,,,,,,
Thailand,1900,StateMemory,7,7,4,6,13.0,2.971,,,,,,,,
Thailand,1900,Trades / Professions,6,6,5,5,9.5,2.571,,,,,,,,
Thailand,1901,Army,7,7,5,6,14.0,3.029,,,,,,,,
Thailand,1901,Executive,8,8,5,6,15.0,3.2,,,,,,,,
Thailand,1901,Merchants / Shopkeepers,7,7,5,6,12.0,2.914,,,,,,,,
Thailand,1901,Priesthood / Knowledge Workers,7,7,4,6,13.0,2.886,,,,,,,,
Thailand,1901,Proletariat,6,6,6,4,10.0,2.571,,,,,,,,
Thailand,1901,Property,7,7,4,6,13.0,2.971,,,,,,,,
Thailand,1901,StateMemory,7,7,4,6,13.0,2.971,,,,,,,,
Thailand,1901,Trades / Professions,6,6,5,5,9.5,2.571,,,,,,,,
Thailand,1902,Army,7,7,5,6,14.0,3.029,,,,,,,,
Thailand,1902,Executive,8,8,5,6,15.0,3.2,,,,,,,,
Thailand,1902,Merchants / Shopkeepers,7,7,5,6,12.0,2.914,,,,,,,,
Thailand,1902,Priesthood / Knowledge Workers,7,7,4,6,13.0,2.886,,,,,,,,
Thailand,1902,Proletariat,6,6,6,4,10.0,2.571,,,,,,,,
Thailand,1902,Property,7,7,4,6,13.0,2.971,,,,,,,,
Thailand,1902,StateMemory,7,7,4,6,13.0,2.971,,,,,,,,
Thailand,1902,Trades / Professions,6,6,5,5,9.5,2.571,,,,,,,,
Thailand,1903,Army,7,7,5,6,14.0,3.029,,,,,,,,
Thailand,1903,Executive,8,8,5,6,15.0,3.2,,,,,,,,
Thailand,1903,Merchants / Shopkeepers,7,7,5,6,12.0,2.914,,,,,,,,
Thailand,1903,Priesthood / Knowledge Workers,7,7,4,6,13.0,2.886,,,,,,,,
Thailand,1903,Proletariat,6,6,6,4,10.0,2.571,,,,,,,,
Thailand,1903,Property,7,7,4,6,13.0,2.971,,,,,,,,
Thailand,1903,StateMemory,7,7,4,6,13.0,2.971,,,,,,,,
Thailand,1903,Trades / Professions,6,6,5,5,9.5,2.571,,,,,,,,
Thailand,1904,Army,7,7,5,6,14.0,3.029,,,,,,,,
Thailand,1904,Executive,8,8,5,6,15.0,3.2,,,,,,,,
Thailand,1904,Merchants / Shopkeepers,7,7,5,6,12.0,2.914,,,,,,,,
Thailand,1904,Priesthood / Knowledge Workers,7,7,4,6,13.0,2.886,,,,,,,,
Thailand,1904,Proletariat,6,6,6,4,10.0,2.571,,,,,,,,
Thailand,1904,Property,7,7,4,6,13.0,2.971,,,,,,,,
Thailand,1904,StateMemory,7,7,4,6,13.0,2.971,,,,,,,,
Thailand,1904,Trades / Professions,6,6,5,5,9.5,2.571,,,,,,,,
Thailand,1905,Army,7,7,5,6,14.0,3.029,,,,,,,,
Thailand,1905,Executive,8,8,5,6,15.0,3.2,,,,,,,,
Thailand,1905,Merchants / Shopkeepers,7,7,5,6,12.0,2.914,,,,,,,,
Thailand,1905,Priesthood / Knowledge Workers,7,7,4,6,13.0,2.886,,,,,,,,
Thailand,1905,Proletariat,6,6,6,4,10.0,2.571,,,,,,,,
Thailand,1905,Property,7,7,4,6,13.0,2.971,,,,,,,,
Thailand,1905,StateMemory,7,7,4,6,13.0,2.971,,,,,,,,
Thailand,1905,Trades / Professions,6,6,5,5,9.5,2.571,,,,,,,,
Thailand,1906,Army,7,7,5,6,14.0,3.029,,,,,,,,
Thailand,1906,Executive,8,8,5,6,15.0,3.2,,,,,,,,
Thailand,1906,Merchants / Shopkeepers,7,7,5,6,12.0,2.914,,,,,,,,
Thailand,1906,Priesthood / Knowledge Workers,7,7,4,6,13.0,2.886,,,,,,,,
Thailand,1906,Proletariat,6,6,6,4,10.0,2.571,,,,,,,,
Thailand,1906,Property,7,7,4,6,13.0,2.971,,,,,,,,
Thailand,1906,StateMemory,7,7,4,6,13.0,2.971,,,,,,,,
Thailand,1906,Trades / Professions,6,6,5,5,9.5,2.571,,,,,,,,
Thailand,1907,Army,7,7,5,6,14.0,3.029,,,,,,,,
Thailand,1907,Executive,8,8,5,6,15.0,3.2,,,,,,,,
Thailand,1907,Merchants / Shopkeepers,7,7,5,6,12.0,2.914,,,,,,,,
Thailand,1907,Priesthood / Knowledge Workers,7,7,4,6,13.0,2.886,,,,,,,,
Thailand,1907,Proletariat,6,6,6,4,10.0,2.571,,,,,,,,
Thailand,1907,Property,7,7,4,6,13.0,2.971,,,,,,,,
Thailand,1907,StateMemory,7,7,4,6,13.0,2.971,,,,,,,,
Thailand,1907,Trades / Professions,6,6,5,5,9.5,2.571,,,,,,,,
Thailand,1908,Army,7,7,5,6,14.0,3.029,,,,,,,,
Thailand,1908,Executive,8,8,5,6,15.0,3.2,,,,,,,,
Thailand,1908,Merchants / Shopkeepers,7,7,5,6,12.0,2.914,,,,,,,,
Thailand,1908,Priesthood / Knowledge Workers,7,7,4,6,13.0,2.886,,,,,,,,
Thailand,1908,Proletariat,6,6,6,4,10.0,2.571,,,,,,,,
Thailand,1908,Property,7,7,4,6,13.0,2.971,,,,,,,,
Thailand,1908,StateMemory,7,7,4,6,13.0,2.971,,,,,,,,
Thailand,1908,Trades / Professions,6,6,5,5,9.5,2.571,,,,,,,,
Thailand,1909,Army,7,7,5,6,14.0,3.029,,,,,,,,
Thailand,1909,Executive,8,8,5,6,15.0,3.2,,,,,,,,
Thailand,1909,Merchants / Shopkeepers,7,7,5,6,12.0,2.914,,,,,,,,
Thailand,1909,Priesthood / Knowledge Workers,7,7,4,6,13.0,2.886,,,,,,,,
Thailand,1909,Proletariat,6,6,6,4,10.0,2.571,,,,,,,,
Thailand,1909,Property,7,7,4,6,13.0,2.971,,,,,,,,
Thailand,1909,StateMemory,7,7,4,6,13.0,2.971,,,,,,,,
Thailand,1909,Trades / Professions,6,6,5,5,9.5,2.571,,,,,,,,
Thailand,1910,Army,7,7,5,6,14.0,3.029,,,,,,,,
Thailand,1910,Executive,8,8,5,6,15.0,3.2,,,,,,,,
Thailand,1910,Merchants / Shopkeepers,7,7,5,6,12.0,2.914,,,,,,,,
Thailand,1910,Priesthood / Knowledge Workers,7,7,4,6,13.0,2.886,,,,,,,,
Thailand,1910,Proletariat,6,6,6,4,10.0,2.571,,,,,,,,
Thailand,1910,Property,7,7,4,6,13.0,2.971,,,,,,,,
Thailand,1910,StateMemory,7,7,4,6,13.0,2.971,,,,,,,,
Thailand,1910,Trades / Professions,6,6,5,5,9.5,2.571,,,,,,,,
Thailand,1911,Army,7,7,5,6,14.0,3.029,,,,,,,,
Thailand,1911,Executive,8,8,5,6,15.0,3.2,,,,,,,,
Thailand,1911,Merchants / Shopkeepers,7,7,5,6,12.0,2.914,,,,,,,,
Thailand,1911,Priesthood / Knowledge Workers,7,7,4,6,13.0,2.886,,,,,,,,
Thailand,1911,Proletariat,6,6,6,4,10.0,2.571,,,,,,,,
Thailand,1911,Property,7,7,4,6,13.0,2.971,,,,,,,,
Thailand,1911,StateMemory,7,7,4,6,13.0,2.971,,,,,,,,
Thailand,1911,Trades / Professions,6,6,5,5,9.5,2.571,,,,,,,,
Thailand,1912,Army,7,7,5,6,14.0,3.029,,,,,,,,
Thailand,1912,Executive,8,8,5,6,15.0,3.2,,,,,,,,
Thailand,1912,Merchants / Shopkeepers,7,7,5,6,12.0,2.914,,,,,,,,
Thailand,1912,Priesthood / Knowledge Workers,7,7,4,6,13.0,2.886,,,,,,,,
Thailand,1912,Proletariat,6,6,6,4,10.0,2.571,,,,,,,,
Thailand,1912,Property,7,7,4,6,13.0,2.971,,,,,,,,
Thailand,1912,StateMemory,7,7,4,6,13.0,2.971,,,,,,,,
Thailand,1912,Trades / Professions,6,6,5,5,9.5,2.571,,,,,,,,
Thailand,1913,Army,7,7,5,6,14.0,3.029,,,,,,,,
Thailand,1913,Executive,8,8,5,6,15.0,3.2,,,,,,,,
Thailand,1913,Merchants / Shopkeepers,7,7,5,6,12.0,2.914,,,,,,,,
Thailand,1913,Priesthood / Knowledge Workers,7,7,4,6,13.0,2.886,,,,,,,,
Thailand,1913,Proletariat,6,6,6,4,10.0,2.571,,,,,,,,
Thailand,1913,Property,7,7,4,6,13.0,2.971,,,,,,,,
Thailand,1913,StateMemory,7,7,4,6,13.0,2.971,,,,,,,,
Thailand,1913,Trades / Professions,6,6,5,5,9.5,2.571,,,,,,,,
Thailand,1914,Army,7,7,5,6,14.0,3.029,,,,,,,,
Thailand,1914,Executive,8,8,5,6,15.0,3.2,,,,,,,,
Thailand,1914,Merchants / Shopkeepers,7,7,5,6,12.0,2.914,,,,,,,,
Thailand,1914,Priesthood / Knowledge Workers,7,7,4,6,13.0,2.886,,,,,,,,
Thailand,1914,Proletariat,6,6,6,4,10.0,2.571,,,,,,,,
Thailand,1914,Property,7,7,4,6,13.0,2.971,,,,,,,,
Thailand,1914,StateMemory,7,7,4,6,13.0,2.971,,,,,,,,
Thailand,1914,Trades / Professions,6,6,5,5,9.5,2.571,,,,,,,,
Thailand,1915,Army,7,7,5,6,14.0,3.029,,,,,,,,
Thailand,1915,Executive,8,8,5,6,15.0,3.2,,,,,,,,
Thailand,1915,Merchants / Shopkeepers,7,7,5,6,12.0,2.914,,,,,,,,
Thailand,1915,Priesthood / Knowledge Workers,7,7,4,6,13.0,2.886,,,,,,,,
Thailand,1915,Proletariat,6,6,6,4,10.0,2.571,,,,,,,,
Thailand,1915,Property,7,7,4,6,13.0,2.971,,,,,,,,
Thailand,1915,StateMemory,7,7,4,6,13.0,2.971,,,,,,,,
Thailand,1915,Trades / Professions,6,6,5,5,9.5,2.571,,,,,,,,
Thailand,1916,Army,7,7,5,6,14.0,3.029,,,,,,,,
Thailand,1916,Executive,8,8,5,6,15.0,3.2,,,,,,,,
Thailand,1916,Merchants / Shopkeepers,7,7,5,6,12.0,2.914,,,,,,,,
Thailand,1916,Priesthood / Knowledge Workers,7,7,4,6,13.0,2.886,,,,,,,,
Thailand,1916,Proletariat,6,6,6,4,10.0,2.571,,,,,,,,
Thailand,1916,Property,7,7,4,6,13.0,2.971,,,,,,,,
Thailand,1916,StateMemory,7,7,4,6,13.0,2.971,,,,,,,,
Thailand,1916,Trades / Professions,6,6,5,5,9.5,2.571,,,,,,,,
Thailand,1917,Army,7,7,5,6,14.0,3.029,,,,,,,,
Thailand,1917,Executive,8,8,5,6,15.0,3.2,,,,,,,,
Thailand,1917,Merchants / Shopkeepers,7,7,5,6,12.0,2.914,,,,,,,,
Thailand,1917,Priesthood / Knowledge Workers,7,7,4,6,13.0,2.886,,,,,,,,
Thailand,1917,Proletariat,6,6,6,4,10.0,2.571,,,,,,,,
Thailand,1917,Property,7,7,4,6,13.0,2.971,,,,,,,,
Thailand,1917,StateMemory,7,7,4,6,13.0,2.971,,,,,,,,
Thailand,1917,Trades / Professions,6,6,5,5,9.5,2.571,,,,,,,,
Thailand,1918,Army,7,7,5,6,14.0,3.029,,,,,,,,
Thailand,1918,Executive,8,8,5,6,15.0,3.2,,,,,,,,
Thailand,1918,Merchants / Shopkeepers,7,7,5,6,12.0,2.914,,,,,,,,
Thailand,1918,Priesthood / Knowledge Workers,7,7,4,6,13.0,2.886,,,,,,,,
Thailand,1918,Proletariat,6,6,6,4,10.0,2.571,,,,,,,,
Thailand,1918,Property,7,7,4,6,13.0,2.971,,,,,,,,
Thailand,1918,StateMemory,7,7,4,6,13.0,2.971,,,,,,,,
Thailand,1918,Trades / Professions,6,6,5,5,9.5,2.571,,,,,,,,
Thailand,1919,Army,7,7,5,6,14.0,3.029,,,,,,,,
Thailand,1919,Executive,8,8,5,6,15.0,3.2,,,,,,,,
Thailand,1919,Merchants / Shopkeepers,7,7,5,6,12.0,2.914,,,,,,,,
Thailand,1919,Priesthood / Knowledge Workers,7,7,4,6,13.0,2.886,,,,,,,,
Thailand,1919,Proletariat,6,6,6,4,10.0,2.571,,,,,,,,
Thailand,1919,Property,7,7,4,6,13.0,2.971,,,,,,,,
Thailand,1919,StateMemory,7,7,4,6,13.0,2.971,,,,,,,,
Thailand,1919,Trades / Professions,6,6,5,5,9.5,2.571,,,,,,,,
Thailand,1920,Army,7,7,5,6,14.0,3.029,,,,,,,,
Thailand,1920,Executive,8,8,5,6,15.0,3.2,,,,,,,,
Thailand,1920,Merchants / Shopkeepers,7,7,5,6,12.0,2.914,,,,,,,,
Thailand,1920,Priesthood / Knowledge Workers,7,7,4,6,13.0,2.886,,,,,,,,
Thailand,1920,Proletariat,6,6,6,4,10.0,2.571,,,,,,,,
Thailand,1920,Property,7,7,4,6,13.0,2.971,,,,,,,,
Thailand,1920,StateMemory,7,7,4,6,13.0,2.971,,,,,,,,
Thailand,1920,Trades / Professions,6,6,5,5,9.5,2.571,,,,,,,,
Thailand,1921,Army,7,7,5,6,14.0,3.029,,,,,,,,
Thailand,1921,Executive,8,8,5,6,15.0,3.2,,,,,,,,
Thailand,1921,Merchants / Shopkeepers,7,7,5,6,12.0,2.914,,,,,,,,
Thailand,1921,Priesthood / Knowledge Workers,7,7,4,6,13.0,2.886,,,,,,,,
Thailand,1921,Proletariat,6,6,6,4,10.0,2.571,,,,,,,,
Thailand,1921,Property,7,7,4,6,13.0,2.971,,,,,,,,
Thailand,1921,StateMemory,7,7,4,6,13.0,2.971,,,,,,,,
Thailand,1921,Trades / Professions,6,6,5,5,9.5,2.571,,,,,,,,
Thailand,1922,Army,7,7,5,6,14.0,3.029,,,,,,,,
Thailand,1922,Executive,8,8,5,6,15.0,3.2,,,,,,,,
Thailand,1922,Merchants / Shopkeepers,7,7,5,6,12.0,2.914,,,,,,,,
Thailand,1922,Priesthood / Knowledge Workers,7,7,4,6,13.0,2.886,,,,,,,,
Thailand,1922,Proletariat,6,6,6,4,10.0,2.571,,,,,,,,
Thailand,1922,Property,7,7,4,6,13.0,2.971,,,,,,,,
Thailand,1922,StateMemory,7,7,4,6,13.0,2.971,,,,,,,,
Thailand,1922,Trades / Professions,6,6,5,5,9.5,2.571,,,,,,,,
Thailand,1923,Army,7,7,5,6,14.0,3.029,,,,,,,,
Thailand,1923,Executive,8,8,5,6,15.0,3.2,,,,,,,,
Thailand,1923,Merchants / Shopkeepers,7,7,5,6,12.0,2.914,,,,,,,,
Thailand,1923,Priesthood / Knowledge Workers,7,7,4,6,13.0,2.886,,,,,,,,
Thailand,1923,Proletariat,6,6,6,4,10.0,2.571,,,,,,,,
Thailand,1923,Property,7,7,4,6,13.0,2.971,,,,,,,,
Thailand,1923,StateMemory,7,7,4,6,13.0,2.971,,,,,,,,
Thailand,1923,Trades / Professions,6,6,5,5,9.5,2.571,,,,,,,,
Thailand,1924,Army,7,7,5,6,14.0,3.029,,,,,,,,
Thailand,1924,Executive,8,8,5,6,15.0,3.2,,,,,,,,
Thailand,1924,Merchants / Shopkeepers,7,7,5,6,12.0,2.914,,,,,,,,
Thailand,1924,Priesthood / Knowledge Workers,7,7,4,6,13.0,2.886,,,,,,,,
Thailand,1924,Proletariat,6,6,6,4,10.0,2.571,,,,,,,,
Thailand,1924,Property,7,7,4,6,13.0,2.971,,,,,,,,
Thailand,1924,StateMemory,7,7,4,6,13.0,2.971,,,,,,,,
Thailand,1924,Trades / Professions,6,6,5,5,9.5,2.571,,,,,,,,
Thailand,1925,Army,7,7,5,6,14.0,3.029,,,,,,,,
Thailand,1925,Executive,8,8,5,6,15.0,3.2,,,,,,,,
Thailand,1925,Merchants / Shopkeepers,7,7,5,6,12.0,2.914,,,,,,,,
Thailand,1925,Priesthood / Knowledge Workers,7,7,4,6,13.0,2.886,,,,,,,,
Thailand,1925,Proletariat,6,6,6,4,10.0,2.571,,,,,,,,
Thailand,1925,Property,7,7,4,6,13.0,2.971,,,,,,,,
Thailand,1925,StateMemory,7,7,4,6,13.0,2.971,,,,,,,,
Thailand,1925,Trades / Professions,6,6,5,5,9.5,2.571,,,,,,,,
Thailand,1926,Army,7,7,5,6,14.0,3.029,,,,,,,,
Thailand,1926,Executive,8,8,5,6,15.0,3.2,,,,,,,,
Thailand,1926,Merchants / Shopkeepers,7,7,5,6,12.0,2.914,,,,,,,,
Thailand,1926,Priesthood / Knowledge Workers,7,7,4,6,13.0,2.886,,,,,,,,
Thailand,1926,Proletariat,6,6,6,4,10.0,2.571,,,,,,,,
Thailand,1926,Property,7,7,4,6,13.0,2.971,,,,,,,,
Thailand,1926,StateMemory,7,7,4,6,13.0,2.971,,,,,,,,
Thailand,1926,Trades / Professions,6,6,5,5,9.5,2.571,,,,,,,,
Thailand,1927,Army,7,7,5,6,14.0,3.029,,,,,,,,
Thailand,1927,Executive,8,8,5,6,15.0,3.2,,,,,,,,
Thailand,1927,Merchants / Shopkeepers,7,7,5,6,12.0,2.914,,,,,,,,
Thailand,1927,Priesthood / Knowledge Workers,7,7,4,6,13.0,2.886,,,,,,,,
Thailand,1927,Proletariat,6,6,6,4,10.0,2.571,,,,,,,,
Thailand,1927,Property,7,7,4,6,13.0,2.971,,,,,,,,
Thailand,1927,StateMemory,7,7,4,6,13.0,2.971,,,,,,,,
Thailand,1927,Trades / Professions,6,6,5,5,9.5,2.571,,,,,,,,
Thailand,1928,Army,7,7,5,6,14.0,3.029,,,,,,,,
Thailand,1928,Executive,8,8,5,6,15.0,3.2,,,,,,,,
Thailand,1928,Merchants / Shopkeepers,7,7,5,6,12.0,2.914,,,,,,,,
Thailand,1928,Priesthood / Knowledge Workers,7,7,4,6,13.0,2.886,,,,,,,,
Thailand,1928,Proletariat,6,6,6,4,10.0,2.571,,,,,,,,
Thailand,1928,Property,7,7,4,6,13.0,2.971,,,,,,,,
Thailand,1928,StateMemory,7,7,4,6,13.0,2.971,,,,,,,,
Thailand,1928,Trades / Professions,6,6,5,5,9.5,2.571,,,,,,,,
Thailand,1929,Army,7,7,5,6,14.0,3.029,,,,,,,,
Thailand,1929,Executive,8,8,5,6,15.0,3.2,,,,,,,,
Thailand,1929,Merchants / Shopkeepers,7,7,5,6,12.0,2.914,,,,,,,,
Thailand,1929,Priesthood / Knowledge Workers,7,7,4,6,13.0,2.886,,,,,,,,
Thailand,1929,Proletariat,6,6,6,4,10.0,2.571,,,,,,,,
Thailand,1929,Property,7,7,4,6,13.0,2.971,,,,,,,,
Thailand,1929,StateMemory,7,7,4,6,13.0,2.971,,,,,,,,
Thailand,1929,Trades / Professions,6,6,5,5,9.5,2.571,,,,,,,,
Thailand,1930,Army,7,7,5,6,14.0,3.029,,,,,,,,
Thailand,1930,Executive,7,7,5,6,13.5,3.029,,,,,,,,
Thailand,1930,Merchants / Shopkeepers,7,7,5,6,12.0,2.914,,,,,,,,
Thailand,1930,Priesthood / Knowledge Workers,7,7,4,6,13.0,2.886,,,,,,,,
Thailand,1930,Proletariat,6,6,6,4,10.0,2.571,,,,,,,,
Thailand,1930,Property,7,7,4,6,13.0,2.971,,,,,,,,
Thailand,1930,StateMemory,7,7,4,6,13.0,2.971,,,,,,,,
Thailand,1930,Trades / Professions,6,6,5,5,9.5,2.571,,,,,,,,
Thailand,1931,Army,7,7,5,6,14.0,3.029,,,,,,,,
Thailand,1931,Executive,7,7,5,6,13.5,3.029,,,,,,,,
Thailand,1931,Merchants / Shopkeepers,7,7,5,6,12.0,2.914,,,,,,,,
Thailand,1931,Priesthood / Knowledge Workers,7,7,4,6,13.0,2.886,,,,,,,,
Thailand,1931,Proletariat,6,6,6,4,10.0,2.571,,,,,,,,
Thailand,1931,Property,7,7,4,6,13.0,2.971,,,,,,,,
Thailand,1931,StateMemory,7,7,4,6,13.0,2.971,,,,,,,,
Thailand,1931,Trades / Professions,6,6,5,5,9.5,2.571,,,,,,,,
Thailand,1932,Army,7,7,5,6,14.0,3.029,,,,,,,,
Thailand,1932,Executive,6,6,6,6,11.0,2.743,,,,,,,,
Thailand,1932,Merchants / Shopkeepers,6,6,6,6,11.0,2.743,,,,,,,,
Thailand,1932,Priesthood / Knowledge Workers,6,6,6,6,11.0,2.743,,,,,,,,
Thailand,1932,Proletariat,6,6,6,5,11.0,2.686,,,,,,,,
Thailand,1932,Property,6,6,6,6,11.0,2.743,,,,,,,,
Thailand,1932,StateMemory,6,6,6,6,11.0,2.743,,,,,,,,
Thailand,1932,Trades / Professions,6,6,6,6,11.0,2.743,,,,,,,,
Thailand,1933,Army,6,6,6,6,11.0,2.743,,,,,,,,
Thailand,1933,Executive,6,6,6,6,11.0,2.743,,,,,,,,
Thailand,1933,Merchants / Shopkeepers,6,6,6,6,11.0,2.743,,,,,,,,
Thailand,1933,Priesthood / Knowledge Workers,6,6,6,6,11.0,2.743,,,,,,,,
Thailand,1933,Proletariat,6,6,6,5,11.0,2.686,,,,,,,,
Thailand,1933,Property,6,6,6,6,11.0,2.743,,,,,,,,
Thailand,1933,StateMemory,6,6,6,6,11.0,2.743,,,,,,,,
Thailand,1933,Trades / Professions,6,6,6,6,11.0,2.743,,,,,,,,
Thailand,1934,Army,6,6,6,6,11.0,2.743,,,,,,,,
Thailand,1934,Executive,6,6,6,6,11.0,2.743,,,,,,,,
Thailand,1934,Merchants / Shopkeepers,6,6,6,6,11.0,2.743,,,,,,,,
Thailand,1934,Priesthood / Knowledge Workers,6,6,6,6,11.0,2.743,,,,,,,,
Thailand,1934,Proletariat,6,6,6,5,11.0,2.686,,,,,,,,
Thailand,1934,Property,6,6,6,6,11.0,2.743,,,,,,,,
Thailand,1934,StateMemory,6,6,6,6,11.0,2.743,,,,,,,,
Thailand,1934,Trades / Professions,6,6,6,6,11.0,2.743,,,,,,,,
Thailand,1935,Army,6,6,6,6,11.0,2.743,,,,,,,,
Thailand,1935,Executive,6,6,6,6,11.0,2.743,,,,,,,,
Thailand,1935,Merchants / Shopkeepers,6,6,6,6,11.0,2.743,,,,,,,,
Thailand,1935,Priesthood / Knowledge Workers,6,6,6,6,11.0,2.743,,,,,,,,
Thailand,1935,Proletariat,6,6,6,5,11.0,2.686,,,,,,,,
Thailand,1935,Property,6,6,6,6,11.0,2.743,,,,,,,,
Thailand,1935,StateMemory,6,6,6,6,11.0,2.743,,,,,,,,
Thailand,1935,Trades / Professions,6,6,6,6,11.0,2.743,,,,,,,,
Thailand,1936,Army,6,6,6,6,11.0,2.743,,,,,,,,
Thailand,1936,Executive,6,6,6,6,11.0,2.743,,,,,,,,
Thailand,1936,Merchants / Shopkeepers,6,6,6,6,11.0,2.743,,,,,,,,
Thailand,1936,Priesthood / Knowledge Workers,6,6,6,6,11.0,2.743,,,,,,,,
Thailand,1936,Proletariat,6,6,6,5,11.0,2.686,,,,,,,,
Thailand,1936,Property,6,6,6,6,11.0,2.743,,,,,,,,
Thailand,1936,StateMemory,6,6,6,6,11.0,2.743,,,,,,,,
Thailand,1936,Trades / Professions,6,6,6,6,11.0,2.743,,,,,,,,
Thailand,1937,Army,6,6,6,6,11.0,2.743,,,,,,,,
Thailand,1937,Executive,6,6,6,6,11.0,2.743,,,,,,,,
Thailand,1937,Merchants / Shopkeepers,6,6,6,6,11.0,2.743,,,,,,,,
Thailand,1937,Priesthood / Knowledge Workers,6,6,6,6,11.0,2.743,,,,,,,,
Thailand,1937,Proletariat,6,6,6,5,11.0,2.686,,,,,,,,
Thailand,1937,Property,6,6,6,6,11.0,2.743,,,,,,,,
Thailand,1937,StateMemory,6,6,6,6,11.0,2.743,,,,,,,,
Thailand,1937,Trades / Professions,6,6,6,6,11.0,2.743,,,,,,,,
Thailand,1938,Army,6,6,6,6,11.0,2.743,,,,,,,,
Thailand,1938,Executive,6,6,6,6,11.0,2.743,,,,,,,,
Thailand,1938,Merchants / Shopkeepers,6,6,6,6,11.0,2.743,,,,,,,,
Thailand,1938,Priesthood / Knowledge Workers,6,6,6,6,11.0,2.743,,,,,,,,
Thailand,1938,Proletariat,6,6,6,5,11.0,2.686,,,,,,,,
Thailand,1938,Property,6,6,6,6,11.0,2.743,,,,,,,,
Thailand,1938,StateMemory,6,6,6,6,11.0,2.743,,,,,,,,
Thailand,1938,Trades / Professions,6,6,6,6,11.0,2.743,,,,,,,,
Thailand,1939,Army,6,6,6,6,11.0,2.743,,,,,,,,
Thailand,1939,Executive,6,6,6,6,11.0,2.743,,,,,,,,
Thailand,1939,Merchants / Shopkeepers,6,6,6,6,11.0,2.743,,,,,,,,
Thailand,1939,Priesthood / Knowledge Workers,6,6,6,6,11.0,2.743,,,,,,,,
Thailand,1939,Proletariat,6,6,6,5,11.0,2.686,,,,,,,,
Thailand,1939,Property,6,6,6,6,11.0,2.743,,,,,,,,
Thailand,1939,StateMemory,6,6,6,6,11.0,2.743,,,,,,,,
Thailand,1939,Trades / Professions,6,6,6,6,11.0,2.743,,,,,,,,
Thailand,1940,Army,6,6,6,6,11.0,2.743,,,,,,,,
Thailand,1940,Executive,6,6,6,6,11.0,2.743,,,,,,,,
Thailand,1940,Merchants / Shopkeepers,6,6,6,6,11.0,2.743,,,,,,,,
Thailand,1940,Priesthood / Knowledge Workers,6,6,6,6,11.0,2.743,,,,,,,,
Thailand,1940,Proletariat,6,6,6,5,11.0,2.686,,,,,,,,
Thailand,1940,Property,6,6,6,6,11.0,2.743,,,,,,,,
Thailand,1940,StateMemory,6,6,6,6,11.0,2.743,,,,,,,,
Thailand,1940,Trades / Professions,6,6,6,6,11.0,2.743,,,,,,,,
Thailand,1941,Army,5,5,7,5,7.5,2.286,,,,,,,,
Thailand,1941,Executive,5,5,7,5,7.5,2.286,,,,,,,,
Thailand,1941,Merchants / Shopkeepers,5,5,7,5,7.5,2.286,,,,,,,,
Thailand,1941,Priesthood / Knowledge Workers,5,5,7,5,7.5,2.286,,,,,,,,
Thailand,1941,Proletariat,5,5,7,5,7.5,2.286,,,,,,,,
Thailand,1941,Property,5,5,7,5,7.5,2.286,,,,,,,,
Thailand,1941,StateMemory,5,5,7,5,7.5,2.286,,,,,,,,
Thailand,1941,Trades / Professions,5,5,7,5,7.5,2.286,,,,,,,,
Thailand,1942,Army,4,4,8,4,4.0,1.886,,,,,,,,
Thailand,1942,Executive,4,4,8,4,4.0,1.886,,,,,,,,
Thailand,1942,Merchants / Shopkeepers,4,4,8,4,4.0,1.886,,,,,,,,
Thailand,1942,Priesthood / Knowledge Workers,4,4,8,4,4.0,1.886,,,,,,,,
Thailand,1942,Proletariat,4,4,8,4,4.0,1.886,,,,,,,,
Thailand,1942,Property,4,4,8,4,4.0,1.886,,,,,,,,
Thailand,1942,StateMemory,4,4,8,4,4.0,1.886,,,,,,,,
Thailand,1942,Trades / Professions,4,4,8,4,4.0,1.886,,,,,,,,
Thailand,1943,Army,4,4,8,4,4.0,1.886,,,,,,,,
Thailand,1943,Executive,4,4,8,4,4.0,1.886,,,,,,,,
Thailand,1943,Merchants / Shopkeepers,4,4,8,4,4.0,1.886,,,,,,,,
Thailand,1943,Priesthood / Knowledge Workers,4,4,8,4,4.0,1.886,,,,,,,,
Thailand,1943,Proletariat,4,4,8,4,4.0,1.886,,,,,,,,
Thailand,1943,Property,4,4,8,4,4.0,1.886,,,,,,,,
Thailand,1943,StateMemory,4,4,8,4,4.0,1.886,,,,,,,,
Thailand,1943,Trades / Professions,4,4,8,4,4.0,1.886,,,,,,,,
Thailand,1944,Army,4,4,8,4,4.0,1.886,,,,,,,,
Thailand,1944,Executive,4,4,8,4,4.0,1.886,,,,,,,,
Thailand,1944,Merchants / Shopkeepers,4,4,8,4,4.0,1.886,,,,,,,,
Thailand,1944,Priesthood / Knowledge Workers,4,4,8,4,4.0,1.886,,,,,,,,
Thailand,1944,Proletariat,4,4,8,4,4.0,1.886,,,,,,,,
Thailand,1944,Property,4,4,8,4,4.0,1.886,,,,,,,,
Thailand,1944,StateMemory,4,4,8,4,4.0,1.886,,,,,,,,
Thailand,1944,Trades / Professions,4,4,8,4,4.0,1.886,,,,,,,,
Thailand,1945,Army,5,5,7,5,7.5,2.286,,,,,,,,
Thailand,1945,Executive,5,5,7,5,7.5,2.286,,,,,,,,
Thailand,1945,Merchants / Shopkeepers,5,5,7,5,7.5,2.286,,,,,,,,
Thailand,1945,Priesthood / Knowledge Workers,5,5,7,5,7.5,2.286,,,,,,,,
Thailand,1945,Proletariat,5,5,7,5,7.5,2.286,,,,,,,,
Thailand,1945,Property,5,5,7,5,7.5,2.286,,,,,,,,
Thailand,1945,StateMemory,5,5,7,5,7.5,2.286,,,,,,,,
Thailand,1945,Trades / Professions,5,5,7,5,7.5,2.286,,,,,,,,
Thailand,1946,Army,6,6,6,5,9.0,2.571,,,,,,,,
Thailand,1946,Executive,6,6,6,5,9.0,2.571,,,,,,,,
Thailand,1946,Merchants / Shopkeepers,6,6,6,5,9.0,2.571,,,,,,,,
Thailand,1946,Priesthood / Knowledge Workers,6,6,6,5,9.0,2.571,,,,,,,,
Thailand,1946,Proletariat,6,6,6,5,9.0,2.571,,,,,,,,
Thailand,1946,Property,6,6,6,5,9.0,2.571,,,,,,,,
Thailand,1946,StateMemory,6,6,6,5,9.0,2.571,,,,,,,,
Thailand,1946,Trades / Professions,6,6,6,5,9.0,2.571,,,,,,,,
Thailand,1947,Army,6,6,6,5,9.0,2.571,,,,,,,,
Thailand,1947,Executive,6,6,6,5,9.0,2.571,,,,,,,,
Thailand,1947,Merchants / Shopkeepers,6,6,6,5,9.0,2.571,,,,,,,,
Thailand,1947,Priesthood / Knowledge Workers,6,6,6,5,9.0,2.571,,,,,,,,
Thailand,1947,Proletariat,6,6,6,5,9.0,2.571,,,,,,,,
Thailand,1947,Property,6,6,6,5,9.0,2.571,,,,,,,,
Thailand,1947,StateMemory,6,6,6,5,9.0,2.571,,,,,,,,
Thailand,1947,Trades / Professions,6,6,6,5,9.0,2.571,,,,,,,,
Thailand,1948,Army,6,6,6,5,9.0,2.571,,,,,,,,
Thailand,1948,Executive,6,6,6,5,9.0,2.571,,,,,,,,
Thailand,1948,Merchants / Shopkeepers,6,6,6,5,9.0,2.571,,,,,,,,
Thailand,1948,Priesthood / Knowledge Workers,6,6,6,5,9.0,2.571,,,,,,,,
Thailand,1948,Proletariat,6,6,6,5,9.0,2.571,,,,,,,,
Thailand,1948,Property,6,6,6,5,9.0,2.571,,,,,,,,
Thailand,1948,StateMemory,6,6,6,5,9.0,2.571,,,,,,,,
Thailand,1948,Trades / Professions,6,6,6,5,9.0,2.571,,,,,,,,
Thailand,1949,Army,6,6,6,5,9.0,2.571,,,,,,,,
Thailand,1949,Executive,6,6,6,5,9.0,2.571,,,,,,,,
Thailand,1949,Merchants / Shopkeepers,6,6,6,5,9.0,2.571,,,,,,,,
Thailand,1949,Priesthood / Knowledge Workers,6,6,6,5,9.0,2.571,,,,,,,,
Thailand,1949,Proletariat,6,6,6,5,9.0,2.571,,,,,,,,
Thailand,1949,Property,6,6,6,5,9.0,2.571,,,,,,,,
Thailand,1949,StateMemory,6,6,6,5,9.0,2.571,,,,,,,,
Thailand,1949,Trades / Professions,6,6,6,5,9.0,2.571,,,,,,,,
Thailand,1950,Army,6,6,6,5,9.0,2.571,,,,,,,,
Thailand,1950,Executive,6,6,6,5,9.0,2.571,,,,,,,,
Thailand,1950,Merchants / Shopkeepers,6,6,6,5,9.0,2.571,,,,,,,,
Thailand,1950,Priesthood / Knowledge Workers,6,6,6,5,9.0,2.571,,,,,,,,
Thailand,1950,Proletariat,6,6,6,5,9.0,2.571,,,,,,,,
Thailand,1950,Property,6,6,6,5,9.0,2.571,,,,,,,,
Thailand,1950,StateMemory,6,6,6,5,9.0,2.571,,,,,,,,
Thailand,1950,Trades / Professions,6,6,6,5,9.0,2.571,,,,,,,,
Thailand,1951,Army,7,7,5,6,14.0,3.029,,,,,,,,
Thailand,1951,Executive,7,7,5,6,14.0,3.029,,,,,,,,
Thailand,1951,Merchants / Shopkeepers,7,7,5,6,14.0,3.029,,,,,,,,
Thailand,1951,Priesthood / Knowledge Workers,7,7,5,6,14.0,3.029,,,,,,,,
Thailand,1951,Proletariat,7,7,5,5,13.5,3.029,,,,,,,,
Thailand,1951,Property,7,7,5,6,14.0,3.029,,,,,,,,
Thailand,1951,StateMemory,7,7,5,6,14.0,3.029,,,,,,,,
Thailand,1951,Trades / Professions,7,7,5,6,14.0,3.029,,,,,,,,
Thailand,1952,Army,7,7,5,6,14.0,3.029,,,,,,,,
Thailand,1952,Executive,7,7,5,6,14.0,3.029,,,,,,,,
Thailand,1952,Merchants / Shopkeepers,7,7,5,6,14.0,3.029,,,,,,,,
Thailand,1952,Priesthood / Knowledge Workers,7,7,5,6,14.0,3.029,,,,,,,,
Thailand,1952,Proletariat,7,7,5,5,13.5,3.029,,,,,,,,
Thailand,1952,Property,7,7,5,6,14.0,3.029,,,,,,,,
Thailand,1952,StateMemory,7,7,5,6,14.0,3.029,,,,,,,,
Thailand,1952,Trades / Professions,7,7,5,6,14.0,3.029,,,,,,,,
Thailand,1953,Army,7,7,5,6,14.0,3.029,,,,,,,,
Thailand,1953,Executive,7,7,5,6,14.0,3.029,,,,,,,,
Thailand,1953,Merchants / Shopkeepers,7,7,5,6,14.0,3.029,,,,,,,,
Thailand,1953,Priesthood / Knowledge Workers,7,7,5,6,14.0,3.029,,,,,,,,
Thailand,1953,Proletariat,7,7,5,5,13.5,3.029,,,,,,,,
Thailand,1953,Property,7,7,5,6,14.0,3.029,,,,,,,,
Thailand,1953,StateMemory,7,7,5,6,14.0,3.029,,,,,,,,
Thailand,1953,Trades / Professions,7,7,5,6,14.0,3.029,,,,,,,,
Thailand,1954,Army,7,7,5,6,14.0,3.029,,,,,,,,
Thailand,1954,Executive,7,7,5,6,14.0,3.029,,,,,,,,
Thailand,1954,Merchants / Shopkeepers,7,7,5,6,14.0,3.029,,,,,,,,
Thailand,1954,Priesthood / Knowledge Workers,7,7,5,6,14.0,3.029,,,,,,,,
Thailand,1954,Proletariat,7,7,5,5,13.5,3.029,,,,,,,,
Thailand,1954,Property,7,7,5,6,14.0,3.029,,,,,,,,
Thailand,1954,StateMemory,7,7,5,6,14.0,3.029,,,,,,,,
Thailand,1954,Trades / Professions,7,7,5,6,14.0,3.029,,,,,,,,
Thailand,1955,Army,7,7,5,6,14.0,3.029,,,,,,,,
Thailand,1955,Executive,7,7,5,6,14.0,3.029,,,,,,,,
Thailand,1955,Merchants / Shopkeepers,7,7,5,6,14.0,3.029,,,,,,,,
Thailand,1955,Priesthood / Knowledge Workers,7,7,5,6,14.0,3.029,,,,,,,,
Thailand,1955,Proletariat,7,7,5,5,13.5,3.029,,,,,,,,
Thailand,1955,Property,7,7,5,6,14.0,3.029,,,,,,,,
Thailand,1955,StateMemory,7,7,5,6,14.0,3.029,,,,,,,,
Thailand,1955,Trades / Professions,7,7,5,6,14.0,3.029,,,,,,,,
Thailand,1956,Army,7,7,5,6,14.0,3.029,,,,,,,,
Thailand,1956,Executive,7,7,5,6,14.0,3.029,,,,,,,,
Thailand,1956,Merchants / Shopkeepers,7,7,5,6,14.0,3.029,,,,,,,,
Thailand,1956,Priesthood / Knowledge Workers,7,7,5,6,14.0,3.029,,,,,,,,
Thailand,1956,Proletariat,7,7,5,5,13.5,3.029,,,,,,,,
Thailand,1956,Property,7,7,5,6,14.0,3.029,,,,,,,,
Thailand,1956,StateMemory,7,7,5,6,14.0,3.029,,,,,,,,
Thailand,1956,Trades / Professions,7,7,5,6,14.0,3.029,,,,,,,,
Thailand,1947,Army,6,6,6,5,9.0,2.571,,,,,,,,
Thailand,1947,Executive,6,6,6,5,9.0,2.571,,,,,,,,
Thailand,1947,Merchants / Shopkeepers,6,6,6,5,9.0,2.571,,,,,,,,
Thailand,1947,Priesthood / Knowledge Workers,6,6,6,5,9.0,2.571,,,,,,,,
Thailand,1947,Proletariat,6,6,6,5,9.0,2.571,,,,,,,,
Thailand,1947,Property,6,6,6,5,9.0,2.571,,,,,,,,
Thailand,1947,StateMemory,6,6,6,5,9.0,2.571,,,,,,,,
Thailand,1947,Trades / Professions,6,6,6,5,9.0,2.571,,,,,,,,
Thailand,1948,Army,6,6,6,5,9.0,2.571,,,,,,,,
Thailand,1948,Executive,6,6,6,5,9.0,2.571,,,,,,,,
Thailand,1948,Merchants / Shopkeepers,6,6,6,5,9.0,2.571,,,,,,,,
Thailand,1948,Priesthood / Knowledge Workers,6,6,6,5,9.0,2.571,,,,,,,,
Thailand,1948,Proletariat,6,6,6,5,9.0,2.571,,,,,,,,
Thailand,1948,Property,6,6,6,5,9.0,2.571,,,,,,,,
Thailand,1948,StateMemory,6,6,6,5,9.0,2.571,,,,,,,,
Thailand,1948,Trades / Professions,6,6,6,5,9.0,2.571,,,,,,,,
Thailand,1949,Army,6,6,6,5,9.0,2.571,,,,,,,,
Thailand,1949,Executive,6,6,6,5,9.0,2.571,,,,,,,,
Thailand,1949,Merchants / Shopkeepers,6,6,6,5,9.0,2.571,,,,,,,,
Thailand,1949,Priesthood / Knowledge Workers,6,6,6,5,9.0,2.571,,,,,,,,
Thailand,1949,Proletariat,6,6,6,5,9.0,2.571,,,,,,,,
Thailand,1949,Property,6,6,6,5,9.0,2.571,,,,,,,,
Thailand,1949,StateMemory,6,6,6,5,9.0,2.571,,,,,,,,
Thailand,1949,Trades / Professions,6,6,6,5,9.0,2.571,,,,,,,,
Thailand,1950,Army,6,6,6,5,9.0,2.571,,,,,,,,
Thailand,1950,Executive,6,6,6,5,9.0,2.571,,,,,,,,
Thailand,1950,Merchants / Shopkeepers,6,6,6,5,9.0,2.571,,,,,,,,
Thailand,1950,Priesthood / Knowledge Workers,6,6,6,5,9.0,2.571,,,,,,,,
Thailand,1950,Proletariat,6,6,6,5,9.0,2.571,,,,,,,,
Thailand,1950,Property,6,6,6,5,9.0,2.571,,,,,,,,
Thailand,1950,StateMemory,6,6,6,5,9.0,2.571,,,,,,,,
Thailand,1950,Trades / Professions,6,6,6,5,9.0,2.571,,,,,,,,
Thailand,1951,Army,7,7,5,6,14.0,3.029,,,,,,,,
Thailand,1951,Executive,7,7,5,6,14.0,3.029,,,,,,,,
Thailand,1951,Merchants / Shopkeepers,7,7,5,6,14.0,3.029,,,,,,,,
Thailand,1951,Priesthood / Knowledge Workers,7,7,5,6,14.0,3.029,,,,,,,,
Thailand,1951,Proletariat,7,7,5,5,13.5,3.029,,,,,,,,
Thailand,1951,Property,7,7,5,6,14.0,3.029,,,,,,,,
Thailand,1951,StateMemory,7,7,5,6,14.0,3.029,,,,,,,,
Thailand,1951,Trades / Professions,7,7,5,6,14.0,3.029,,,,,,,,
Thailand,1952,Army,7,7,5,6,14.0,3.029,,,,,,,,
Thailand,1952,Executive,7,7,5,6,14.0,3.029,,,,,,,,
Thailand,1952,Merchants / Shopkeepers,7,7,5,6,14.0,3.029,,,,,,,,
Thailand,1952,Priesthood / Knowledge Workers,7,7,5,6,14.0,3.029,,,,,,,,
Thailand,1952,Proletariat,7,7,5,5,13.5,3.029,,,,,,,,
Thailand,1952,Property,7,7,5,6,14.0,3.029,,,,,,,,
Thailand,1952,StateMemory,7,7,5,6,14.0,3.029,,,,,,,,
Thailand,1952,Trades / Professions,7,7,5,6,14.0,3.029,,,,,,,,
Thailand,1953,Army,7,7,5,6,14.0,3.029,,,,,,,,
Thailand,1953,Executive,7,7,5,6,14.0,3.029,,,,,,,,
Thailand,1953,Merchants / Shopkeepers,7,7,5,6,14.0,3.029,,,,,,,,
Thailand,1953,Priesthood / Knowledge Workers,7,7,5,6,14.0,3.029,,,,,,,,
Thailand,1953,Proletariat,7,7,5,5,13.5,3.029,,,,,,,,
Thailand,1953,Property,7,7,5,6,14.0,3.029,,,,,,,,
Thailand,1953,StateMemory,7,7,5,6,14.0,3.029,,,,,,,,
Thailand,1953,Trades / Professions,7,7,5,6,14.0,3.029,,,,,,,,
Thailand,1954,Army,7,7,5,6,14.0,3.029,,,,,,,,
Thailand,1954,Executive,7,7,5,6,14.0,3.029,,,,,,,,
Thailand,1954,Merchants / Shopkeepers,7,7,5,6,14.0,3.029,,,,,,,,
Thailand,1954,Priesthood / Knowledge Workers,7,7,5,6,14.0,3.029,,,,,,,,
Thailand,1954,Proletariat,7,7,5,5,13.5,3.029,,,,,,,,
Thailand,1954,Property,7,7,5,6,14.0,3.029,,,,,,,,
Thailand,1954,StateMemory,7,7,5,6,14.0,3.029,,,,,,,,
Thailand,1954,Trades / Professions,7,7,5,6,14.0,3.029,,,,,,,,
Thailand,1955,Army,7,7,5,6,14.0,3.029,,,,,,,,
Thailand,1955,Executive,7,7,5,6,14.0,3.029,,,,,,,,
Thailand,1955,Merchants / Shopkeepers,7,7,5,6,14.0,3.029,,,,,,,,
Thailand,1955,Priesthood / Knowledge Workers,7,7,5,6,14.0,3.029,,,,,,,,
Thailand,1955,Proletariat,7,7,5,5,13.5,3.029,,,,,,,,
Thailand,1955,Property,7,7,5,6,14.0,3.029,,,,,,,,
Thailand,1955,StateMemory,7,7,5,6,14.0,3.029,,,,,,,,
Thailand,1955,Trades / Professions,7,7,5,6,14.0,3.029,,,,,,,,
Thailand,1956,Army,7,7,5,6,14.0,3.029,,,,,,,,
Thailand,1956,Executive,7,7,5,6,14.0,3.029,,,,,,,,
Thailand,1956,Merchants / Shopkeepers,7,7,5,6,14.0,3.029,,,,,,,,
Thailand,1956,Priesthood / Knowledge Workers,7,7,5,6,14.0,3.029,,,,,,,,
Thailand,1956,Proletariat,7,7,5,5,13.5,3.029,,,,,,,,
Thailand,1956,Property,7,7,5,6,14.0,3.029,,,,,,,,
Thailand,1956,StateMemory,7,7,5,6,14.0,3.029,,,,,,,,
Thailand,1956,Trades / Professions,7,7,5,6,14.0,3.029,,,,,,,,
Thailand,1957,Army,7,7,5,6,14.0,3.029,,,,,,,,
Thailand,1957,Executive,7,7,5,6,14.0,3.029,,,,,,,,
Thailand,1957,Merchants / Shopkeepers,7,7,5,6,14.0,3.029,,,,,,,,
Thailand,1957,Priesthood / Knowledge Workers,7,7,5,6,14.0,3.029,,,,,,,,
Thailand,1957,Proletariat,7,7,5,5,13.5,3.029,,,,,,,,
Thailand,1957,Property,7,7,5,6,14.0,3.029,,,,,,,,
Thailand,1957,StateMemory,7,7,5,6,14.0,3.029,,,,,,,,
Thailand,1957,Trades / Professions,7,7,5,6,14.0,3.029,,,,,,,,
Thailand,1958,Army,7,7,5,6,14.0,3.029,,,,,,,,
Thailand,1958,Executive,7,7,5,6,14.0,3.029,,,,,,,,
Thailand,1958,Merchants / Shopkeepers,7,7,5,6,14.0,3.029,,,,,,,,
Thailand,1958,Priesthood / Knowledge Workers,7,7,5,6,14.0,3.029,,,,,,,,
Thailand,1958,Proletariat,7,7,5,5,13.5,3.029,,,,,,,,
Thailand,1958,Property,7,7,5,6,14.0,3.029,,,,,,,,
Thailand,1958,StateMemory,7,7,5,6,14.0,3.029,,,,,,,,
Thailand,1958,Trades / Professions,7,7,5,6,14.0,3.029,,,,,,,,
Thailand,1959,Army,7,7,5,6,14.0,3.029,,,,,,,,
Thailand,1959,Executive,7,7,5,6,14.0,3.029,,,,,,,,
Thailand,1959,Merchants / Shopkeepers,7,7,5,6,14.0,3.029,,,,,,,,
Thailand,1959,Priesthood / Knowledge Workers,7,7,5,6,14.0,3.029,,,,,,,,
Thailand,1959,Proletariat,7,7,5,5,13.5,3.029,,,,,,,,
Thailand,1959,Property,7,7,5,6,14.0,3.029,,,,,,,,
Thailand,1959,StateMemory,7,7,5,6,14.0,3.029,,,,,,,,
Thailand,1959,Trades / Professions,7,7,5,6,14.0,3.029,,,,,,,,
Thailand,1960,Army,7,7,5,6,14.0,3.029,,,,,,,,
Thailand,1960,Executive,7,7,5,6,14.0,3.029,,,,,,,,
Thailand,1960,Merchants / Shopkeepers,7,7,5,6,14.0,3.029,,,,,,,,
Thailand,1960,Priesthood / Knowledge Workers,7,7,5,6,14.0,3.029,,,,,,,,
Thailand,1960,Proletariat,7,7,5,5,13.5,3.029,,,,,,,,
Thailand,1960,Property,7,7,5,6,14.0,3.029,,,,,,,,
Thailand,1960,StateMemory,7,7,5,6,14.0,3.029,,,,,,,,
Thailand,1960,Trades / Professions,7,7,5,6,14.0,3.029,,,,,,,,
Thailand,1961,Army,7,7,5,6,14.0,3.029,,,,,,,,
Thailand,1961,Executive,7,7,5,6,14.0,3.029,,,,,,,,
Thailand,1961,Merchants / Shopkeepers,7,7,5,6,14.0,3.029,,,,,,,,
Thailand,1961,Priesthood / Knowledge Workers,7,7,5,6,14.0,3.029,,,,,,,,
Thailand,1961,Proletariat,7,7,5,5,13.5,3.029,,,,,,,,
Thailand,1961,Property,7,7,5,6,14.0,3.029,,,,,,,,
Thailand,1961,StateMemory,7,7,5,6,14.0,3.029,,,,,,,,
Thailand,1961,Trades / Professions,7,7,5,6,14.0,3.029,,,,,,,,
Thailand,1962,Army,7,7,5,6,14.0,3.029,,,,,,,,
Thailand,1962,Executive,7,7,5,6,14.0,3.029,,,,,,,,
Thailand,1962,Merchants / Shopkeepers,7,7,5,6,14.0,3.029,,,,,,,,
Thailand,1962,Priesthood / Knowledge Workers,7,7,5,6,14.0,3.029,,,,,,,,
Thailand,1962,Proletariat,7,7,5,5,13.5,3.029,,,,,,,,
Thailand,1962,Property,7,7,5,6,14.0,3.029,,,,,,,,
Thailand,1962,StateMemory,7,7,5,6,14.0,3.029,,,,,,,,
Thailand,1962,Trades / Professions,7,7,5,6,14.0,3.029,,,,,,,,
Thailand,1963,Army,7,7,5,6,14.0,3.029,,,,,,,,
Thailand,1963,Executive,7,7,5,6,14.0,3.029,,,,,,,,
Thailand,1963,Merchants / Shopkeepers,7,7,5,6,14.0,3.029,,,,,,,,
Thailand,1963,Priesthood / Knowledge Workers,7,7,5,6,14.0,3.029,,,,,,,,
Thailand,1963,Proletariat,7,7,5,5,13.5,3.029Thailand,1963.0,Property Owners,7.0,7.0,5.0,6.0,14.0,3.029
Thailand,1963,StateMemory,7,7,5,6,14.0,3.029,,,,,,,,
Thailand,1963,Trades / Professions,7,7,5,6,14.0,3.029,,,,,,,,
Thailand,1964,Army,7,7,5,6,14.0,3.029,,,,,,,,
Thailand,1964,Executive,7,7,5,6,14.0,3.029,,,,,,,,
Thailand,1964,Merchants / Shopkeepers,7,7,5,6,14.0,3.029,,,,,,,,
Thailand,1964,Priesthood / Knowledge Workers,7,7,5,6,14.0,3.029,,,,,,,,
Thailand,1964,Proletariat,7,7,5,5,13.5,3.029,,,,,,,,
Thailand,1964,Property,7,7,5,6,14.0,3.029,,,,,,,,
Thailand,1964,StateMemory,7,7,5,6,14.0,3.029,,,,,,,,
Thailand,1964,Trades / Professions,7,7,5,6,14.0,3.029,,,,,,,,
Thailand,1965,Army,7,7,5,6,14.0,3.029,,,,,,,,
Thailand,1965,Executive,7,7,5,6,14.0,3.029,,,,,,,,
Thailand,1965,Merchants / Shopkeepers,7,7,5,6,14.0,3.029,,,,,,,,
Thailand,1965,Priesthood / Knowledge Workers,7,7,5,6,14.0,3.029,,,,,,,,
Thailand,1965,Proletariat,7,7,5,5,13.5,3.029,,,,,,,,
Thailand,1965,Property,7,7,5,6,14.0,3.029,,,,,,,,
Thailand,1965,StateMemory,7,7,5,6,14.0,3.029,,,,,,,,
Thailand,1965,Trades / Professions,7,7,5,6,14.0,3.029,,,,,,,,
Thailand,1966,Army,7,7,5,6,14.0,3.029,,,,,,,,
Thailand,1966,Executive,7,7,5,6,14.0,3.029,,,,,,,,
Thailand,1966,Merchants / Shopkeepers,7,7,5,6,14.0,3.029,,,,,,,,
Thailand,1966,Priesthood / Knowledge Workers,7,7,5,6,14.0,3.029,,,,,,,,
Thailand,1966,Proletariat,7,7,5,5,13.5,3.029,,,,,,,,
Thailand,1966,Property,7,7,5,6,14.0,3.029,,,,,,,,
Thailand,1966,StateMemory,7,7,5,6,14.0,3.029,,,,,,,,
Thailand,1966,Trades / Professions,7,7,5,6,14.0,3.029,,,,,,,,
Thailand,1967,Army,7,7,5,6,14.0,3.029,,,,,,,,
Thailand,1967,Executive,7,7,5,6,14.0,3.029,,,,,,,,
Thailand,1967,Merchants / Shopkeepers,7,7,5,6,14.0,3.029,,,,,,,,
Thailand,1967,Priesthood / Knowledge Workers,7,7,5,6,14.0,3.029,,,,,,,,
Thailand,1967,Proletariat,7,7,5,5,13.5,3.029,,,,,,,,
Thailand,1967,Property,7,7,5,6,14.0,3.029,,,,,,,,
Thailand,1967,StateMemory,7,7,5,6,14.0,3.029,,,,,,,,
Thailand,1967,Trades / Professions,7,7,5,6,14.0,3.029,,,,,,,,
Thailand,1968,Army,7,7,5,6,14.0,3.029,,,,,,,,
Thailand,1968,Executive,7,7,5,6,14.0,3.029,,,,,,,,
Thailand,1968,Merchants / Shopkeepers,7,7,5,6,14.0,3.029,,,,,,,,
Thailand,1968,Priesthood / Knowledge Workers,7,7,5,6,14.0,3.029,,,,,,,,
Thailand,1968,Proletariat,7,7,5,5,13.5,3.029,,,,,,,,
Thailand,1968,Property,7,7,5,6,14.0,3.029,,,,,,,,
Thailand,1968,StateMemory,7,7,5,6,14.0,3.029,,,,,,,,
Thailand,1968,Trades / Professions,7,7,5,6,14.0,3.029,,,,,,,,
Thailand,1969,Army,7,7,5,6,14.0,3.029,,,,,,,,
Thailand,1969,Executive,7,7,5,6,14.0,3.029,,,,,,,,
Thailand,1969,Merchants / Shopkeepers,7,7,5,6,14.0,3.029,,,,,,,,
Thailand,1969,Priesthood / Knowledge Workers,7,7,5,6,14.0,3.029,,,,,,,,
Thailand,1969,Proletariat,7,7,5,5,13.5,3.029,,,,,,,,
Thailand,1969,Property,7,7,5,6,14.0,3.029,,,,,,,,
Thailand,1969,StateMemory,7,7,5,6,14.0,3.029,,,,,,,,
Thailand,1969,Trades / Professions,7,7,5,6,14.0,3.029,,,,,,,,
Thailand,1970,Army,7,7,5,6,14.0,3.029,,,,,,,,
Thailand,1970,Executive,7,7,5,6,14.0,3.029,,,,,,,,
Thailand,1970,Merchants / Shopkeepers,7,7,5,6,14.0,3.029,,,,,,,,
Thailand,1970,Priesthood / Knowledge Workers,7,7,5,6,14.0,3.029,,,,,,,,
Thailand,1970,Proletariat,7,7,5,5,13.5,3.029,,,,,,,,
Thailand,1970,Property,7,7,5,6,14.0,3.029,,,,,,,,
Thailand,1970,StateMemory,7,7,5,6,14.0,3.029,,,,,,,,
Thailand,1970,Trades / Professions,7,7,5,6,14.0,3.029,,,,,,,,
Thailand,1971,Army,7,7,5,6,14.0,3.029,,,,,,,,
Thailand,1971,Executive,7,7,5,6,14.0,3.029,,,,,,,,
Thailand,1971,Merchants / Shopkeepers,7,7,5,6,14.0,3.029,,,,,,,,
Thailand,1971,Priesthood / Knowledge Workers,7,7,5,6,14.0,3.029,,,,,,,,
Thailand,1971,Proletariat,7,7,5,5,13.5,3.029,,,,,,,,
Thailand,1971,Property,7,7,5,6,14.0,3.029,,,,,,,,
Thailand,1971,StateMemory,7,7,5,6,14.0,3.029,,,,,,,,
Thailand,1971,Trades / Professions,7,7,5,6,14.0,3.029,,,,,,,,
Thailand,1972,Army,7,7,5,6,14.0,3.029,,,,,,,,
Thailand,1972,Executive,7,7,5,6,14.0,3.029,,,,,,,,
Thailand,1972,Merchants / Shopkeepers,7,7,5,6,14.0,3.029,,,,,,,,
Thailand,1972,Priesthood / Knowledge Workers,7,7,5,6,14.0,3.029,,,,,,,,
Thailand,1972,Proletariat,7,7,5,5,13.5,3.029,,,,,,,,
Thailand,1972,Property,7,7,5,6,14.0,3.029,,,,,,,,
Thailand,1972,StateMemory,7,7,5,6,14.0,3.029,,,,,,,,
Thailand,1972,Trades / Professions,7,7,5,6,14.0,3.029,,,,,,,,
Thailand,1973,Army,8,8,4,6,15.0,3.2,,,,,,,,
Thailand,1973,Executive,8,8,4,6,15.0,3.2,,,,,,,,
Thailand,1973,Merchants / Shopkeepers,7,7,5,6,14.0,3.029,,,,,,,,
Thailand,1973,Priesthood / Knowledge Workers,7,7,5,6,14.0,3.029,,,,,,,,
Thailand,1973,Proletariat,7,7,5,5,13.5,3.029,,,,,,,,
Thailand,1973,Property,7,7,5,6,14.0,3.029,,,,,,,,
Thailand,1973,StateMemory,8,8,4,6,15.0,3.2,,,,,,,,
Thailand,1973,Trades / Professions,7,7,5,6,14.0,3.029,,,,,,,,
Thailand,1974,Army,8,8,4,6,15.0,3.2,,,,,,,,
Thailand,1974,Executive,8,8,4,6,15.0,3.2,,,,,,,,
Thailand,1974,Merchants / Shopkeepers,7,7,5,6,14.0,3.029,,,,,,,,
Thailand,1974,Priesthood / Knowledge Workers,7,7,5,6,14.0,3.029,,,,,,,,
Thailand,1974,Proletariat,7,7,5,5,13.5,3.029,,,,,,,,
Thailand,1974,Property,7,7,5,6,14.0,3.029,,,,,,,,
Thailand,1974,StateMemory,8,8,4,6,15.0,3.2,,,,,,,,
Thailand,1974,Trades / Professions,7,7,5,6,14.0,3.029,,,,,,,,
Thailand,1975,Army,8,8,4,6,15.0,3.2,,,,,,,,
Thailand,1975,Executive,8,8,4,6,15.0,3.2,,,,,,,,
Thailand,1975,Merchants / Shopkeepers,7,7,5,6,14.0,3.029,,,,,,,,
Thailand,1975,Priesthood / Knowledge Workers,7,7,5,6,14.0,3.029,,,,,,,,
Thailand,1975,Proletariat,7,7,5,5,13.5,3.029,,,,,,,,
Thailand,1975,Property,7,7,5,6,14.0,3.029,,,,,,,,
Thailand,1975,StateMemory,8,8,4,6,15.0,3.2,,,,,,,,
Thailand,1975,Trades / Professions,7,7,5,6,14.0,3.029,,,,,,,,
Thailand,1976,Army,8,8,4,6,15.0,3.2,,,,,,,,
Thailand,1976,Executive,8,8,4,6,15.0,3.2,,,,,,,,
Thailand,1976,Merchants / Shopkeepers,7,7,5,6,14.0,3.029,,,,,,,,
Thailand,1976,Priesthood / Knowledge Workers,7,7,5,6,14.0,3.029,,,,,,,,
Thailand,1976,Proletariat,7,7,5,5,13.5,3.029,,,,,,,,
Thailand,1976,Property,7,7,5,6,14.0,3.029,,,,,,,,
Thailand,1976,StateMemory,8,8,4,6,15.0,3.2,,,,,,,,
Thailand,1976,Trades / Professions,7,7,5,6,14.0,3.029,,,,,,,,
Thailand,1977,Army,8,8,4,6,15.0,3.2,,,,,,,,
Thailand,1977,Executive,8,8,4,6,15.0,3.2,,,,,,,,
Thailand,1977,Merchants / Shopkeepers,7,7,5,6,14.0,3.029,,,,,,,,
Thailand,1977,Priesthood / Knowledge Workers,7,7,5,6,14.0,3.029,,,,,,,,
Thailand,1977,Proletariat,7,7,5,5,13.5,3.029,,,,,,,,
Thailand,1977,Property,7,7,5,6,14.0,3.029,,,,,,,,
Thailand,1977,StateMemory,8,8,4,6,15.0,3.2,,,,,,,,
Thailand,1977,Trades / Professions,7,7,5,6,14.0,3.029,,,,,,,,
Thailand,1978,Army,8,8,4,6,15.0,3.2,,,,,,,,
Thailand,1978,Executive,8,8,4,6,15.0,3.2,,,,,,,,
Thailand,1978,Merchants / Shopkeepers,7,7,5,6,14.0,3.029,,,,,,,,
Thailand,1978,Priesthood / Knowledge Workers,7,7,5,6,14.0,3.029,,,,,,,,
Thailand,1978,Proletariat,7,7,5,5,13.5,3.029,,,,,,,,
Thailand,1978,Property,7,7,5,6,14.0,3.029,,,,,,,,
Thailand,1978,StateMemory,8,8,4,6,15.0,3.2,,,,,,,,
Thailand,1978,Trades / Professions,7,7,5,6,14.0,3.029,,,,,,,,
Thailand,1979,Army,8,8,4,6,15.0,3.2,,,,,,,,
Thailand,1979,Executive,8,8,4,6,15.0,3.2,,,,,,,,
Thailand,1979,Merchants / Shopkeepers,7,7,5,6,14.0,3.029,,,,,,,,
Thailand,1979,Priesthood / Knowledge Workers,7,7,5,6,14.0,3.029,,,,,,,,
Thailand,1979,Proletariat,7,7,5,5,13.5,3.029,,,,,,,,
Thailand,1979,Property,7,7,5,6,14.0,3.029,,,,,,,,
Thailand,1979,StateMemory,8,8,4,6,15.0,3.2,,,,,,,,
Thailand,1979,Trades / Professions,7,7,5,6,14.0,3.029,,,,,,,,
Thailand,1980,Army,7,7,5,6,13.5,3.029,,,,,,,,
Thailand,1980,Executive,7,7,5,6,13.5,3.029,,,,,,,,
Thailand,1980,Merchants / Shopkeepers,7,7,5,6,13.5,3.029,,,,,,,,
Thailand,1980,Priesthood / Knowledge Workers,7,7,5,6,13.5,3.029,,,,,,,,
Thailand,1980,Proletariat,7,7,5,5,13.5,3.029,,,,,,,,
Thailand,1980,Property,7,7,5,6,13.5,3.029,,,,,,,,
Thailand,1980,StateMemory,7,7,5,6,13.5,3.029,,,,,,,,
Thailand,1980,Trades / Professions,7,7,5,6,13.5,3.029,,,,,,,,
Thailand,1981,Army,7,7,5,6,13.5,3.029,,,,,,,,
Thailand,1981,Executive,7,7,5,6,13.5,3.029,,,,,,,,
Thailand,1981,Merchants / Shopkeepers,7,7,5,6,13.5,3.029,,,,,,,,
Thailand,1981,Priesthood / Knowledge Workers,7,7,5,6,13.5,3.029,,,,,,,,
Thailand,1981,Proletariat,7,7,5,5,13.5,3.029,,,,,,,,
Thailand,1981,Property,7,7,5,6,13.5,3.029,,,,,,,,
Thailand,1981,StateMemory,7,7,5,6,13.5,3.029,,,,,,,,
Thailand,1981,Trades / Professions,7,7,5,6,13.5,3.029,,,,,,,,
Thailand,1982,Army,7,7,5,6,13.5,3.029,,,,,,,,
Thailand,1982,Executive,7,7,5,6,13.5,3.029,,,,,,,,
Thailand,1982,Merchants / Shopkeepers,7,7,5,6,13.5,3.029,,,,,,,,
Thailand,1982,Priesthood / Knowledge Workers,7,7,5,6,13.5,3.029,,,,,,,,
Thailand,1982,Proletariat,7,7,5,5,13.5,3.029,,,,,,,,
Thailand,1982,Property,7,7,5,6,13.5,3.029,,,,,,,,
Thailand,1982,StateMemory,7,7,5,6,13.5,3.029,,,,,,,,
Thailand,1982,Trades / Professions,7,7,5,6,13.5,3.029,,,,,,,,
Thailand,1983,Army,7,7,5,6,13.5,3.029,,,,,,,,
Thailand,1983,Executive,7,7,5,6,13.5,3.029,,,,,,,,
Thailand,1983,Merchants / Shopkeepers,7,7,5,6,13.5,3.029,,,,,,,,
Thailand,1983,Priesthood / Knowledge Workers,7,7,5,6,13.5,3.029,,,,,,,,
Thailand,1983,Proletariat,7,7,5,5,13.5,3.029,,,,,,,,
Thailand,1983,Property,7,7,5,6,13.5,3.029,,,,,,,,
Thailand,1983,StateMemory,7,7,5,6,13.5,3.029,,,,,,,,
Thailand,1983,Trades / Professions,7,7,5,6,13.5,3.029,,,,,,,,
Thailand,1984,Army,7,7,5,6,13.5,3.029,,,,,,,,
Thailand,1984,Executive,7,7,5,6,13.5,3.029,,,,,,,,
Thailand,1984,Merchants / Shopkeepers,7,7,5,6,13.5,3.029,,,,,,,,
Thailand,1984,Priesthood / Knowledge Workers,7,7,5,6,13.5,3.029,,,,,,,,
Thailand,1984,Proletariat,7,7,5,5,13.5,3.029,,,,,,,,
Thailand,1984,Property,7,7,5,6,13.5,3.029,,,,,,,,
Thailand,1984,StateMemory,7,7,5,6,13.5,3.029,,,,,,,,
Thailand,1984,Trades / Professions,7,7,5,6,13.5,3.029,,,,,,,,
Thailand,1985,Army,7,7,5,6,13.5,3.029,,,,,,,,
Thailand,1985,Executive,7,7,5,6,13.5,3.029,,,,,,,,
Thailand,1985,Merchants / Shopkeepers,7,7,5,6,13.5,3.029,,,,,,,,
Thailand,1985,Priesthood / Knowledge Workers,7,7,5,6,13.5,3.029,,,,,,,,
Thailand,1985,Proletariat,7,7,5,5,13.5,3.029,,,,,,,,
Thailand,1985,Property,7,7,5,6,13.5,3.029,,,,,,,,
Thailand,1985,StateMemory,7,7,5,6,13.0,,,,,,,,,
Thailand,1986,Army,6,6,6,6,11.0,2.743,,,,,,,,
Thailand,1986,Executive,6,6,6,6,11.0,2.743,,,,,,,,
Thailand,1986,Merchants / Shopkeepers,6,6,6,6,11.0,2.743,,,,,,,,
Thailand,1986,Priesthood / Knowledge Workers,6,6,6,6,11.0,2.743,,,,,,,,
Thailand,1986,Proletariat,6,6,6,5,11.0,2.686,,,,,,,,
Thailand,1986,Property,6,6,6,6,11.0,2.743,,,,,,,,
Thailand,1986,StateMemory,6,6,6,6,11.0,2.743,,,,,,,,
Thailand,1986,Trades / Professions,6,6,6,6,11.0,2.743,,,,,,,,
Thailand,1987,Army,6,6,6,6,11.0,2.743,,,,,,,,
Thailand,1987,Executive,6,6,6,6,11.0,2.743,,,,,,,,
Thailand,1987,Merchants / Shopkeepers,6,6,6,6,11.0,2.743,,,,,,,,
Thailand,1987,Priesthood / Knowledge Workers,6,6,6,6,11.0,2.743,,,,,,,,
Thailand,1987,Proletariat,6,6,6,5,11.0,2.686,,,,,,,,
Thailand,1987,Property,6,6,6,6,11.0,2.743,,,,,,,,
Thailand,1987,StateMemory,6,6,6,6,11.0,2.743,,,,,,,,
Thailand,1987,Trades / Professions,6,6,6,6,11.0,2.743,,,,,,,,
Thailand,1988,Army,6,6,6,6,11.0,2.743,,,,,,,,
Thailand,1988,Executive,6,6,6,6,11.0,2.743,,,,,,,,
Thailand,1988,Merchants / Shopkeepers,6,6,6,6,11.0,2.743,,,,,,,,
Thailand,1988,Priesthood / Knowledge Workers,6,6,6,6,11.0,2.743,,,,,,,,
Thailand,1988,Proletariat,6,6,6,5,11.0,2.686,,,,,,,,
Thailand,1988,Property,6,6,6,6,11.0,2.743,,,,,,,,
Thailand,1988,StateMemory,6,6,6,6,11.0,2.743,,,,,,,,
Thailand,1988,Trades / Professions,6,6,6,6,11.0,2.743,,,,,,,,
Thailand,1989,Army,6,6,6,6,11.0,2.743,,,,,,,,
Thailand,1989,Executive,6,6,6,6,11.0,2.743,,,,,,,,
Thailand,1989,Merchants / Shopkeepers,6,6,6,6,11.0,2.743,,,,,,,,
Thailand,1989,Priesthood / Knowledge Workers,6,6,6,6,11.0,2.743,,,,,,,,
Thailand,1989,Proletariat,6,6,6,5,11.0,2.686,,,,,,,,
Thailand,1989,Property,6,6,6,6,11.0,2.743,,,,,,,,
Thailand,1989,StateMemory,6,6,6,6,11.0,2.743,,,,,,,,
Thailand,1989,Trades / Professions,6,6,6,6,11.0,2.743,,,,,,,,
Thailand,1990,Army,6,6,5,6,12.0,2.743,,,,,,,,
Thailand,1990,Executive,6,6,5,6,12.0,2.743,,,,,,,,
Thailand,1990,Merchants / Shopkeepers,6,6,5,6,12.0,2.743,,,,,,,,
Thailand,1990,Priesthood / Knowledge Workers,6,6,5,6,12.0,2.743,,,,,,,,
Thailand,1990,Proletariat,6,6,5,5,11.5,2.714,,,,,,,,
Thailand,1990,Property,6,6,5,6,12.0,2.743,,,,,,,,
Thailand,1990,StateMemory,6,6,5,6,12.0,2.743,,,,,,,,
Thailand,1990,Trades / Professions,6,6,5,6,12.0,2.743,,,,,,,,
Thailand,1991,Army,6,6,5,6,12.0,2.743,,,,,,,,
Thailand,1991,Executive,6,6,5,6,12.0,2.743,,,,,,,,
Thailand,1991,Merchants / Shopkeepers,6,6,5,6,12.0,2.743,,,,,,,,
Thailand,1991,Priesthood / Knowledge Workers,6,6,5,6,12.0,2.743,,,,,,,,
Thailand,1991,Proletariat,6,6,5,5,11.5,2.714,,,,,,,,
Thailand,1991,Property,6,6,5,6,12.0,2.743,,,,,,,,
Thailand,1991,StateMemory,6,6,5,6,12.0,2.743,,,,,,,,
Thailand,1991,Trades / Professions,6,6,5,6,12.0,2.743,,,,,,,,
Thailand,1992,Army,6,6,5,6,12.0,2.743,,,,,,,,
Thailand,1992,Executive,6,6,5,6,12.0,2.743,,,,,,,,
Thailand,1992,Merchants / Shopkeepers,6,6,5,6,12.0,2.743,,,,,,,,
Thailand,1992,Priesthood / Knowledge Workers,6,6,5,6,12.0,2.743,,,,,,,,
Thailand,1992,Proletariat,6,6,5,5,11.5,2.714,,,,,,,,
Thailand,1992,Property,6,6,5,6,12.0,2.743,,,,,,,,
Thailand,1992,StateMemory,6,6,5,6,12.0,2.743,,,,,,,,
Thailand,1992,Trades / Professions,6,6,5,6,12.0,2.743,,,,,,,,
Thailand,1993,Army,6,6,5,6,12.0,2.743,,,,,,,,
Thailand,1993,Executive,6,6,5,6,12.0,2.743,,,,,,,,
Thailand,1993,Merchants / Shopkeepers,6,6,5,6,12.0,2.743,,,,,,,,
Thailand,1993,Priesthood / Knowledge Workers,6,6,5,6,12.0,2.743,,,,,,,,
Thailand,1993,Proletariat,6,6,5,5,11.5,2.714,,,,,,,,
Thailand,1993,Property,6,6,5,6,12.0,2.743,,,,,,,,
Thailand,1993,StateMemory,6,6,5,6,12.0,2.743,,,,,,,,
Thailand,1993,Trades / Professions,6,6,5,6,12.0,2.743,,,,,,,,
Thailand,1994,Army,6,6,5,6,12.0,2.743,,,,,,,,
Thailand,1994,Executive,6,6,5,6,12.0,2.743,,,,,,,,
Thailand,1994,Merchants / Shopkeepers,6,6,5,6,12.0,2.743,,,,,,,,
Thailand,1994,Priesthood / Knowledge Workers,6,6,5,6,12.0,2.743,,,,,,,,
Thailand,1994,Proletariat,6,6,5,5,11.5,2.714,,,,,,,,
Thailand,1994,Property,6,6,5,6,12.0,2.743,,,,,,,,
Thailand,1994,StateMemory,6,6,5,6,12.0,2.743,,,,,,,,
Thailand,1994,Trades / Professions,6,6,5,6,12.0,2.743,,,,,,,,
Thailand,1995,Army,6,6,5,6,12.0,2.743,,,,,,,,
Thailand,1995,Executive,6,6,5,6,12.0,2.743,,,,,,,,
Thailand,1995,Merchants / Shopkeepers,6,6,5,6,12.0,2.743,,,,,,,,
Thailand,1995,Priesthood / Knowledge Workers,6,6,5,6,12.0,2.743,,,,,,,,
Thailand,1995,Proletariat,6,6,5,5,11.5,2.714,,,,,,,,
Thailand,1995,Property,6,6,5,6,12.0,2.743,,,,,,,,
Thailand,1995,StateMemory,6,6,5,6,12.0,2.743,,,,,,,,
Thailand,1995,Trades / Professions,6,6,5,6,12.0,2.743,,,,,,,,
Thailand,1996,Army,6,6,5,6,12.0,2.743,,,,,,,,
Thailand,1996,Executive,6,6,5,6,12.0,2.743,,,,,,,,
Thailand,1996,Merchants / Shopkeepers,6,6,5,6,12.0,2.743,,,,,,,,
Thailand,1996,Priesthood / Knowledge Workers,6,6,5,6,12.0,2.743,,,,,,,,
Thailand,1996,Proletariat,6,6,5,5,11.5,2.714,,,,,,,,
Thailand,1996,Property,6,6,5,6,12.0,2.743,,,,,,,,
Thailand,1996,StateMemory,6,6,5,6,12.0,2.743,,,,,,,,
Thailand,1996,Trades / Professions,6,6,5,6,12.0,2.743,,,,,,,,
Thailand,1997,Army,6,6,5,6,12.0,2.743,,,,,,,,
Thailand,1997,Executive,6,6,5,6,12.0,2.743,,,,,,,,
Thailand,1997,Merchants / Shopkeepers,6,6,5,6,12.0,2.743,,,,,,,,
Thailand,1997,Priesthood / Knowledge Workers,6,6,5,6,12.0,2.743,,,,,,,,
Thailand,1997,Proletariat,6,6,5,5,11.5,2.714,,,,,,,,
Thailand,1997,Property,6,6,5,6,12.0,2.743,,,,,,,,
Thailand,1997,StateMemory,6,6,5,6,12.0,2.743,,,,,,,,
Thailand,1997,Trades / Professions,6,6,5,6,12.0,2.743,,,,,,,,
Thailand,1998,Army,6,6,5,6,12.0,2.743,,,,,,,,
Thailand,1998,Executive,6,6,5,6,12.0,2.743,,,,,,,,
Thailand,1998,Merchants / Shopkeepers,6,6,5,6,12.0,2.743,,,,,,,,
Thailand,1998,Priesthood / Knowledge Workers,6,6,5,6,12.0,2.743,,,,,,,,
Thailand,1998,Proletariat,6,6,5,5,11.5,2.714,,,,,,,,
Thailand,1998,Property,6,6,5,6,12.0,2.743,,,,,,,,
Thailand,1998,StateMemory,6,6,5,6,12.0,2.743,,,,,,,,
Thailand,1998,Trades / Professions,6,6,5,6,12.0,2.743,,,,,,,,
Thailand,1999,Army,6,6,5,6,12.0,2.743,,,,,,,,
Thailand,1999,Executive,6,6,5,6,12.0,2.743,,,,,,,,
Thailand,1999,Merchants / Shopkeepers,6,6,5,6,12.0,2.743,,,,,,,,
Thailand,1999,Priesthood / Knowledge Workers,6,6,5,6,12.0,2.743,,,,,,,,
Thailand,1999,Proletariat,6,6,5,5,11.5,2.714,,,,,,,,
Thailand,1999,Property,6,6,5,6,12.0,2.743,,,,,,,,
Thailand,1999,StateMemory,6,6,5,6,12.0,2.743,,,,,,,,
Thailand,1999,Trades / Professions,6,6,5,6,12.0,2.743,,,,,,,,
Thailand,2000,Army,7,7,4,6,13.0,3.029,,,,,,,,
Thailand,2000,Executive,7,7,4,6,13.0,3.029,,,,,,,,
Thailand,2000,Merchants / Shopkeepers,7,7,4,6,13.0,3.029,,,,,,,,
Thailand,2000,Priesthood / Knowledge Workers,7,7,4,6,13.0,3.029,,,,,,,,
Thailand,2000,Proletariat,7,7,4,5,13.5,3.029,,,,,,,,
Thailand,2000,Property,7,7,4,6,13.0,3.029,,,,,,,,
Thailand,2000,StateMemory,7,7,4,6,13.0,3.029,,,,,,,,
Thailand,2000,Trades / Professions,7,7,4,6,13.0,3.029,,,,,,,,
Thailand,2001,Army,7,7,4,6,13.0,3.029,,,,,,,,
Thailand,2001,Executive,7,7,4,6,13.0,3.029,,,,,,,,
Thailand,2001,Merchants / Shopkeepers,7,7,4,6,13.0,3.029,,,,,,,,
Thailand,2001,Priesthood / Knowledge Workers,7,7,4,6,13.0,3.029,,,,,,,,
Thailand,2001,Proletariat,7,7,4,5,13.5,3.029,,,,,,,,
Thailand,2001,Property,7,7,4,6,13.0,3.029,,,,,,,,
Thailand,2001,StateMemory,7,7,4,6,13.0,3.029,,,,,,,,
Thailand,2001,Trades / Professions,7,7,4,6,13.0,3.029,,,,,,,,
Thailand,2002,Army,7,7,4,6,13.0,3.029,,,,,,,,
Thailand,2002,Executive,7,7,4,6,13.0,3.029,,,,,,,,
Thailand,2002,Merchants / Shopkeepers,7,7,4,6,13.0,3.029,,,,,,,,
Thailand,2002,Priesthood / Knowledge Workers,7,7,4,6,13.0,3.029,,,,,,,,
Thailand,2002,Proletariat,7,7,4,5,13.5,3.029,,,,,,,,
Thailand,2002,Property,7,7,4,6,13.0,3.029,,,,,,,,
Thailand,2002,StateMemory,7,7,4,6,13.0,3.029,,,,,,,,
Thailand,2002,Trades / Professions,7,7,4,6,13.0,3.029,,,,,,,,
Thailand,2003,Army,7,7,4,6,13.0,3.029,,,,,,,,
Thailand,2003,Executive,7,7,4,6,13.0,3.029,,,,,,,,
Thailand,2003,Merchants / Shopkeepers,7,7,4,6,13.0,3.029,,,,,,,,
Thailand,2003,Priesthood / Knowledge Workers,7,7,4,6,13.0,3.029,,,,,,,,
Thailand,2003,Proletariat,7,7,4,5,13.5,3.029,,,,,,,,
Thailand,2003,Property,7,7,4,6,13.0,3.029,,,,,,,,
Thailand,2003,StateMemory,7,7,4,6,13.0,3.029,,,,,,,,
Thailand,2003,Trades / Professions,7,7,4,6,13.0,3.029,,,,,,,,
Thailand,2004,Army,7,7,4,6,13.0,3.029,,,,,,,,
Thailand,2004,Executive,7,7,4,6,13.0,3.029,,,,,,,,
Thailand,2004,Merchants / Shopkeepers,7,7,4,6,13.0,3.029,,,,,,,,
Thailand,2004,Priesthood / Knowledge Workers,7,7,4,6,13.0,3.029,,,,,,,,
Thailand,2004,Proletariat,7,7,4,5,13.5,3.029,,,,,,,,
Thailand,2004,Property,7,7,4,6,13.0,3.029,,,,,,,,
Thailand,2004,StateMemory,7,7,4,6,13.0,3.029,,,,,,,,
Thailand,2004,Trades / Professions,7,7,4,6,13.0,3.029,,,,,,,,
Thailand,2005,Army,7,7,4,6,13.0,3.029,,,,,,,,
Thailand,2005,Executive,7,7,4,6,13.0,3.029,,,,,,,,
Thailand,2005,Merchants / Shopkeepers,7,7,4,6,13.0,3.029,,,,,,,,
Thailand,2005,Priesthood / Knowledge Workers,7,7,4,6,13.0,3.029,,,,,,,,
Thailand,2005,Proletariat,7,7,4,5,13.5,3.029,,,,,,,,
Thailand,2005,Property,7,7,4,6,13.0,3.029,,,,,,,,
Thailand,2005,StateMemory,7,7,4,6,13.0,3.029,,,,,,,,
Thailand,2005,Trades / Professions,7,7,4,6,13.0,3.029,,,,,,,,
Thailand,2006,Army,7,7,4,6,13.0,3.029,,,,,,,,
Thailand,2006,Executive,7,7,4,6,13.0,3.029,,,,,,,,
Thailand,2006,Merchants / Shopkeepers,7,7,4,6,13.0,3.029,,,,,,,,
Thailand,2006,Priesthood / Knowledge Workers,7,7,4,6,13.0,3.029,,,,,,,,
Thailand,2006,Proletariat,7,7,4,5,13.5,3.029,,,,,,,,
Thailand,2006,Property,7,7,4,6,13.0,3.029,,,,,,,,
Thailand,2006,StateMemory,7,7,4,6,13.0,3.029,,,,,,,,
Thailand,2006,Trades / Professions,7,7,4,6,13.0,3.029,,,,,,,,
Thailand,2007,Army,7,7,4,6,13.0,3.029,,,,,,,,
Thailand,2007,Executive,7,7,4,6,13.0,3.029,,,,,,,,
Thailand,2007,Merchants / Shopkeepers,7,7,4,6,13.0,3.029,,,,,,,,
Thailand,2007,Priesthood / Knowledge Workers,7,7,4,6,13.0,3.029,,,,,,,,
Thailand,2007,Proletariat,7,7,4,5,13.5,3.029,,,,,,,,
Thailand,2007,Property,7,7,4,6,13.0,3.029,,,,,,,,
Thailand,2007,StateMemory,7,7,4,6,13.0,3.029,,,,,,,,
Thailand,2007,Trades / Professions,7,7,4,6,13.0,3.029,,,,,,,,
Thailand,2008,Army,7,7,4,6,13.0,3.029,,,,,,,,
Thailand,2008,Executive,7,7,4,6,13.0,3.029,,,,,,,,
Thailand,2008,Merchants / Shopkeepers,7,7,4,6,13.0,3.029,,,,,,,,
Thailand,2008,Priesthood / Knowledge Workers,7,7,4,6,13.0,3.029,,,,,,,,
Thailand,2008,Proletariat,7,7,4,5,13.5,3.029,,,,,,,,
Thailand,2008,Property,7,7,4,6,13.0,3.029,,,,,,,,
Thailand,2008,StateMemory,7,7,4,6,13.0,3.029,,,,,,,,
Thailand,2008,Trades / Professions,7,7,4,6,13.0,3.029,,,,,,,,
Thailand,2009,Army,7,7,4,6,13.0,3.029,,,,,,,,
Thailand,2009,Executive,7,7,4,6,13.0,3.029,,,,,,,,
Thailand,2009,Merchants / Shopkeepers,7,7,4,6,13.0,3.029,,,,,,,,
Thailand,2009,Priesthood / Knowledge Workers,7,7,4,6,13.0,3.029,,,,,,,,
Thailand,2009,Proletariat,7,7,4,5,13.5,3.029,,,,,,,,
Thailand,2009,Property,7,7,4,6,13.0,3.029,,,,,,,,
Thailand,2009,StateMemory,7,7,4,6,13.0,3.029,,,,,,,,
Thailand,2009,Trades / Professions,7,7,4,6,13.0,3.029,,,,,,,,
Thailand,2010,Army,7,7,4,6,13.0,3.029,,,,,,,,
Thailand,2010,Executive,7,7,4,6,13.0,3.029,,,,,,,,
Thailand,2010,Merchants / Shopkeepers,7,7,4,6,13.0,3.029,,,,,,,,
Thailand,2010,Priesthood / Knowledge Workers,7,7,4,6,13.0,3.029,,,,,,,,
Thailand,2010,Proletariat,7,7,4,5,13.5,3.029,,,,,,,,
Thailand,2010,Property,7,7,4,6,13.0,3.029,,,,,,,,
Thailand,2010,StateMemory,7,7,4,6,13.0,3.029,,,,,,,,
Thailand,2010,Trades / Professions,7,7,4,6,13.0,3.029,,,,,,,,
Thailand,2011,Army,7,7,4,6,13.0,3.029,,,,,,,,
Thailand,2011,Executive,7,7,4,6,13.0,3.029,,,,,,,,
Thailand,2011,Merchants / Shopkeepers,7,7,4,6,13.0,3.029,,,,,,,,
Thailand,2011,Priesthood / Knowledge Workers,7,7,4,6,13.0,3.029,,,,,,,,
Thailand,2011,Proletariat,7,7,4,5,13.5,3.029,,,,,,,,
Thailand,2011,Property,7,7,4,6,13.0,3.029,,,,,,,,
Thailand,2011,StateMemory,7,7,4,6,13.0,3.029,,,,,,,,
Thailand,2011,Trades / Professions,7,7,4,6,13.0,3.029,,,,,,,,
Thailand,2012,Army,7,7,4,6,13.0,3.029,,,,,,,,
Thailand,2012,Executive,7,7,4,6,13.0,3.029,,,,,,,,
Thailand,2012,Merchants / Shopkeepers,7,7,4,6,13.0,3.029,,,,,,,,
Thailand,2012,Priesthood / Knowledge Workers,7,7,4,6,13.0,3.029,,,,,,,,
Thailand,2012,Proletariat,7,7,4,5,13.5,3.029,,,,,,,,
Thailand,2012,Property,7,7,4,6,13.0,3.029,,,,,,,,
Thailand,2012,StateMemory,7,7,4,6,13.0,3.029,,,,,,,,
Thailand,2012,Trades / Professions,7,7,4,6,13.0,3.029,,,,,,,,
Thailand,2013,Army,7,7,4,6,13.0,3.029,,,,,,,,
Thailand,2013,Executive,7,7,4,6,13.0,3.029,,,,,,,,
Thailand,2013,Merchants / Shopkeepers,7,7,4,6,13.0,3.029,,,,,,,,
Thailand,2013,Priesthood / Knowledge Workers,7,7,4,6,13.0,3.029,,,,,,,,
Thailand,2013,Proletariat,7,7,4,5,13.5,3.029,,,,,,,,
Thailand,2013,Property,7,7,4,6,13.0,3.029,,,,,,,,
Thailand,2013,StateMemory,7,7,4,6,13.0,3.029,,,,,,,,
Thailand,2013,Trades / Professions,7,7,4,6,13.0,3.029,,,,,,,,
Thailand,2014,Army,7,7,4,6,13.0,3.029,,,,,,,,
Thailand,2014,Executive,7,7,4,6,13.0,3.029,,,,,,,,
Thailand,2014,Merchants / Shopkeepers,7,7,4,6,13.0,3.029,,,,,,,,
Thailand,2014,Priesthood / Knowledge Workers,7,7,4,6,13.0,3.029,,,,,,,,
Thailand,2014,Proletariat,7,7,4,5,13.5,3.029,,,,,,,,
Thailand,2014,Property,7,7,4,6,13.0,3.029,,,,,,,,
Thailand,2014,StateMemory,7,7,4,6,13.0,3.029,,,,,,,,
Thailand,2014,Trades / Professions,7,7,4,6,13.0,3.029,,,,,,,,
Thailand,2015,Army,7,7,4,6,13.0,3.029,,,,,,,,
Thailand,2015,Executive,7,7,4,6,13.0,3.029,,,,,,,,
Thailand,2015,Merchants / Shopkeepers,7,7,4,6,13.0,3.029,,,,,,,,
Thailand,2015,Priesthood / Knowledge Workers,7,7,4,6,13.0,3.029,,,,,,,,
Thailand,2015,Proletariat,7,7,4,5,13.5,3.029,,,,,,,,
Thailand,2015,Property,7,7,4,6,13.0,3.029,,,,,,,,
Thailand,2015,StateMemory,7,7,4,6,13.0,3.029,,,,,,,,
Thailand,2015,Trades / Professions,7,7,4,6,13.0,3.029,,,,,,,,
Thailand,2016,Army,7,7,4,6,13.0,3.029,,,,,,,,
Thailand,2016,Executive,7,7,4,6,13.0,3.029,,,,,,,,
Thailand,2016,Merchants / Shopkeepers,7,7,4,6,13.0,3.029,,,,,,,,
Thailand,2016,Priesthood / Knowledge Workers,7,7,4,6,13.0,3.029,,,,,,,,
Thailand,2016,Proletariat,7,7,4,5,13.5,3.029,,,,,,,,
Thailand,2016,Property,7,7,4,6,13.0,3.029,,,,,,,,
Thailand,2016,StateMemory,7,7,4,6,13.0,3.029,,,,,,,,
Thailand,2016,Trades / Professions,7,7,4,6,13.0,3.029,,,,,,,,
Thailand,2017,Army,7,7,4,6,13.0,3.029,,,,,,,,
Thailand,2017,Executive,7,7,4,6,13.0,3.029,,,,,,,,
Thailand,2017,Merchants / Shopkeepers,7,7,4,6,13.0,3.029,,,,,,,,
Thailand,2017,Priesthood / Knowledge Workers,7,7,4,6,13.0,3.029,,,,,,,,
Thailand,2017,Proletariat,7,7,4,5,13.5,3.029,,,,,,,,
Thailand,2017,Property,7,7,4,6,13.0,3.029,,,,,,,,
Thailand,2017,StateMemory,7,7,4,6,13.0,3.029,,,,,,,,
Thailand,2017,Trades / Professions,7,7,4,6,13.0,3.029,,,,,,,,
Thailand,2018,Army,7,7,4,6,13.0,3.029,,,,,,,,
Thailand,2018,Executive,7,7,4,6,13.0,3.029,,,,,,,,
Thailand,2018,Merchants / Shopkeepers,7,7,4,6,13.0,3.029,,,,,,,,
Thailand,2018,Priesthood / Knowledge Workers,7,7,4,6,13.0,3.029,,,,,,,,
Thailand,2018,Proletariat,7,7,4,5,13.5,3.029,,,,,,,,
Thailand,2018,Property,7,7,4,6,13.0,3.029,,,,,,,,
Thailand,2018,StateMemory,7,7,4,6,13.0,3.029,,,,,,,,
Thailand,2018,Trades / Professions,7,7,4,6,13.0,3.029,,,,,,,,
Thailand,2019,Army,7,7,4,6,13.0,3.029,,,,,,,,
Thailand,2019,Executive,7,7,4,6,13.0,3.029,,,,,,,,
Thailand,2019,Merchants / Shopkeepers,7,7,4,6,13.0,3.029,,,,,,,,
Thailand,2019,Priesthood / Knowledge Workers,7,7,4,6,13.0,3.029,,,,,,,,
Thailand,2019,Proletariat,7,7,4,5,13.5,3.029,,,,,,,,
Thailand,2019,Property,7,7,4,6,13.0,3.029,,,,,,,,
Thailand,2019,StateMemory,7,7,4,6,13.0,3.029,,,,,,,,
Thailand,2019,Trades / Professions,7,7,4,6,13.0,3.029,,,,,,,,
Thailand,2020,Army,7,7,4,6,13.0,3.029,,,,,,,,
Thailand,2020,Executive,7,7,4,6,13.0,3.029,,,,,,,,
Thailand,2020,Merchants / Shopkeepers,7,7,4,6,13.0,3.029,,,,,,,,
Thailand,2020,Priesthood / Knowledge Workers,7,7,4,6,13.0,3.029,,,,,,,,
Thailand,2020,Proletariat,7,7,4,5,13.5,3.029,,,,,,,,
Thailand,2020,Property,7,7,4,6,13.0,3.029,,,,,,,,
Thailand,2020,StateMemory,7,7,4,6,13.0,3.029,,,,,,,,
Thailand,2020,Trades / Professions,7,7,4,6,13.0,3.029,,,,,,,,
Thailand,2021,Army,7,7,4,6,13.0,3.029,,,,,,,,
Thailand,2021,Executive,7,7,4,6,13.0,3.029,,,,,,,,
Thailand,2021,Merchants / Shopkeepers,7,7,4,6,13.0,3.029,,,,,,,,
Thailand,2021,Priesthood / Knowledge Workers,7,7,4,6,13.0,3.029,,,,,,,,
Thailand,2021,Proletariat,7,7,4,5,13.5,3.029,,,,,,,,
Thailand,2021,Property,7,7,4,6,13.0,3.029,,,,,,,,
Thailand,2021,StateMemory,7,7,4,6,13.0,3.029,,,,,,,,
Thailand,2021,Trades / Professions,7,7,4,6,13.0,3.029,,,,,,,,
Thailand,2022,Army,7,7,4,6,13.0,3.029,,,,,,,,
Thailand,2022,Executive,7,7,4,6,13.0,3.029,,,,,,,,
Thailand,2022,Merchants / Shopkeepers,7,7,4,6,13.0,3.029,,,,,,,,
Thailand,2022,Priesthood / Knowledge Workers,7,7,4,6,13.0,3.029,,,,,,,,
Thailand,2022,Proletariat,7,7,4,5,13.5,3.029,,,,,,,,
Thailand,2022,Property,7,7,4,6,13.0,3.029,,,,,,,,
Thailand,2022,StateMemory,7,7,4,6,13.0,3.029,,,,,,,,
Thailand,2022,Trades / Professions,7,7,4,6,13.0,3.029,,,,,,,,
Thailand,2023,Army,7,7,4,6,13.0,3.029,,,,,,,,
Thailand,2023,Executive,7,7,4,6,13.0,3.029,,,,,,,,
Thailand,2023,Merchants / Shopkeepers,7,7,4,6,13.0,3.029,,,,,,,,
Thailand,2023,Priesthood / Knowledge Workers,7,7,4,6,13.0,3.029,,,,,,,,
Thailand,2023,Proletariat,7,7,4,5,13.5,3.029,,,,,,,,
Thailand,2023,Property,7,7,4,6,13.0,3.029,,,,,,,,
Thailand,2023,StateMemory,7,7,4,6,13.0,3.029,,,,,,,,
Thailand,2023,Trades / Professions,7,7,4,6,13.0,3.029,,,,,,,,
Thailand,2024,Army,7,7,4,6,13.0,3.029,,,,,,,,
Thailand,2024,Executive,7,7,4,6,13.0,3.029,,,,,,,,
Thailand,2024,Merchants / Shopkeepers,7,7,4,6,13.0,3.029,,,,,,,,
Thailand,2024,Priesthood / Knowledge Workers,7,7,4,6,13.0,3.029,,,,,,,,
Thailand,2024,Proletariat,7,7,4,5,13.5,3.029,,,,,,,,
Thailand,2024,Property,7,7,4,6,13.0,3.029,,,,,,,,
Thailand,2024,StateMemory,7,7,4,6,13.0,3.029,,,,,,,,
Thailand,2024,Trades / Professions,7,7,4,6,13.0,3.029,,,,,,,,
Thailand,2025,Army,7,7,4,6,13.0,3.029,,,,,,,,
Thailand,2025,Executive,7,7,4,6,13.0,3.029,,,,,,,,
Thailand,2025,Merchants / Shopkeepers,7,7,4,6,13.0,3.029,,,,,,,,
Thailand,2025,Priesthood / Knowledge Workers,7,7,4,6,13.0,3.029,,,,,,,,
Thailand,2025,Proletariat,7,7,4,5,13.5,3.029,,,,,,,,
Thailand,2025,Property,7,7,4,6,13.0,3.029,,,,,,,,
Thailand,2025,StateMemory,7,7,4,6,13.0,3.029,,,,,,,,
Thailand,2025,Trades / Professions,7,7,4,6,13.0,3.029,,,,,,,,
