Year,Node,Coherence,Capacity,Stress,Abstraction,Node value,Bond strength
1790,Executive,5.0,4.0,-3.0,4.0,10.0,7.0
1790,Army,4.0,3.0,-2.0,3.0,8.0,5.0
1790,Priests,6.0,5.0,-2.0,5.0,14.0,7.0
1790,Property,7.0,6.0,-1.0,6.0,18.0,7.0
1790,Trades/Professions,4.0,3.0,-2.0,4.0,9.0,5.0
1790,Proletariat,3.0,2.0,-3.0,2.0,4.0,5.0
1790,StateMemory,4.0,3.0,-1.0,4.0,10.0,4.0
1790,Shopkeepers/Merchants,5.0,4.0,-2.0,5.0,12.0,6.0
1800,Executive,6.0,5.0,-2.0,5.0,14.0,7.0
1800,Army,4.0,4.0,-1.0,3.0,10.0,5.0
1800,Priests,6.0,5.0,-2.0,5.0,14.0,7.0
1800,Property,7.0,6.0,-1.0,6.0,18.0,7.0
1800,Trades/Professions,5.0,4.0,-1.0,4.0,12.0,5.0
1800,Proletariat,3.0,3.0,-2.0,2.0,6.0,5.0
1800,StateMemory,5.0,4.0,-1.0,4.0,12.0,5.0
1800,Shopkeepers/Merchants,6.0,5.0,-1.0,5.0,15.0,6.0
1810,Executive,6.0,6.0,-2.0,5.0,15.0,8.0
1810,Army,5.0,5.0,-1.0,4.0,13.0,6.0
1810,Priests,6.0,5.0,-2.0,5.0,14.0,7.0
1810,Property,7.0,7.0,-1.0,6.0,19.0,8.0
1810,Trades/Professions,5.0,5.0,-1.0,5.0,14.0,6.0
1810,Proletariat,4.0,4.0,-2.0,3.0,9.0,6.0
1810,StateMemory,5.0,5.0,-1.0,5.0,14.0,6.0
1810,Shopkeepers/Merchants,6.0,6.0,-1.0,5.0,16.0,7.0
1820,Executive,7.0,6.0,-1.0,6.0,18.0,7.0
1820,Army,5.0,5.0,-1.0,4.0,13.0,6.0
1820,Priests,6.0,5.0,-2.0,5.0,14.0,7.0
1820,Property,8.0,7.0,0.0,7.0,22.0,7.0
1820,Trades/Professions,6.0,6.0,-1.0,5.0,16.0,7.0
1820,Proletariat,4.0,5.0,-2.0,3.0,10.0,7.0
1820,StateMemory,6.0,6.0,-1.0,5.0,16.0,7.0
1820,Shopkeepers/Merchants,7.0,7.0,0.0,6.0,20.0,7.0
1830,Executive,7.0,6.0,-1.0,6.0,18.0,7.0
1830,Army,5.0,5.0,-1.0,4.0,13.0,6.0
1830,Priests,6.0,5.0,-2.0,5.0,14.0,7.0
1830,Property,8.0,7.0,0.0,7.0,22.0,7.0
1830,Trades/Professions,6.0,6.0,-1.0,5.0,16.0,7.0
1830,Proletariat,4.0,5.0,-2.0,3.0,10.0,7.0
1830,StateMemory,6.0,6.0,-1.0,5.0,16.0,7.0
1830,Shopkeepers/Merchants,7.0,7.0,0.0,6.0,20.0,7.0
1840,Executive,7.0,6.0,-2.0,6.0,17.0,8.0
1840,Army,5.0,5.0,-1.0,4.0,13.0,6.0
1840,Priests,6.0,5.0,-2.0,5.0,14.0,7.0
1840,Property,8.0,8.0,0.0,7.0,23.0,8.0
1840,Trades/Professions,6.0,6.0,-1.0,5.0,16.0,7.0
1840,Proletariat,4.0,5.0,-2.0,3.0,10.0,7.0
1840,StateMemory,6.0,6.0,-1.0,5.0,16.0,7.0
1840,Shopkeepers/Merchants,7.0,7.0,0.0,6.0,20.0,7.0
1850,Executive,6.0,6.0,-3.0,5.0,14.0,9.0
1850,Army,5.0,5.0,-1.0,4.0,13.0,6.0
1850,Priests,6.0,5.0,-2.0,5.0,14.0,7.0
1850,Property,8.0,8.0,1.0,7.0,22.0,7.0
1850,Trades/Professions,6.0,7.0,-1.0,6.0,18.0,8.0
1850,Proletariat,4.0,6.0,-2.0,4.0,12.0,8.0
1850,StateMemory,6.0,6.0,-1.0,5.0,16.0,7.0
1850,Shopkeepers/Merchants,7.0,8.0,1.0,6.0,20.0,7.0
1860,Executive,5.0,5.0,-5.0,4.0,9.0,10.0
1860,Army,6.0,6.0,-2.0,5.0,15.0,8.0
1860,Priests,6.0,5.0,-2.0,5.0,14.0,7.0
1860,Property,8.0,8.0,2.0,7.0,21.0,6.0
1860,Trades/Professions,7.0,7.0,-1.0,6.0,19.0,8.0
1860,Proletariat,5.0,6.0,-2.0,4.0,13.0,8.0
1860,StateMemory,6.0,6.0,-1.0,5.0,16.0,7.0
1860,Shopkeepers/Merchants,7.0,8.0,2.0,6.0,19.0,6.0
1870,Executive,6.0,6.0,-3.0,5.0,14.0,9.0
1870,Army,6.0,6.0,-2.0,5.0,15.0,8.0
1870,Priests,6.0,5.0,-2.0,5.0,14.0,7.0
1870,Property,8.0,8.0,1.0,7.0,22.0,7.0
1870,Trades/Professions,7.0,7.0,-1.0,6.0,19.0,8.0
1870,Proletariat,5.0,6.0,-2.0,4.0,13.0,8.0
1870,StateMemory,6.0,6.0,-1.0,5.0,16.0,7.0
1870,Shopkeepers/Merchants,7.0,8.0,1.0,6.0,20.0,7.0
1880,Executive,6.0,7.0,-2.0,6.0,17.0,9.0
1880,Army,6.0,6.0,-1.0,5.0,16.0,7.0
1880,Priests,6.0,5.0,-1.0,5.0,15.0,6.0
1880,Property,8.0,9.0,1.0,7.0,23.0,8.0
1880,Trades/Professions,7.0,8.0,-1.0,6.0,20.0,9.0
1880,Proletariat,5.0,7.0,-2.0,4.0,14.0,9.0
1880,StateMemory,6.0,7.0,-1.0,6.0,18.0,8.0
1880,Shopkeepers/Merchants,7.0,8.0,1.0,6.0,20.0,7.0
1890,Executive,6.0,7.0,-1.0,6.0,18.0,8.0
1890,Army,6.0,6.0,-1.0,5.0,16.0,7.0
1890,Priests,6.0,5.0,-1.0,5.0,15.0,6.0
1890,Property,8.0,10.0,2.0,8.0,24.0,8.0
1890,Trades/Professions,7.0,8.0,0.0,7.0,22.0,8.0
1890,Proletariat,6.0,7.0,-1.0,5.0,17.0,8.0
1890,StateMemory,7.0,7.0,-1.0,6.0,19.0,8.0
1890,Shopkeepers/Merchants,7.0,8.0,1.0,7.0,21.0,7.0
1900,Executive,7.0,8.0,-1.0,7.0,21.0,9.0
1900,Army,7.0,7.0,-1.0,6.0,19.0,8.0
1900,Priests,6.0,5.0,-1.0,5.0,15.0,6.0
1900,Property,9.0,10.0,2.0,8.0,25.0,8.0
1900,Trades/Professions,8.0,9.0,0.0,7.0,24.0,9.0
1900,Proletariat,6.0,8.0,-1.0,5.0,18.0,9.0
1900,StateMemory,7.0,8.0,-1.0,7.0,21.0,9.0
1900,Shopkeepers/Merchants,8.0,9.0,1.0,7.0,23.0,8.0
1910,Executive,7.0,8.0,-1.0,7.0,21.0,9.0
1910,Army,7.0,7.0,-1.0,6.0,19.0,8.0
1910,Priests,6.0,5.0,-1.0,5.0,15.0,6.0
1910,Property,9.0,10.0,2.0,8.0,25.0,8.0
1910,Trades/Professions,8.0,9.0,0.0,7.0,24.0,9.0
1910,Proletariat,6.0,8.0,-1.0,5.0,18.0,9.0
1910,StateMemory,7.0,8.0,-1.0,7.0,21.0,9.0
1910,Shopkeepers/Merchants,8.0,9.0,1.0,7.0,23.0,8.0
1920,Executive,7.0,8.0,0.0,7.0,22.0,8.0
1920,Army,8.0,8.0,-1.0,7.0,22.0,9.0
1920,Priests,6.0,5.0,-1.0,5.0,15.0,6.0
1920,Property,9.0,10.0,1.0,8.0,26.0,9.0
1920,Trades/Professions,8.0,9.0,0.0,8.0,25.0,9.0
1920,Proletariat,7.0,8.0,0.0,6.0,21.0,8.0
1920,StateMemory,8.0,8.0,-1.0,8.0,23.0,9.0
1920,Shopkeepers/Merchants,8.0,9.0,0.0,8.0,25.0,9.0
1921,Executive,6.0,7.0,-5.0,6.0,14.0,12.0
1921,Army,6.0,7.0,-4.0,5.0,14.0,11.0
1921,Priests,7.0,5.0,-3.0,7.0,16.0,8.0
1921,Property,7.0,7.0,-3.0,6.0,17.0,10.0
1921,Trades/Prof.,6.0,7.0,-4.0,6.0,15.0,11.0
1921,Proletariat,5.0,5.0,-5.0,5.0,10.0,10.0
1921,StateMemory,7.0,6.0,-4.0,7.0,16.0,10.0
1921,Shopkeepers,6.0,6.0,-5.0,5.0,12.0,11.0
1922,Executive,6.0,7.0,-4.0,6.0,15.0,11.0
1922,Army,6.0,7.0,-4.0,5.0,14.0,11.0
1922,Priests,7.0,5.0,-3.0,7.0,16.0,8.0
1922,Property,7.0,7.0,-2.0,6.0,18.0,9.0
1922,Trades/Prof.,6.0,7.0,-4.0,6.0,15.0,11.0
1922,Proletariat,5.0,5.0,-5.0,5.0,10.0,10.0
1922,StateMemory,7.0,6.0,-4.0,7.0,16.0,10.0
1922,Shopkeepers,6.0,6.0,-5.0,5.0,12.0,11.0
1923,Executive,6.0,7.0,-4.0,6.0,15.0,11.0
1923,Army,6.0,7.0,-4.0,5.0,14.0,11.0
1923,Priests,7.0,5.0,-3.0,7.0,16.0,8.0
1923,Property,7.0,7.0,-2.0,6.0,18.0,9.0
1923,Trades/Prof.,6.0,7.0,-4.0,6.0,15.0,11.0
1923,Proletariat,5.0,5.0,-5.0,5.0,10.0,10.0
1923,StateMemory,7.0,6.0,-4.0,7.0,16.0,10.0
1923,Shopkeepers,6.0,6.0,-5.0,5.0,12.0,11.0
1924,Executive,7.0,7.0,-4.0,6.0,16.0,11.0
1924,Army,6.0,7.0,-4.0,5.0,14.0,11.0
1924,Priests,7.0,5.0,-3.0,7.0,16.0,8.0
1924,Property,8.0,7.0,-2.0,6.0,19.0,9.0
1924,Trades/Prof.,7.0,7.0,-3.0,6.0,17.0,10.0
1924,Proletariat,6.0,6.0,-4.0,5.0,13.0,10.0
1924,StateMemory,7.0,6.0,-4.0,7.0,16.0,10.0
1924,Shopkeepers,7.0,6.0,-4.0,5.0,14.0,10.0
1925,Executive,7.0,7.0,-4.0,6.0,16.0,11.0
1925,Army,6.0,7.0,-4.0,5.0,14.0,11.0
1925,Priests,7.0,5.0,-3.0,7.0,16.0,8.0
1925,Property,8.0,7.0,-2.0,6.0,19.0,9.0
1925,Trades/Prof.,7.0,7.0,-3.0,6.0,17.0,10.0
1925,Proletariat,6.0,6.0,-4.0,5.0,13.0,10.0
1925,StateMemory,7.0,6.0,-4.0,7.0,16.0,10.0
1925,Shopkeepers,7.0,6.0,-4.0,5.0,14.0,10.0
1926,Executive,7.0,7.0,-4.0,6.0,16.0,11.0
1926,Army,6.0,7.0,-4.0,5.0,14.0,11.0
1926,Priests,7.0,5.0,-3.0,7.0,16.0,8.0
1926,Property,8.0,7.0,-2.0,6.0,19.0,9.0
1926,Trades/Prof.,7.0,7.0,-3.0,6.0,17.0,10.0
1926,Proletariat,6.0,6.0,-4.0,5.0,13.0,10.0
1926,StateMemory,7.0,6.0,-4.0,7.0,16.0,10.0
1926,Shopkeepers,7.0,6.0,-4.0,5.0,14.0,10.0
1927,Executive,7.0,7.0,-4.0,6.0,16.0,11.0
1927,Army,6.0,7.0,-4.0,5.0,14.0,11.0
1927,Priests,7.0,5.0,-3.0,7.0,16.0,8.0
1927,Property,8.0,7.0,-2.0,6.0,19.0,9.0
1927,Trades/Prof.,7.0,7.0,-3.0,6.0,17.0,10.0
1927,Proletariat,6.0,6.0,-4.0,5.0,13.0,10.0
1927,StateMemory,7.0,6.0,-4.0,7.0,16.0,10.0
1927,Shopkeepers,7.0,6.0,-4.0,5.0,14.0,10.0
1928,Executive,7.0,7.0,-4.0,6.0,16.0,11.0
1928,Army,6.0,7.0,-4.0,5.0,14.0,11.0
1928,Priests,7.0,5.0,-3.0,7.0,16.0,8.0
1928,Property,8.0,7.0,-2.0,6.0,19.0,9.0
1928,Trades/Prof.,7.0,7.0,-3.0,6.0,17.0,10.0
1928,Proletariat,6.0,6.0,-4.0,5.0,13.0,10.0
1928,StateMemory,7.0,6.0,-4.0,7.0,16.0,10.0
1928,Shopkeepers,7.0,6.0,-4.0,5.0,14.0,10.0
1929,Executive,7.0,7.0,-4.0,6.0,16.0,11.0
1929,Army,6.0,7.0,-4.0,5.0,14.0,11.0
1929,Priests,7.0,5.0,-3.0,7.0,16.0,8.0
1929,Property,8.0,7.0,-2.0,6.0,19.0,9.0
1929,Trades/Prof.,7.0,7.0,-3.0,6.0,17.0,10.0
1929,Proletariat,6.0,6.0,-4.0,5.0,13.0,10.0
1929,StateMemory,7.0,6.0,-4.0,7.0,16.0,10.0
1929,Shopkeepers,7.0,6.0,-4.0,5.0,14.0,10.0
1930,Executive,6.0,6.0,-5.0,6.0,13.0,11.0
1930,Army,6.0,7.0,-4.0,5.0,14.0,11.0
1930,Priests,7.0,5.0,-3.0,7.0,16.0,8.0
1930,Property,7.0,7.0,-3.0,6.0,17.0,10.0
1930,Trades/Prof.,6.0,7.0,-4.0,6.0,15.0,11.0
1930,Proletariat,5.0,5.0,-5.0,5.0,10.0,10.0
1930,StateMemory,7.0,6.0,-5.0,7.0,15.0,11.0
1930,Shopkeepers,6.0,6.0,-6.0,5.0,11.0,12.0
1930,Executive,7.0,8.0,-2.0,7.0,20.0,10.0
1930,Army,7.0,7.0,-1.0,6.0,19.0,8.0
1930,Priests,6.0,5.0,-1.0,5.0,15.0,6.0
1930,Property,8.0,8.0,3.0,7.0,22.0,5.0
1930,Trades/Professions,7.0,8.0,1.0,7.0,21.0,7.0
1930,Proletariat,6.0,7.0,1.0,5.0,18.0,6.0
1930,StateMemory,7.0,8.0,-1.0,7.0,21.0,9.0
1930,Shopkeepers/Merchants,7.0,8.0,2.0,7.0,20.0,6.0
1931,Executive,4.0,5.0,-8.0,5.0,6.0,13.0
1931,Army,5.0,6.0,-7.0,4.0,8.0,13.0
1931,Priests,6.0,5.0,-4.0,7.0,14.0,9.0
1931,Property,5.0,6.0,-7.0,6.0,10.0,13.0
1931,Trades/Prof.,5.0,6.0,-6.0,6.0,11.0,12.0
1931,Proletariat,4.0,4.0,-7.0,5.0,6.0,11.0
1931,StateMemory,6.0,6.0,-6.0,7.0,13.0,12.0
1931,Shopkeepers,5.0,5.0,-7.0,5.0,8.0,12.0
1932,Executive,5.0,6.0,-7.0,6.0,10.0,13.0
1932,Army,5.0,6.0,-6.0,4.0,9.0,12.0
1932,Priests,6.0,5.0,-4.0,7.0,14.0,9.0
1932,Property,5.0,6.0,-6.0,6.0,11.0,12.0
1932,Trades/Prof.,5.0,6.0,-5.0,6.0,12.0,11.0
1932,Proletariat,4.0,4.0,-6.0,5.0,7.0,10.0
1932,StateMemory,6.0,6.0,-5.0,7.0,14.0,11.0
1932,Shopkeepers,5.0,5.0,-6.0,5.0,9.0,11.0
1933,Executive,6.0,7.0,-6.0,7.0,14.0,13.0
1933,Army,6.0,7.0,-5.0,5.0,13.0,12.0
1933,Priests,6.0,5.0,-4.0,7.0,14.0,9.0
1933,Property,6.0,6.0,-5.0,6.0,13.0,11.0
1933,Trades/Prof.,6.0,7.0,-4.0,6.0,15.0,11.0
1933,Proletariat,5.0,5.0,-6.0,5.0,9.0,11.0
1933,StateMemory,7.0,6.0,-5.0,7.0,15.0,11.0
1933,Shopkeepers,6.0,6.0,-6.0,5.0,11.0,12.0
1934,Executive,6.0,7.0,-6.0,6.0,13.0,13.0
1934,Army,6.0,7.0,-5.0,5.0,13.0,12.0
1934,Priests,6.0,5.0,-4.0,7.0,14.0,9.0
1934,Property,6.0,6.0,-4.0,6.0,14.0,10.0
1934,Trades/Prof.,6.0,7.0,-4.0,6.0,15.0,11.0
1934,Proletariat,5.0,5.0,-5.0,5.0,10.0,10.0
1934,StateMemory,7.0,6.0,-5.0,7.0,15.0,11.0
1934,Shopkeepers,6.0,6.0,-5.0,5.0,12.0,11.0
1935,Executive,7.0,8.0,-5.0,7.0,17.0,13.0
1935,Army,6.0,7.0,-4.0,5.0,14.0,11.0
1935,Priests,6.0,5.0,-3.0,7.0,15.0,8.0
1935,Property,7.0,7.0,-3.0,6.0,17.0,10.0
1935,Trades/Prof.,7.0,7.0,-3.0,6.0,17.0,10.0
1935,Proletariat,6.0,6.0,-4.0,5.0,13.0,10.0
1935,StateMemory,7.0,6.0,-4.0,7.0,16.0,10.0
1935,Shopkeepers,7.0,6.0,-4.0,5.0,14.0,10.0
1936,Executive,7.0,8.0,-5.0,7.0,17.0,13.0
1936,Army,6.0,7.0,-4.0,5.0,14.0,11.0
1936,Priests,6.0,5.0,-3.0,7.0,15.0,8.0
1936,Property,7.0,7.0,-3.0,6.0,17.0,10.0
1936,Trades/Prof.,7.0,7.0,-3.0,6.0,17.0,10.0
1936,Proletariat,6.0,6.0,-4.0,5.0,13.0,10.0
1936,StateMemory,7.0,6.0,-4.0,7.0,16.0,10.0
1936,Shopkeepers,7.0,6.0,-4.0,5.0,14.0,10.0
1937,Executive,7.0,8.0,-4.0,7.0,18.0,12.0
1937,Army,6.0,7.0,-4.0,5.0,14.0,11.0
1937,Priests,6.0,5.0,-3.0,7.0,15.0,8.0
1937,Property,7.0,7.0,-3.0,6.0,17.0,10.0
1937,Trades/Prof.,7.0,7.0,-3.0,6.0,17.0,10.0
1937,Proletariat,6.0,6.0,-5.0,5.0,12.0,11.0
1937,StateMemory,7.0,6.0,-4.0,7.0,16.0,10.0
1937,Shopkeepers,7.0,6.0,-5.0,5.0,13.0,11.0
1938,Executive,7.0,8.0,-4.0,7.0,18.0,12.0
1938,Army,6.0,7.0,-4.0,5.0,14.0,11.0
1938,Priests,6.0,5.0,-3.0,7.0,15.0,8.0
1938,Property,7.0,7.0,-3.0,6.0,17.0,10.0
1938,Trades/Prof.,7.0,7.0,-3.0,6.0,17.0,10.0
1938,Proletariat,6.0,6.0,-5.0,5.0,12.0,11.0
1938,StateMemory,7.0,6.0,-4.0,7.0,16.0,10.0
1938,Shopkeepers,7.0,6.0,-5.0,5.0,13.0,11.0
1939,Executive,7.0,8.0,-4.0,7.0,18.0,12.0
1939,Army,6.0,7.0,-5.0,5.0,13.0,12.0
1939,Priests,6.0,5.0,-3.0,7.0,15.0,8.0
1939,Property,7.0,7.0,-3.0,6.0,17.0,10.0
1939,Trades/Prof.,7.0,7.0,-3.0,6.0,17.0,10.0
1939,Proletariat,6.0,6.0,-5.0,5.0,12.0,11.0
1939,StateMemory,7.0,6.0,-4.0,7.0,16.0,10.0
1939,Shopkeepers,7.0,6.0,-5.0,5.0,13.0,11.0
1940,Executive,7.0,8.0,-4.0,7.0,18.0,12.0
1940,Army,7.0,8.0,-5.0,5.0,15.0,13.0
1940,Priests,6.0,5.0,-3.0,7.0,15.0,8.0
1940,Property,7.0,7.0,-3.0,6.0,17.0,10.0
1940,Trades/Prof.,7.0,7.0,-3.0,6.0,17.0,10.0
1940,Proletariat,6.0,6.0,-5.0,5.0,12.0,11.0
1940,StateMemory,7.0,6.0,-4.0,7.0,16.0,10.0
1940,Shopkeepers,7.0,6.0,-5.0,5.0,13.0,11.0
1940,Executive,8.0,9.0,-2.0,8.0,23.0,11.0
1940,Army,8.0,8.0,-1.0,7.0,22.0,9.0
1940,Priests,6.0,5.0,-1.0,5.0,15.0,6.0
1940,Property,8.0,9.0,2.0,8.0,23.0,7.0
1940,Trades/Professions,8.0,9.0,0.0,8.0,25.0,9.0
1940,Proletariat,7.0,8.0,0.0,6.0,21.0,8.0
1940,StateMemory,8.0,9.0,-1.0,8.0,24.0,10.0
1940,Shopkeepers/Merchants,8.0,9.0,1.0,8.0,24.0,8.0
1941,Executive,8.0,9.0,-7.0,8.0,18.0,16.0
1941,Army,6.0,7.0,-6.0,5.0,12.0,13.0
1941,Priests,7.0,5.0,-3.0,7.0,16.0,8.0
1941,Property,7.0,7.0,-4.0,6.0,16.0,11.0
1941,Trades/Prof.,6.0,7.0,-4.0,6.0,15.0,11.0
1941,Proletariat,6.0,6.0,-5.0,5.0,12.0,11.0
1941,StateMemory,7.0,6.0,-4.0,7.0,16.0,10.0
1941,Shopkeepers,6.0,6.0,-5.0,5.0,12.0,11.0
1942,Executive,9.0,9.0,-6.0,8.0,20.0,15.0
1942,Army,7.0,8.0,-5.0,6.0,16.0,13.0
1942,Priests,7.0,5.0,-2.0,7.0,17.0,7.0
1942,Property,7.0,7.0,-3.0,6.0,17.0,10.0
1942,Trades/Prof.,7.0,7.0,-3.0,6.0,17.0,10.0
1942,Proletariat,7.0,7.0,-4.0,5.0,15.0,11.0
1942,StateMemory,8.0,6.0,-3.0,7.0,18.0,9.0
1942,Shopkeepers,7.0,6.0,-4.0,5.0,14.0,10.0
1943,Executive,9.0,9.0,-6.0,8.0,20.0,15.0
1943,Army,8.0,9.0,-5.0,6.0,18.0,14.0
1943,Priests,7.0,5.0,-2.0,7.0,17.0,7.0
1943,Property,7.0,7.0,-3.0,6.0,17.0,10.0
1943,Trades/Prof.,7.0,7.0,-3.0,6.0,17.0,10.0
1943,Proletariat,7.0,7.0,-4.0,5.0,15.0,11.0
1943,StateMemory,8.0,6.0,-3.0,7.0,18.0,9.0
1943,Shopkeepers,7.0,6.0,-4.0,5.0,14.0,10.0
1944,Executive,9.0,9.0,-5.0,8.0,21.0,14.0
1944,Army,8.0,9.0,-4.0,6.0,19.0,13.0
1944,Priests,7.0,5.0,-2.0,7.0,17.0,7.0
1944,Property,8.0,7.0,-2.0,6.0,19.0,9.0
1944,Trades/Prof.,7.0,7.0,-2.0,6.0,18.0,9.0
1944,Proletariat,7.0,7.0,-3.0,5.0,16.0,10.0
1944,StateMemory,8.0,6.0,-3.0,7.0,18.0,9.0
1944,Shopkeepers,7.0,6.0,-3.0,5.0,15.0,9.0
1945,Executive,9.0,9.0,-5.0,8.0,21.0,14.0
1945,Army,9.0,9.0,-4.0,7.0,21.0,13.0
1945,Priests,7.0,5.0,-2.0,7.0,17.0,7.0
1945,Property,8.0,7.0,-2.0,6.0,19.0,9.0
1945,Trades/Prof.,7.0,7.0,-2.0,6.0,18.0,9.0
1945,Proletariat,7.0,7.0,-3.0,5.0,16.0,10.0
1945,StateMemory,8.0,6.0,-2.0,7.0,19.0,8.0
1945,Shopkeepers,7.0,6.0,-3.0,5.0,15.0,9.0
1946,Executive,9.0,9.0,-5.0,8.0,21.0,14.0
1946,Army,8.0,8.0,-5.0,6.0,17.0,13.0
1946,Priests,7.0,5.0,-2.0,7.0,17.0,7.0
1946,Property,8.0,7.0,-2.0,6.0,19.0,9.0
1946,Trades/Prof.,7.0,7.0,-2.0,6.0,18.0,9.0
1946,Proletariat,7.0,7.0,-3.0,5.0,16.0,10.0
1946,StateMemory,8.0,6.0,-3.0,7.0,18.0,9.0
1946,Shopkeepers,7.0,6.0,-3.0,5.0,15.0,9.0
1947,Executive,8.0,8.0,-4.0,7.0,19.0,12.0
1947,Army,7.0,7.0,-5.0,6.0,15.0,12.0
1947,Priests,7.0,5.0,-2.0,7.0,17.0,7.0
1947,Property,8.0,7.0,-2.0,6.0,19.0,9.0
1947,Trades/Prof.,7.0,7.0,-3.0,6.0,17.0,10.0
1947,Proletariat,6.0,6.0,-4.0,5.0,13.0,10.0
1947,StateMemory,7.0,6.0,-3.0,7.0,17.0,9.0
1947,Shopkeepers,7.0,6.0,-4.0,5.0,14.0,10.0
1948,Executive,8.0,8.0,-4.0,7.0,19.0,12.0
1948,Army,7.0,7.0,-5.0,6.0,15.0,12.0
1948,Priests,7.0,5.0,-2.0,7.0,17.0,7.0
1948,Property,8.0,7.0,-2.0,6.0,19.0,9.0
1948,Trades/Prof.,7.0,7.0,-3.0,6.0,17.0,10.0
1948,Proletariat,6.0,6.0,-4.0,5.0,13.0,10.0
1948,StateMemory,7.0,6.0,-3.0,7.0,17.0,9.0
1948,Shopkeepers,7.0,6.0,-4.0,5.0,14.0,10.0
1949,Executive,8.0,8.0,-4.0,7.0,19.0,12.0
1949,Army,7.0,7.0,-5.0,6.0,15.0,12.0
1949,Priests,7.0,5.0,-2.0,7.0,17.0,7.0
1949,Property,8.0,7.0,-2.0,6.0,19.0,9.0
1949,Trades/Prof.,7.0,7.0,-3.0,6.0,17.0,10.0
1949,Proletariat,6.0,6.0,-4.0,5.0,13.0,10.0
1949,StateMemory,7.0,6.0,-3.0,7.0,17.0,9.0
1949,Shopkeepers,7.0,6.0,-4.0,5.0,14.0,10.0
1950,Executive,8.0,8.0,-4.0,7.0,19.0,12.0
1950,Army,7.0,7.0,-5.0,6.0,15.0,12.0
1950,Priests,7.0,5.0,-2.0,7.0,17.0,7.0
1950,Property,8.0,7.0,-2.0,6.0,19.0,9.0
1950,Trades/Prof.,7.0,7.0,-3.0,6.0,17.0,10.0
1950,Proletariat,6.0,6.0,-4.0,5.0,13.0,10.0
1950,StateMemory,7.0,6.0,-3.0,7.0,17.0,9.0
1950,Shopkeepers,7.0,6.0,-4.0,5.0,14.0,10.0
1950,Executive,8.0,8.0,-4.0,7.0,19.0,12.0
1950,Army,7.0,7.0,-5.0,6.0,15.0,12.0
1950,Priests,7.0,5.0,-2.0,7.0,17.0,7.0
1950,Property,8.0,7.0,-2.0,6.0,19.0,9.0
1950,Trades/Prof.,7.0,7.0,-3.0,6.0,17.0,10.0
1950,Proletariat,6.0,6.0,-4.0,5.0,13.0,10.0
1950,StateMemory,7.0,6.0,-3.0,7.0,17.0,9.0
1950,Shopkeepers,7.0,6.0,-4.0,5.0,14.0,10.0
1950,Executive,8.0,9.0,-2.0,8.0,23.0,11.0
1950,Army,8.0,8.0,-1.0,7.0,22.0,9.0
1950,Priests,6.0,5.0,-1.0,5.0,15.0,6.0
1950,Property,8.0,9.0,2.0,8.0,23.0,7.0
1950,Trades/Professions,8.0,9.0,0.0,8.0,25.0,9.0
1950,Proletariat,7.0,8.0,0.0,6.0,21.0,8.0
1950,StateMemory,8.0,9.0,-1.0,8.0,24.0,10.0
1950,Shopkeepers/Merchants,8.0,9.0,1.0,8.0,24.0,8.0
1951,Executive,8.0,8.0,-4.0,7.0,19.0,12.0
1951,Army,8.0,8.0,-3.0,6.0,19.0,11.0
1951,Priests,7.0,5.0,-2.0,7.0,17.0,7.0
1951,Property,8.0,7.0,-2.0,6.0,19.0,9.0
1951,Trades/Prof.,7.0,7.0,-2.0,6.0,18.0,9.0
1951,Proletariat,7.0,6.0,-3.0,5.0,15.0,9.0
1951,StateMemory,8.0,6.0,-3.0,7.0,18.0,9.0
1951,Shopkeepers,7.0,6.0,-3.0,5.0,15.0,9.0
1952,Executive,8.0,8.0,-4.0,7.0,19.0,12.0
1952,Army,7.0,7.0,-4.0,6.0,16.0,11.0
1952,Priests,7.0,5.0,-2.0,7.0,17.0,7.0
1952,Property,8.0,7.0,-2.0,6.0,19.0,9.0
1952,Trades/Prof.,7.0,7.0,-2.0,6.0,18.0,9.0
1952,Proletariat,7.0,6.0,-3.0,5.0,15.0,9.0
1952,StateMemory,8.0,6.0,-3.0,7.0,18.0,9.0
1952,Shopkeepers,7.0,6.0,-3.0,5.0,15.0,9.0
1953,Executive,8.0,8.0,-4.0,7.0,19.0,12.0
1953,Army,8.0,8.0,-3.0,6.0,19.0,11.0
1953,Priests,7.0,5.0,-2.0,7.0,17.0,7.0
1953,Property,8.0,7.0,-2.0,6.0,19.0,9.0
1953,Trades/Prof.,7.0,7.0,-2.0,6.0,18.0,9.0
1953,Proletariat,7.0,6.0,-3.0,5.0,15.0,9.0
1953,StateMemory,8.0,6.0,-3.0,7.0,18.0,9.0
1953,Shopkeepers,7.0,6.0,-3.0,5.0,15.0,9.0
1954,Executive,8.0,8.0,-4.0,7.0,19.0,12.0
1954,Army,7.0,7.0,-4.0,6.0,16.0,11.0
1954,Priests,7.0,5.0,-2.0,7.0,17.0,7.0
1954,Property,8.0,7.0,-2.0,6.0,19.0,9.0
1954,Trades/Prof.,7.0,7.0,-3.0,6.0,17.0,10.0
1954,Proletariat,6.0,6.0,-4.0,5.0,13.0,10.0
1954,StateMemory,7.0,6.0,-4.0,7.0,16.0,10.0
1954,Shopkeepers,7.0,6.0,-4.0,5.0,14.0,10.0
1955,Executive,8.0,8.0,-4.0,7.0,19.0,12.0
1955,Army,7.0,7.0,-4.0,6.0,16.0,11.0
1955,Priests,7.0,5.0,-2.0,7.0,17.0,7.0
1955,Property,8.0,7.0,-2.0,6.0,19.0,9.0
1955,Trades/Prof.,7.0,7.0,-3.0,6.0,17.0,10.0
1955,Proletariat,6.0,6.0,-4.0,5.0,13.0,10.0
1955,StateMemory,7.0,6.0,-4.0,7.0,16.0,10.0
1955,Shopkeepers,7.0,6.0,-4.0,5.0,14.0,10.0
1956,Executive,8.0,8.0,-4.0,7.0,19.0,12.0
1956,Army,7.0,7.0,-4.0,6.0,16.0,11.0
1956,Priests,7.0,5.0,-2.0,7.0,17.0,7.0
1956,Property,8.0,7.0,-2.0,6.0,19.0,9.0
1956,Trades/Prof.,7.0,7.0,-3.0,6.0,17.0,10.0
1956,Proletariat,6.0,6.0,-4.0,5.0,13.0,10.0
1956,StateMemory,7.0,6.0,-4.0,7.0,16.0,10.0
1956,Shopkeepers,7.0,6.0,-4.0,5.0,14.0,10.0
1957,Executive,8.0,8.0,-4.0,7.0,19.0,12.0
1957,Army,7.0,7.0,-4.0,6.0,16.0,11.0
1957,Priests,7.0,5.0,-2.0,7.0,17.0,7.0
1957,Property,8.0,7.0,-2.0,6.0,19.0,9.0
1957,Trades/Prof.,7.0,7.0,-3.0,6.0,17.0,10.0
1957,Proletariat,6.0,6.0,-4.0,5.0,13.0,10.0
1957,StateMemory,7.0,6.0,-4.0,7.0,16.0,10.0
1957,Shopkeepers,7.0,6.0,-4.0,5.0,14.0,10.0
1958,Executive,8.0,8.0,-4.0,7.0,19.0,12.0
1958,Army,7.0,7.0,-4.0,6.0,16.0,11.0
1958,Priests,7.0,5.0,-2.0,7.0,17.0,7.0
1958,Property,8.0,7.0,-2.0,6.0,19.0,9.0
1958,Trades/Prof.,7.0,7.0,-3.0,6.0,17.0,10.0
1958,Proletariat,6.0,6.0,-4.0,5.0,13.0,10.0
1958,StateMemory,7.0,6.0,-4.0,7.0,16.0,10.0
1958,Shopkeepers,7.0,6.0,-4.0,5.0,14.0,10.0
1959,Executive,8.0,8.0,-4.0,7.0,19.0,12.0
1959,Army,7.0,7.0,-4.0,6.0,16.0,11.0
1959,Priests,7.0,5.0,-2.0,7.0,17.0,7.0
1959,Property,8.0,7.0,-2.0,6.0,19.0,9.0
1959,Trades/Prof.,7.0,7.0,-3.0,6.0,17.0,10.0
1959,Proletariat,6.0,6.0,-4.0,5.0,13.0,10.0
1959,StateMemory,7.0,6.0,-4.0,7.0,16.0,10.0
1959,Shopkeepers,7.0,6.0,-4.0,5.0,14.0,10.0
1960,Executive,7.0,8.0,-5.0,7.0,17.0,13.0
1960,Army,7.0,8.0,-4.0,6.0,17.0,12.0
1960,Priests,7.0,5.0,-3.0,7.0,16.0,8.0
1960,Property,8.0,7.0,-2.0,6.0,19.0,9.0
1960,Trades/Prof.,7.0,7.0,-3.0,6.0,17.0,10.0
1960,Proletariat,6.0,6.0,-4.0,5.0,13.0,10.0
1960,StateMemory,7.0,6.0,-3.0,7.0,17.0,9.0
1960,Shopkeepers,7.0,6.0,-3.0,5.0,15.0,9.0
1960,Executive,8.0,9.0,-1.0,8.0,24.0,10.0
1960,Army,8.0,8.0,0.0,7.0,23.0,8.0
1960,Priests,7.0,6.0,-1.0,6.0,18.0,7.0
1960,Property,9.0,10.0,1.0,9.0,27.0,9.0
1960,Trades/Professions,9.0,10.0,0.0,9.0,28.0,10.0
1960,Proletariat,7.0,9.0,0.0,7.0,23.0,9.0
1960,StateMemory,8.0,9.0,-1.0,8.0,24.0,10.0
1960,Shopkeepers/Merchants,8.0,10.0,0.0,8.0,26.0,10.0
1961,Executive,7.0,8.0,-5.0,7.0,17.0,13.0
1961,Army,7.0,8.0,-4.0,6.0,17.0,12.0
1961,Priests,7.0,5.0,-3.0,7.0,16.0,8.0
1961,Property,8.0,7.0,-2.0,6.0,19.0,9.0
1961,Trades/Prof.,7.0,7.0,-3.0,6.0,17.0,10.0
1961,Proletariat,6.0,6.0,-4.0,5.0,13.0,10.0
1961,StateMemory,7.0,6.0,-3.0,7.0,17.0,9.0
1961,Shopkeepers,7.0,6.0,-3.0,5.0,15.0,9.0
1962,Executive,7.0,8.0,-6.0,7.0,16.0,14.0
1962,Army,7.0,8.0,-5.0,6.0,16.0,13.0
1962,Priests,7.0,5.0,-3.0,7.0,16.0,8.0
1962,Property,8.0,7.0,-2.0,6.0,19.0,9.0
1962,Trades/Prof.,7.0,7.0,-3.0,6.0,17.0,10.0
1962,Proletariat,6.0,6.0,-5.0,5.0,12.0,11.0
1962,StateMemory,7.0,6.0,-4.0,7.0,16.0,10.0
1962,Shopkeepers,7.0,6.0,-4.0,5.0,14.0,10.0
1963,Executive,7.0,8.0,-6.0,7.0,16.0,14.0
1963,Army,7.0,8.0,-5.0,6.0,16.0,13.0
1963,Priests,7.0,5.0,-3.0,7.0,16.0,8.0
1963,Property,8.0,7.0,-2.0,6.0,19.0,9.0
1963,Trades/Prof.,7.0,7.0,-3.0,6.0,17.0,10.0
1963,Proletariat,6.0,6.0,-5.0,5.0,12.0,11.0
1963,StateMemory,7.0,6.0,-4.0,7.0,16.0,10.0
1963,Shopkeepers,7.0,6.0,-4.0,5.0,14.0,10.0
1964,Executive,6.0,7.0,-7.0,6.0,12.0,14.0
1964,Army,7.0,8.0,-6.0,6.0,15.0,14.0
1964,Priests,7.0,5.0,-4.0,7.0,15.0,9.0
1964,Property,7.0,7.0,-3.0,6.0,17.0,10.0
1964,Trades/Prof.,6.0,7.0,-4.0,6.0,15.0,11.0
1964,Proletariat,5.0,5.0,-6.0,5.0,9.0,11.0
1964,StateMemory,7.0,6.0,-5.0,7.0,15.0,11.0
1964,Shopkeepers,6.0,6.0,-5.0,5.0,12.0,11.0
1965,Executive,6.0,7.0,-7.0,6.0,12.0,14.0
1965,Army,7.0,8.0,-6.0,6.0,15.0,14.0
1965,Priests,7.0,5.0,-4.0,7.0,15.0,9.0
1965,Property,7.0,7.0,-3.0,6.0,17.0,10.0
1965,Trades/Prof.,6.0,7.0,-4.0,6.0,15.0,11.0
1965,Proletariat,5.0,5.0,-6.0,5.0,9.0,11.0
1965,StateMemory,7.0,6.0,-5.0,7.0,15.0,11.0
1965,Shopkeepers,6.0,6.0,-5.0,5.0,12.0,11.0
1966,Executive,5.0,6.0,-8.0,6.0,9.0,14.0
1966,Army,6.0,7.0,-7.0,5.0,11.0,14.0
1966,Priests,6.0,5.0,-5.0,7.0,13.0,10.0
1966,Property,7.0,7.0,-4.0,6.0,16.0,11.0
1966,Trades/Prof.,6.0,7.0,-4.0,6.0,15.0,11.0
1966,Proletariat,4.0,4.0,-7.0,5.0,6.0,11.0
1966,StateMemory,6.0,6.0,-6.0,7.0,13.0,12.0
1966,Shopkeepers,6.0,6.0,-5.0,5.0,12.0,11.0
1967,Executive,5.0,6.0,-8.0,6.0,9.0,14.0
1967,Army,6.0,7.0,-7.0,5.0,11.0,14.0
1967,Priests,6.0,5.0,-5.0,7.0,13.0,10.0
1967,Property,7.0,7.0,-4.0,6.0,16.0,11.0
1967,Trades/Prof.,6.0,7.0,-4.0,6.0,15.0,11.0
1967,Proletariat,4.0,4.0,-7.0,5.0,6.0,11.0
1967,StateMemory,6.0,6.0,-6.0,7.0,13.0,12.0
1967,Shopkeepers,6.0,6.0,-5.0,5.0,12.0,11.0
1968,Executive,5.0,6.0,-8.0,5.0,8.0,14.0
1968,Army,5.0,6.0,-8.0,4.0,7.0,14.0
1968,Priests,6.0,5.0,-5.0,7.0,13.0,10.0
1968,Property,7.0,7.0,-4.0,6.0,16.0,11.0
1968,Trades/Prof.,6.0,7.0,-3.0,6.0,16.0,10.0
1968,Proletariat,4.0,4.0,-7.0,5.0,6.0,11.0
1968,StateMemory,6.0,6.0,-5.0,7.0,14.0,11.0
1968,Shopkeepers,6.0,6.0,-4.0,5.0,13.0,10.0
1969,Executive,5.0,6.0,-8.0,5.0,8.0,14.0
1969,Army,5.0,6.0,-8.0,4.0,7.0,14.0
1969,Priests,6.0,5.0,-5.0,7.0,13.0,10.0
1969,Property,7.0,7.0,-4.0,6.0,16.0,11.0
1969,Trades/Prof.,6.0,7.0,-3.0,6.0,16.0,10.0
1969,Proletariat,4.0,4.0,-7.0,5.0,6.0,11.0
1969,StateMemory,6.0,6.0,-5.0,7.0,14.0,11.0
1969,Shopkeepers,6.0,6.0,-4.0,5.0,13.0,10.0
1970,Executive,5.0,6.0,-7.0,6.0,10.0,13.0
1970,Army,5.0,6.0,-8.0,5.0,8.0,14.0
1970,Priests,6.0,5.0,-5.0,7.0,13.0,10.0
1970,Property,7.0,7.0,-4.0,6.0,16.0,11.0
1970,Trades/Prof.,6.0,7.0,-4.0,6.0,15.0,11.0
1970,Proletariat,5.0,5.0,-6.0,5.0,9.0,11.0
1970,StateMemory,6.0,6.0,-5.0,7.0,14.0,11.0
1970,Shopkeepers,6.0,6.0,-5.0,5.0,12.0,11.0
1970,Executive,7.0,8.0,-1.0,8.0,22.0,9.0
1970,Army,8.0,7.0,1.0,7.0,21.0,6.0
1970,Priests,7.0,6.0,-1.0,6.0,18.0,7.0
1970,Property,9.0,10.0,2.0,9.0,26.0,8.0
1970,Trades/Professions,9.0,10.0,0.0,9.0,28.0,10.0
1970,Proletariat,7.0,9.0,1.0,7.0,23.0,8.0
1970,StateMemory,8.0,9.0,0.0,8.0,25.0,9.0
1970,Shopkeepers/Merchants,8.0,10.0,1.0,8.0,25.0,9.0
1971,Executive,5.0,6.0,-7.0,6.0,10.0,13.0
1971,Army,5.0,6.0,-8.0,5.0,8.0,14.0
1971,Priests,6.0,5.0,-5.0,7.0,13.0,10.0
1971,Property,7.0,7.0,-4.0,6.0,16.0,11.0
1971,Trades/Prof.,6.0,7.0,-4.0,6.0,15.0,11.0
1971,Proletariat,5.0,5.0,-6.0,5.0,9.0,11.0
1971,StateMemory,6.0,6.0,-5.0,7.0,14.0,11.0
1971,Shopkeepers,6.0,6.0,-5.0,5.0,12.0,11.0
1972,Executive,4.0,5.0,-8.0,5.0,6.0,13.0
1972,Army,4.0,5.0,-9.0,4.0,4.0,14.0
1972,Priests,6.0,5.0,-5.0,7.0,13.0,10.0
1972,Property,7.0,7.0,-5.0,6.0,15.0,12.0
1972,Trades/Prof.,6.0,7.0,-4.0,6.0,15.0,11.0
1972,Proletariat,4.0,4.0,-7.0,5.0,6.0,11.0
1972,StateMemory,6.0,6.0,-6.0,7.0,13.0,12.0
1972,Shopkeepers,6.0,6.0,-5.0,5.0,12.0,11.0
1973,Executive,4.0,5.0,-8.0,5.0,6.0,13.0
1973,Army,4.0,5.0,-9.0,4.0,4.0,14.0
1973,Priests,6.0,5.0,-5.0,7.0,13.0,10.0
1973,Property,7.0,7.0,-5.0,6.0,15.0,12.0
1973,Trades/Prof.,6.0,7.0,-4.0,6.0,15.0,11.0
1973,Proletariat,4.0,4.0,-7.0,5.0,6.0,11.0
1973,StateMemory,6.0,6.0,-6.0,7.0,13.0,12.0
1973,Shopkeepers,6.0,6.0,-5.0,5.0,12.0,11.0
1974,Executive,4.0,5.0,-9.0,5.0,5.0,14.0
1974,Army,4.0,5.0,-10.0,4.0,3.0,15.0
1974,Priests,6.0,5.0,-5.0,7.0,13.0,10.0
1974,Property,6.0,6.0,-6.0,6.0,12.0,12.0
1974,Trades/Prof.,6.0,7.0,-4.0,6.0,15.0,11.0
1974,Proletariat,4.0,4.0,-8.0,5.0,5.0,12.0
1974,StateMemory,6.0,6.0,-7.0,7.0,12.0,13.0
1974,Shopkeepers,5.0,6.0,-6.0,5.0,10.0,12.0
1975,Executive,4.0,5.0,-9.0,5.0,5.0,14.0
1975,Army,4.0,5.0,-10.0,4.0,3.0,15.0
1975,Priests,6.0,5.0,-5.0,7.0,13.0,10.0
1975,Property,6.0,6.0,-6.0,6.0,12.0,12.0
1975,Trades/Prof.,6.0,7.0,-4.0,6.0,15.0,11.0
1975,Proletariat,4.0,4.0,-8.0,5.0,5.0,12.0
1975,StateMemory,6.0,6.0,-7.0,7.0,12.0,13.0
1975,Shopkeepers,5.0,6.0,-6.0,5.0,10.0,12.0
1976,Executive,5.0,6.0,-8.0,6.0,9.0,14.0
1976,Army,5.0,6.0,-9.0,4.0,6.0,15.0
1976,Priests,6.0,5.0,-4.0,7.0,14.0,9.0
1976,Property,7.0,7.0,-4.0,6.0,16.0,11.0
1976,Trades/Prof.,6.0,7.0,-3.0,6.0,16.0,10.0
1976,Proletariat,5.0,5.0,-7.0,5.0,8.0,12.0
1976,StateMemory,6.0,6.0,-6.0,7.0,13.0,12.0
1976,Shopkeepers,6.0,6.0,-5.0,5.0,12.0,11.0
1977,Executive,5.0,6.0,-8.0,6.0,9.0,14.0
1977,Army,5.0,6.0,-9.0,4.0,6.0,15.0
1977,Priests,6.0,5.0,-4.0,7.0,14.0,9.0
1977,Property,7.0,7.0,-4.0,6.0,16.0,11.0
1977,Trades/Prof.,6.0,7.0,-3.0,6.0,16.0,10.0
1977,Proletariat,5.0,5.0,-7.0,5.0,8.0,12.0
1977,StateMemory,6.0,6.0,-6.0,7.0,13.0,12.0
1977,Shopkeepers,6.0,6.0,-5.0,5.0,12.0,11.0
1978,Executive,5.0,6.0,-8.0,6.0,9.0,14.0
1978,Army,5.0,6.0,-8.0,4.0,7.0,14.0
1978,Priests,6.0,5.0,-4.0,7.0,14.0,9.0
1978,Property,7.0,7.0,-4.0,6.0,16.0,11.0
1978,Trades/Prof.,6.0,7.0,-3.0,6.0,16.0,10.0
1978,Proletariat,5.0,5.0,-6.0,5.0,9.0,11.0
1978,StateMemory,6.0,6.0,-5.0,7.0,14.0,11.0
1978,Shopkeepers,6.0,6.0,-4.0,5.0,13.0,10.0
1979,Executive,5.0,6.0,-8.0,6.0,9.0,14.0
1979,Army,5.0,6.0,-8.0,4.0,7.0,14.0
1979,Priests,6.0,5.0,-4.0,7.0,14.0,9.0
1979,Property,7.0,7.0,-4.0,6.0,16.0,11.0
1979,Trades/Prof.,6.0,7.0,-3.0,6.0,16.0,10.0
1979,Proletariat,5.0,5.0,-6.0,5.0,9.0,11.0
1979,StateMemory,6.0,6.0,-5.0,7.0,14.0,11.0
1979,Shopkeepers,6.0,6.0,-4.0,5.0,13.0,10.0
1980,Executive,6.0,7.0,-7.0,6.0,12.0,14.0
1980,Army,5.0,6.0,-7.0,5.0,9.0,13.0
1980,Priests,7.0,5.0,-3.0,7.0,16.0,8.0
1980,Property,8.0,7.0,-3.0,6.0,18.0,10.0
1980,Trades/Prof.,6.0,7.0,-4.0,6.0,15.0,11.0
1980,Proletariat,5.0,5.0,-5.0,5.0,10.0,10.0
1980,StateMemory,7.0,6.0,-4.0,7.0,16.0,10.0
1980,Shopkeepers,6.0,6.0,-4.0,5.0,13.0,10.0
1980,Executive,7.0,8.0,0.0,8.0,23.0,8.0
1980,Army,7.0,7.0,1.0,7.0,21.0,6.0
1980,Priests,7.0,6.0,0.0,6.0,19.0,6.0
1980,Property,9.0,10.0,2.0,9.0,26.0,8.0
1980,Trades/Professions,9.0,10.0,1.0,9.0,27.0,9.0
1980,Proletariat,7.0,8.0,1.0,7.0,22.0,7.0
1980,StateMemory,8.0,9.0,1.0,8.0,25.0,8.0
1980,Shopkeepers/Merchants,8.0,10.0,1.0,8.0,25.0,9.0
1981,Executive,7.0,8.0,-6.0,6.0,15.0,14.0
1981,Army,6.0,7.0,-5.0,5.0,13.0,12.0
1981,Priests,7.0,5.0,-3.0,7.0,16.0,8.0
1981,Property,8.0,7.0,-3.0,6.0,18.0,10.0
1981,Trades/Prof.,6.0,7.0,-4.0,6.0,15.0,11.0
1981,Proletariat,5.0,5.0,-5.0,5.0,10.0,10.0
1981,StateMemory,7.0,6.0,-4.0,7.0,16.0,10.0
1981,Shopkeepers,6.0,6.0,-4.0,5.0,13.0,10.0
1982,Executive,7.0,8.0,-5.0,6.0,16.0,13.0
1982,Army,6.0,7.0,-4.0,5.0,14.0,11.0
1982,Priests,7.0,5.0,-3.0,7.0,16.0,8.0
1982,Property,8.0,7.0,-2.0,6.0,19.0,9.0
1982,Trades/Prof.,6.0,7.0,-4.0,6.0,15.0,11.0
1982,Proletariat,5.0,5.0,-5.0,5.0,10.0,10.0
1982,StateMemory,7.0,6.0,-4.0,7.0,16.0,10.0
1982,Shopkeepers,6.0,6.0,-4.0,5.0,13.0,10.0
1983,Executive,7.0,8.0,-5.0,6.0,16.0,13.0
1983,Army,6.0,7.0,-4.0,5.0,14.0,11.0
1983,Priests,7.0,5.0,-3.0,7.0,16.0,8.0
1983,Property,8.0,7.0,-2.0,6.0,19.0,9.0
1983,Trades/Prof.,6.0,7.0,-4.0,6.0,15.0,11.0
1983,Proletariat,5.0,5.0,-5.0,5.0,10.0,10.0
1983,StateMemory,7.0,6.0,-4.0,7.0,16.0,10.0
1983,Shopkeepers,6.0,6.0,-4.0,5.0,13.0,10.0
1984,Executive,7.0,8.0,-4.0,6.0,17.0,12.0
1984,Army,6.0,7.0,-4.0,5.0,14.0,11.0
1984,Priests,7.0,5.0,-3.0,7.0,16.0,8.0
1984,Property,8.0,7.0,-2.0,6.0,19.0,9.0
1984,Trades/Prof.,6.0,7.0,-4.0,6.0,15.0,11.0
1984,Proletariat,5.0,5.0,-5.0,5.0,10.0,10.0
1984,StateMemory,7.0,6.0,-4.0,7.0,16.0,10.0
1984,Shopkeepers,6.0,6.0,-4.0,5.0,13.0,10.0
1985,Executive,7.0,8.0,-4.0,6.0,17.0,12.0
1985,Army,6.0,7.0,-4.0,5.0,14.0,11.0
1985,Priests,7.0,5.0,-3.0,7.0,16.0,8.0
1985,Property,8.0,7.0,-2.0,6.0,19.0,9.0
1985,Trades/Prof.,6.0,7.0,-4.0,6.0,15.0,11.0
1985,Proletariat,5.0,5.0,-5.0,5.0,10.0,10.0
1985,StateMemory,7.0,6.0,-4.0,7.0,16.0,10.0
1985,Shopkeepers,6.0,6.0,-4.0,5.0,13.0,10.0
1986,Executive,7.0,8.0,-4.0,6.0,17.0,12.0
1986,Army,6.0,7.0,-4.0,5.0,14.0,11.0
1986,Priests,7.0,5.0,-3.0,7.0,16.0,8.0
1986,Property,8.0,7.0,-2.0,6.0,19.0,9.0
1986,Trades/Prof.,6.0,7.0,-4.0,6.0,15.0,11.0
1986,Proletariat,5.0,5.0,-5.0,5.0,10.0,10.0
1986,StateMemory,7.0,6.0,-4.0,7.0,16.0,10.0
1986,Shopkeepers,6.0,6.0,-4.0,5.0,13.0,10.0
1987,Executive,7.0,7.0,-4.0,6.0,16.0,11.0
1987,Army,6.0,7.0,-5.0,5.0,13.0,12.0
1987,Priests,7.0,5.0,-3.0,7.0,16.0,8.0
1987,Property,8.0,7.0,-2.0,6.0,19.0,9.0
1987,Trades/Prof.,6.0,7.0,-4.0,6.0,15.0,11.0
1987,Proletariat,5.0,5.0,-6.0,5.0,9.0,11.0
1987,StateMemory,7.0,6.0,-4.0,7.0,16.0,10.0
1987,Shopkeepers,6.0,6.0,-4.0,5.0,13.0,10.0
1988,Executive,7.0,7.0,-4.0,6.0,16.0,11.0
1988,Army,6.0,7.0,-5.0,5.0,13.0,12.0
1988,Priests,7.0,5.0,-3.0,7.0,16.0,8.0
1988,Property,8.0,7.0,-2.0,6.0,19.0,9.0
1988,Trades/Prof.,6.0,7.0,-4.0,6.0,15.0,11.0
1988,Proletariat,5.0,5.0,-6.0,5.0,9.0,11.0
1988,StateMemory,7.0,6.0,-4.0,7.0,16.0,10.0
1988,Shopkeepers,6.0,6.0,-4.0,5.0,13.0,10.0
1989,Executive,7.0,7.0,-4.0,6.0,16.0,11.0
1989,Army,6.0,7.0,-5.0,5.0,13.0,12.0
1989,Priests,7.0,5.0,-3.0,7.0,16.0,8.0
1989,Property,8.0,7.0,-2.0,6.0,19.0,9.0
1989,Trades/Prof.,6.0,7.0,-4.0,6.0,15.0,11.0
1989,Proletariat,5.0,5.0,-5.0,5.0,10.0,10.0
1989,StateMemory,7.0,6.0,-4.0,7.0,16.0,10.0
1989,Shopkeepers,6.0,6.0,-4.0,5.0,13.0,10.0
1990,Executive,7.0,7.0,-4.0,6.0,16.0,11.0
1990,Army,6.0,7.0,-5.0,5.0,13.0,12.0
1990,Priests,7.0,5.0,-3.0,7.0,16.0,8.0
1990,Property,8.0,7.0,-2.0,6.0,19.0,9.0
1990,Trades/Prof.,6.0,7.0,-4.0,6.0,15.0,11.0
1990,Proletariat,5.0,5.0,-5.0,5.0,10.0,10.0
1990,StateMemory,7.0,6.0,-4.0,7.0,16.0,10.0
1990,Shopkeepers,6.0,6.0,-4.0,5.0,13.0,10.0
1990,Executive,7.0,8.0,0.0,8.0,23.0,8.0
1990,Army,7.0,7.0,0.0,7.0,21.0,7.0
1990,Priests,7.0,6.0,0.0,6.0,19.0,6.0
1990,Property,9.0,10.0,2.0,9.0,26.0,8.0
1990,Trades/Professions,9.0,10.0,1.0,9.0,27.0,9.0
1990,Proletariat,7.0,8.0,1.0,7.0,22.0,7.0
1990,StateMemory,8.0,9.0,1.0,8.0,25.0,8.0
1990,Shopkeepers/Merchants,8.0,10.0,1.0,8.0,25.0,9.0
1991,Executive,6.0,7.0,-5.0,6.0,14.0,12.0
1991,Army,7.0,8.0,-4.0,5.0,16.0,12.0
1991,Priests,6.0,5.0,-4.0,7.0,14.0,9.0
1991,Property,7.0,7.0,-3.0,6.0,17.0,10.0
1991,Trades/Prof.,6.0,7.0,-3.0,6.0,16.0,10.0
1991,Proletariat,6.0,5.0,-4.0,5.0,12.0,9.0
1991,StateMemory,7.0,6.0,-4.0,7.0,16.0,10.0
1991,Shopkeepers,6.0,6.0,-4.0,5.0,13.0,10.0
1992,Executive,6.0,7.0,-4.0,6.0,15.0,11.0
1992,Army,7.0,7.0,-4.0,5.0,15.0,11.0
1992,Priests,6.0,5.0,-4.0,7.0,14.0,9.0
1992,Property,7.0,7.0,-3.0,6.0,17.0,10.0
1992,Trades/Prof.,6.0,7.0,-3.0,6.0,16.0,10.0
1992,Proletariat,6.0,5.0,-5.0,5.0,11.0,10.0
1992,StateMemory,7.0,6.0,-4.0,7.0,16.0,10.0
1992,Shopkeepers,6.0,6.0,-4.0,5.0,13.0,10.0
1993,Executive,6.0,7.0,-4.0,6.0,15.0,11.0
1993,Army,7.0,7.0,-4.0,5.0,15.0,11.0
1993,Priests,6.0,5.0,-4.0,7.0,14.0,9.0
1993,Property,7.0,7.0,-3.0,6.0,17.0,10.0
1993,Trades/Prof.,6.0,7.0,-3.0,6.0,16.0,10.0
1993,Proletariat,6.0,5.0,-5.0,5.0,11.0,10.0
1993,StateMemory,7.0,6.0,-4.0,7.0,16.0,10.0
1993,Shopkeepers,6.0,6.0,-4.0,5.0,13.0,10.0
1994,Executive,6.0,7.0,-4.0,6.0,15.0,11.0
1994,Army,7.0,7.0,-4.0,5.0,15.0,11.0
1994,Priests,6.0,5.0,-4.0,7.0,14.0,9.0
1994,Property,7.0,7.0,-3.0,6.0,17.0,10.0
1994,Trades/Prof.,6.0,7.0,-3.0,6.0,16.0,10.0
1994,Proletariat,6.0,5.0,-5.0,5.0,11.0,10.0
1994,StateMemory,7.0,6.0,-4.0,7.0,16.0,10.0
1994,Shopkeepers,6.0,6.0,-4.0,5.0,13.0,10.0
1995,Executive,7.0,8.0,-4.0,7.0,23.5,13.0
1995,Army,8.0,9.0,-5.0,6.0,25.0,14.4
1995,Priests,6.0,5.0,-3.0,5.0,15.5,9.6
1995,Property,7.0,8.0,-4.0,6.0,22.0,12.6
1995,Trades/Professions,8.0,8.0,-4.0,7.0,25.5,15.0
1995,Proletariat,6.0,7.0,-3.0,4.0,18.0,10.8
1995,StateMemory,8.0,7.0,-5.0,6.0,23.0,13.8
1995,Shopkeepers/Merchants,7.0,8.0,-4.0,6.0,22.0,12.6
1995,Executive,7.0,8.0,-4.0,7.0,23.5,13.0
1995,Army,8.0,9.0,-5.0,6.0,25.0,14.4
1995,Priests,6.0,5.0,-3.0,5.0,15.5,9.6
1995,Property,7.0,8.0,-4.0,6.0,22.0,12.6
1995,Trades/Professions,8.0,8.0,-4.0,7.0,25.5,15.0
1995,Proletariat,6.0,7.0,-3.0,4.0,18.0,10.8
1995,StateMemory,8.0,7.0,-5.0,6.0,23.0,13.8
1995,Shopkeepers/Merchants,7.0,8.0,-4.0,6.0,22.0,12.6
1996,Executive,7.0,8.0,-4.0,7.0,23.5,13.0
1996,Army,8.0,9.0,-5.0,6.0,25.0,14.4
1996,Priests,6.0,5.0,-3.0,5.0,15.5,9.6
1996,Property,7.0,8.0,-4.0,6.0,22.0,12.6
1996,Trades/Professions,8.0,8.0,-4.0,7.0,25.5,15.0
1996,Proletariat,6.0,7.0,-3.0,4.0,18.0,10.8
1996,StateMemory,8.0,7.0,-5.0,6.0,23.0,13.8
1996,Shopkeepers/Merchants,7.0,8.0,-4.0,6.0,22.0,12.6
1996,Executive,7.0,8.0,-4.0,7.0,23.5,13.0
1996,Army,8.0,9.0,-5.0,6.0,25.0,14.4
1996,Priests,6.0,5.0,-3.0,5.0,15.5,9.6
1996,Property,7.0,8.0,-4.0,6.0,22.0,12.6
1996,Trades/Professions,8.0,8.0,-4.0,7.0,25.5,15.0
1996,Proletariat,6.0,7.0,-3.0,4.0,18.0,10.8
1996,StateMemory,8.0,7.0,-5.0,6.0,23.0,13.8
1996,Shopkeepers/Merchants,7.0,8.0,-4.0,6.0,22.0,12.6
1997,Executive,7.0,8.0,-4.0,7.0,23.5,13.0
1997,Army,8.0,9.0,-5.0,6.0,25.0,14.4
1997,Priests,6.0,5.0,-3.0,5.0,15.5,9.6
1997,Property,7.0,8.0,-4.0,6.0,22.0,12.6
1997,Trades/Professions,8.0,8.0,-4.0,7.0,25.5,15.0
1997,Proletariat,6.0,7.0,-3.0,4.0,18.0,10.8
1997,StateMemory,8.0,7.0,-5.0,6.0,23.0,13.8
1997,Shopkeepers/Merchants,7.0,8.0,-4.0,6.0,22.0,12.6
1997,Executive,7.0,8.0,-4.0,7.0,23.5,13.0
1997,Army,8.0,9.0,-5.0,6.0,25.0,14.4
1997,Priests,6.0,5.0,-3.0,5.0,15.5,9.6
1997,Property,7.0,8.0,-4.0,6.0,22.0,12.6
1997,Trades/Professions,8.0,8.0,-4.0,7.0,25.5,15.0
1997,Proletariat,6.0,7.0,-3.0,4.0,18.0,10.8
1997,StateMemory,8.0,7.0,-5.0,6.0,23.0,13.8
1997,Shopkeepers/Merchants,7.0,8.0,-4.0,6.0,22.0,12.6
1998,Executive,7.0,8.0,-4.0,7.0,23.5,13.0
1998,Army,8.0,9.0,-5.0,6.0,25.0,14.4
1998,Priests,6.0,5.0,-3.0,5.0,15.5,9.6
1998,Property,7.0,8.0,-4.0,6.0,22.0,12.6
1998,Trades/Professions,8.0,8.0,-4.0,7.0,25.5,15.0
1998,Proletariat,6.0,7.0,-3.0,4.0,18.0,10.8
1998,StateMemory,8.0,7.0,-5.0,6.0,23.0,13.8
1998,Shopkeepers/Merchants,7.0,8.0,-4.0,6.0,22.0,12.6
1998,Executive,7.0,8.0,-4.0,7.0,23.5,13.0
1998,Army,8.0,9.0,-5.0,6.0,25.0,14.4
1998,Priests,6.0,5.0,-3.0,5.0,15.5,9.6
1998,Property,7.0,8.0,-4.0,6.0,22.0,12.6
1998,Trades/Professions,8.0,8.0,-4.0,7.0,25.5,15.0
1998,Proletariat,6.0,7.0,-3.0,4.0,18.0,10.8
1998,StateMemory,8.0,7.0,-5.0,6.0,23.0,13.8
1998,Shopkeepers/Merchants,7.0,8.0,-4.0,6.0,22.0,12.6
1999,Executive,7.0,8.0,-4.0,7.0,23.5,13.0
1999,Army,8.0,9.0,-5.0,6.0,25.0,14.4
1999,Priests,6.0,5.0,-3.0,5.0,15.5,9.6
1999,Property,7.0,8.0,-4.0,6.0,22.0,12.6
1999,Trades/Professions,8.0,8.0,-4.0,7.0,25.5,15.0
1999,Proletariat,6.0,7.0,-3.0,4.0,18.0,10.8
1999,StateMemory,8.0,7.0,-5.0,6.0,23.0,13.8
1999,Shopkeepers/Merchants,7.0,8.0,-4.0,6.0,22.0,12.6
1999,Executive,7.0,8.0,-4.0,7.0,23.5,13.0
1999,Army,8.0,9.0,-5.0,6.0,25.0,14.4
1999,Priests,6.0,5.0,-3.0,5.0,15.5,9.6
1999,Property,7.0,8.0,-4.0,6.0,22.0,12.6
1999,Trades/Professions,8.0,8.0,-4.0,7.0,25.5,15.0
1999,Proletariat,6.0,7.0,-3.0,4.0,18.0,10.8
1999,StateMemory,8.0,7.0,-5.0,6.0,23.0,13.8
1999,Shopkeepers/Merchants,7.0,8.0,-4.0,6.0,22.0,12.6
2000,Executive,7.0,8.0,-4.0,7.0,23.5,13.0
2000,Army,8.0,9.0,-5.0,6.0,25.0,14.4
2000,Priests,6.0,5.0,-3.0,5.0,15.5,9.6
2000,Property,7.0,8.0,-4.0,6.0,22.0,12.6
2000,Trades/Professions,8.0,8.0,-4.0,7.0,25.5,15.0
2000,Proletariat,6.0,7.0,-3.0,4.0,18.0,10.8
2000,StateMemory,8.0,7.0,-5.0,6.0,23.0,13.8
2000,Shopkeepers/Merchants,7.0,8.0,-4.0,6.0,22.0,12.6
2000,Executive,7.0,8.0,-4.0,7.0,23.5,13.0
2000,Army,8.0,9.0,-5.0,6.0,25.0,14.4
2000,Priests,6.0,5.0,-3.0,5.0,15.5,9.6
2000,Property,7.0,8.0,-4.0,6.0,22.0,12.6
2000,Trades/Professions,8.0,8.0,-4.0,7.0,25.5,15.0
2000,Proletariat,6.0,7.0,-3.0,4.0,18.0,10.8
2000,StateMemory,8.0,7.0,-5.0,6.0,23.0,13.8
2000,Shopkeepers/Merchants,7.0,8.0,-4.0,6.0,22.0,12.6
2001,Executive,6.5,8.0,-2.0,7.0,23.0,12.7
2001,Army,8.0,9.0,-3.0,6.0,26.0,14.1
2001,Priests,6.0,5.0,-2.0,5.0,16.5,9.3
2001,Property,7.0,8.0,-3.0,6.0,22.5,12.3
2001,Trades/Professions,8.0,8.0,-3.0,7.0,26.0,14.7
2001,Proletariat,6.0,7.0,-2.0,4.0,19.0,10.5
2001,StateMemory,8.0,7.0,-4.0,6.0,23.5,13.5
2001,Shopkeepers/Merchants,7.0,8.0,-3.0,6.0,22.5,12.3
2001,Executive,6.5,8.0,-2.0,7.0,23.0,12.7
2001,Army,8.0,9.0,-3.0,6.0,26.0,14.1
2001,Priests,6.0,5.0,-2.0,5.0,16.5,9.3
2001,Property,7.0,8.0,-3.0,6.0,22.5,12.3
2001,Trades/Professions,8.0,8.0,-3.0,7.0,26.0,14.7
2001,Proletariat,6.0,7.0,-2.0,4.0,19.0,10.5
2001,StateMemory,8.0,7.0,-4.0,6.0,23.5,13.5
2001,Shopkeepers/Merchants,7.0,8.0,-3.0,6.0,22.5,12.3
2002,Executive,6.0,8.0,-1.0,7.0,23.5,12.4
2002,Army,8.0,9.0,-2.0,6.0,26.0,13.8
2002,Priests,6.0,5.0,-2.0,5.0,16.5,9.3
2002,Property,7.0,8.0,-2.0,6.0,23.0,12.0
2002,Trades/Professions,8.0,8.0,-2.0,7.0,26.5,14.4
2002,Proletariat,6.0,7.0,-1.0,4.0,20.0,10.2
2002,StateMemory,8.0,7.0,-3.0,6.0,24.0,13.2
2002,Shopkeepers/Merchants,7.0,8.0,-2.0,6.0,23.0,12.0
2002,Executive,6.0,8.0,-1.0,7.0,23.5,12.4
2002,Army,8.0,9.0,-2.0,6.0,26.0,13.8
2002,Priests,6.0,5.0,-2.0,5.0,16.5,9.3
2002,Property,7.0,8.0,-2.0,6.0,23.0,12.0
2002,Trades/Professions,8.0,8.0,-2.0,7.0,26.5,14.4
2002,Proletariat,6.0,7.0,-1.0,4.0,20.0,10.2
2002,StateMemory,8.0,7.0,-3.0,6.0,24.0,13.2
2002,Shopkeepers/Merchants,7.0,8.0,-2.0,6.0,23.0,12.0
2003,Executive,6.0,8.0,-1.0,7.0,23.5,12.4
2003,Army,8.0,9.0,-2.0,6.0,26.0,13.8
2003,Priests,6.0,5.0,-2.0,5.0,16.5,9.3
2003,Property,7.0,8.0,-2.0,6.0,23.0,12.0
2003,Trades/Professions,8.0,8.0,-2.0,7.0,26.5,14.4
2003,Proletariat,6.0,7.0,-1.0,4.0,20.0,10.2
2003,StateMemory,8.0,7.0,-3.0,6.0,24.0,13.2
2003,Shopkeepers/Merchants,7.0,8.0,-2.0,6.0,23.0,12.0
2003,Executive,6.0,8.0,-1.0,7.0,23.5,12.4
2003,Army,8.0,9.0,-2.0,6.0,26.0,13.8
2003,Priests,6.0,5.0,-2.0,5.0,16.5,9.3
2003,Property,7.0,8.0,-2.0,6.0,23.0,12.0
2003,Trades/Professions,8.0,8.0,-2.0,7.0,26.5,14.4
2003,Proletariat,6.0,7.0,-1.0,4.0,20.0,10.2
2003,StateMemory,8.0,7.0,-3.0,6.0,24.0,13.2
2003,Shopkeepers/Merchants,7.0,8.0,-2.0,6.0,23.0,12.0
2004,Executive,6.0,8.0,-1.0,7.0,23.5,12.4
2004,Army,8.0,9.0,-2.0,6.0,26.0,13.8
2004,Priests,6.0,5.0,-2.0,5.0,16.5,9.3
2004,Property,7.0,8.0,-2.0,6.0,23.0,12.0
2004,Trades/Professions,8.0,8.0,-2.0,7.0,26.5,14.4
2004,Proletariat,6.0,7.0,-1.0,4.0,20.0,10.2
2004,StateMemory,8.0,7.0,-3.0,6.0,24.0,13.2
2004,Shopkeepers/Merchants,7.0,8.0,-2.0,6.0,23.0,12.0
2004,Executive,6.0,8.0,-1.0,7.0,23.5,12.4
2004,Army,8.0,9.0,-2.0,6.0,26.0,13.8
2004,Priests,6.0,5.0,-2.0,5.0,16.5,9.3
2004,Property,7.0,8.0,-2.0,6.0,23.0,12.0
2004,Trades/Professions,8.0,8.0,-2.0,7.0,26.5,14.4
2004,Proletariat,6.0,7.0,-1.0,4.0,20.0,10.2
2004,StateMemory,8.0,7.0,-3.0,6.0,24.0,13.2
2004,Shopkeepers/Merchants,7.0,8.0,-2.0,6.0,23.0,12.0
2005,Executive,6.0,8.0,-1.0,7.0,23.5,12.4
2005,Army,8.0,9.0,-2.0,6.0,26.0,13.8
2005,Priests,6.0,5.0,-2.0,5.0,16.5,9.3
2005,Property,7.0,8.0,-2.0,6.0,23.0,12.0
2005,Trades/Professions,8.0,8.0,-2.0,7.0,26.5,14.4
2005,Proletariat,6.0,7.0,-1.0,4.0,20.0,10.2
2005,StateMemory,8.0,7.0,-3.0,6.0,24.0,13.2
2005,Shopkeepers/Merchants,7.0,8.0,-2.0,6.0,23.0,12.0
2005,Executive,6.0,8.0,-1.0,7.0,23.5,12.4
2005,Army,8.0,9.0,-2.0,6.0,26.0,13.8
2005,Priests,6.0,5.0,-2.0,5.0,16.5,9.3
2005,Property,7.0,8.0,-2.0,6.0,23.0,12.0
2005,Trades/Professions,8.0,8.0,-2.0,7.0,26.5,14.4
2005,Proletariat,6.0,7.0,-1.0,4.0,20.0,10.2
2005,StateMemory,8.0,7.0,-3.0,6.0,24.0,13.2
2005,Shopkeepers/Merchants,7.0,8.0,-2.0,6.0,23.0,12.0
2006,Executive,6.0,8.0,-1.0,7.0,23.5,12.4
2006,Army,8.0,9.0,-2.0,6.0,26.0,13.8
2006,Priests,6.0,5.0,-2.0,5.0,16.5,9.3
2006,Property,7.0,8.0,-2.0,6.0,23.0,12.0
2006,Trades/Professions,8.0,8.0,-2.0,7.0,26.5,14.4
2006,Proletariat,6.0,7.0,-1.0,4.0,20.0,10.2
2006,StateMemory,8.0,7.0,-3.0,6.0,24.0,13.2
2006,Shopkeepers/Merchants,7.0,8.0,-2.0,6.0,23.0,12.0
2006,Executive,6.0,8.0,-1.0,7.0,23.5,12.4
2006,Army,8.0,9.0,-2.0,6.0,26.0,13.8
2006,Priests,6.0,5.0,-2.0,5.0,16.5,9.3
2006,Property,7.0,8.0,-2.0,6.0,23.0,12.0
2006,Trades/Professions,8.0,8.0,-2.0,7.0,26.5,14.4
2006,Proletariat,6.0,7.0,-1.0,4.0,20.0,10.2
2006,StateMemory,8.0,7.0,-3.0,6.0,24.0,13.2
2006,Shopkeepers/Merchants,7.0,8.0,-2.0,6.0,23.0,12.0
2007,Executive,6.0,8.0,-1.0,7.0,23.5,12.4
2007,Army,8.0,9.0,-2.0,6.0,26.0,13.8
2007,Priests,6.0,5.0,-2.0,5.0,16.5,9.3
2007,Property,7.0,8.0,-2.0,6.0,23.0,12.0
2007,Trades/Professions,8.0,8.0,-2.0,7.0,26.5,14.4
2007,Proletariat,6.0,7.0,-1.0,4.0,20.0,10.2
2007,StateMemory,8.0,7.0,-3.0,6.0,24.0,13.2
2007,Shopkeepers/Merchants,7.0,8.0,-2.0,6.0,23.0,12.0
2007,Executive,6.0,8.0,-1.0,7.0,23.5,12.4
2007,Army,8.0,9.0,-2.0,6.0,26.0,13.8
2007,Priests,6.0,5.0,-2.0,5.0,16.5,9.3
2007,Property,7.0,8.0,-2.0,6.0,23.0,12.0
2007,Trades/Professions,8.0,8.0,-2.0,7.0,26.5,14.4
2007,Proletariat,6.0,7.0,-1.0,4.0,20.0,10.2
2007,StateMemory,8.0,7.0,-3.0,6.0,24.0,13.2
2007,Shopkeepers/Merchants,7.0,8.0,-2.0,6.0,23.0,12.0
2008,Executive,6.0,8.0,-1.0,7.0,23.5,12.4
2008,Army,8.0,9.0,-2.0,6.0,26.0,13.8
2008,Priests,6.0,5.0,-2.0,5.0,16.5,9.3
2008,Property,6.5,7.5,1.0,6.0,21.0,10.4
2008,Trades/Professions,8.0,8.0,-1.0,7.0,27.5,14.1
2008,Proletariat,6.0,6.5,1.0,4.0,18.5,9.3
2008,StateMemory,8.0,7.0,-2.0,6.0,24.0,12.9
2008,Shopkeepers/Merchants,7.0,7.5,1.0,6.0,21.0,10.4
2008,Executive,6.0,8.0,-1.0,7.0,23.5,12.4
2008,Army,8.0,9.0,-2.0,6.0,26.0,13.8
2008,Priests,6.0,5.0,-2.0,5.0,16.5,9.3
2008,Property,6.5,7.5,1.0,6.0,21.0,10.4
2008,Trades/Professions,8.0,8.0,-1.0,7.0,27.5,14.1
2008,Proletariat,6.0,6.5,1.0,4.0,18.5,9.3
2008,StateMemory,8.0,7.0,-2.0,6.0,24.0,12.9
2008,Shopkeepers/Merchants,7.0,7.5,1.0,6.0,21.0,10.4
2009,Executive,6.5,8.0,-1.0,7.0,24.0,12.7
2009,Army,8.0,9.0,-2.0,6.0,26.0,13.8
2009,Priests,6.0,5.0,-2.0,5.0,16.5,9.3
2009,Property,6.0,7.0,2.0,6.0,19.0,9.5
2009,Trades/Professions,8.0,8.0,-1.0,7.0,27.5,14.1
2009,Proletariat,6.0,6.0,2.0,4.0,17.0,8.5
2009,StateMemory,8.0,7.0,-2.0,6.0,24.0,12.9
2009,Shopkeepers/Merchants,7.0,7.0,2.0,6.0,20.0,9.5
2009,Executive,6.5,8.0,-1.0,7.0,24.0,12.7
2009,Army,8.0,9.0,-2.0,6.0,26.0,13.8
2009,Priests,6.0,5.0,-2.0,5.0,16.5,9.3
2009,Property,6.0,7.0,2.0,6.0,19.0,9.5
2009,Trades/Professions,8.0,8.0,-1.0,7.0,27.5,14.1
2009,Proletariat,6.0,6.0,2.0,4.0,17.0,8.5
2009,StateMemory,8.0,7.0,-2.0,6.0,24.0,12.9
2009,Shopkeepers/Merchants,7.0,7.0,2.0,6.0,20.0,9.5
2010,Executive,6.5,8.0,-1.0,7.0,24.0,12.7
2010,Army,8.0,9.0,-2.0,6.0,26.0,13.8
2010,Priests,6.0,5.0,-2.0,5.0,16.5,9.3
2010,Property,6.0,7.0,2.0,6.0,19.0,9.5
2010,Trades/Professions,8.0,8.0,-1.0,7.0,27.5,14.1
2010,Proletariat,6.0,6.0,2.0,4.0,17.0,8.5
2010,StateMemory,8.0,7.0,-2.0,6.0,24.0,12.9
2010,Shopkeepers/Merchants,7.0,7.0,2.0,6.0,20.0,9.5
2010,Executive,6.5,8.0,-1.0,7.0,24.0,12.7
2010,Army,8.0,9.0,-2.0,6.0,26.0,13.8
2010,Priests,6.0,5.0,-2.0,5.0,16.5,9.3
2010,Property,6.0,7.0,2.0,6.0,19.0,9.5
2010,Trades/Professions,8.0,8.0,-1.0,7.0,27.5,14.1
2010,Proletariat,6.0,6.0,2.0,4.0,17.0,8.5
2010,StateMemory,8.0,7.0,-2.0,6.0,24.0,12.9
2010,Shopkeepers/Merchants,7.0,7.0,2.0,6.0,20.0,9.5
2011,Executive,6.5,8.0,-1.0,7.0,24.0,12.7
2011,Army,8.0,9.0,-2.0,6.0,26.0,13.8
2011,Priests,6.0,5.0,-2.0,5.0,16.5,9.3
2011,Property,6.0,7.0,2.0,6.0,19.0,9.5
2011,Trades/Professions,8.0,8.0,-1.0,7.0,27.5,14.1
2011,Proletariat,6.0,6.0,2.0,4.0,17.0,8.5
2011,StateMemory,8.0,7.0,-2.0,6.0,24.0,12.9
2011,Shopkeepers/Merchants,7.0,7.0,2.0,6.0,20.0,9.5
2011,Executive,6.5,8.0,-1.0,7.0,24.0,12.7
2011,Army,8.0,9.0,-2.0,6.0,26.0,13.8
2011,Priests,6.0,5.0,-2.0,5.0,16.5,9.3
2011,Property,6.0,7.0,2.0,6.0,19.0,9.5
2011,Trades/Professions,8.0,8.0,-1.0,7.0,27.5,14.1
2011,Proletariat,6.0,6.0,2.0,4.0,17.0,8.5
2011,StateMemory,8.0,7.0,-2.0,6.0,24.0,12.9
2011,Shopkeepers/Merchants,7.0,7.0,2.0,6.0,20.0,9.5
2012,Executive,6.5,8.0,-1.0,7.0,24.0,12.7
2012,Army,8.0,9.0,-2.0,6.0,26.0,13.8
2012,Priests,6.0,5.0,-2.0,5.0,16.5,9.3
2012,Property,6.0,7.0,2.0,6.0,19.0,9.5
2012,Trades/Professions,8.0,8.0,-1.0,7.0,27.5,14.1
2012,Proletariat,6.0,6.0,2.0,4.0,17.0,8.5
2012,StateMemory,8.0,7.0,-2.0,6.0,24.0,12.9
2012,Shopkeepers/Merchants,7.0,7.0,2.0,6.0,20.0,9.5
2012,Executive,6.5,8.0,-1.0,7.0,24.0,12.7
2012,Army,8.0,9.0,-2.0,6.0,26.0,13.8
2012,Priests,6.0,5.0,-2.0,5.0,16.5,9.3
2012,Property,6.0,7.0,2.0,6.0,19.0,9.5
2012,Trades/Professions,8.0,8.0,-1.0,7.0,27.5,14.1
2012,Proletariat,6.0,6.0,2.0,4.0,17.0,8.5
2012,StateMemory,8.0,7.0,-2.0,6.0,24.0,12.9
2012,Shopkeepers/Merchants,7.0,7.0,2.0,6.0,20.0,9.5
2013,Executive,6.5,8.0,-1.0,7.0,24.0,12.7
2013,Army,8.0,9.0,-2.0,6.0,26.0,13.8
2013,Priests,6.0,5.0,-2.0,5.0,16.5,9.3
2013,Property,6.0,7.0,2.0,6.0,19.0,9.5
2013,Trades/Professions,8.0,8.0,-1.0,7.0,27.5,14.1
2013,Proletariat,6.0,6.0,2.0,4.0,17.0,8.5
2013,StateMemory,8.0,7.0,-2.0,6.0,24.0,12.9
2013,Shopkeepers/Merchants,7.0,7.0,2.0,6.0,20.0,9.5
2013,Executive,6.5,8.0,-1.0,7.0,24.0,12.7
2013,Army,8.0,9.0,-2.0,6.0,26.0,13.8
2013,Priests,6.0,5.0,-2.0,5.0,16.5,9.3
2013,Property,6.0,7.0,2.0,6.0,19.0,9.5
2013,Trades/Professions,8.0,8.0,-1.0,7.0,27.5,14.1
2013,Proletariat,6.0,6.0,2.0,4.0,17.0,8.5
2013,StateMemory,8.0,7.0,-2.0,6.0,24.0,12.9
2013,Shopkeepers/Merchants,7.0,7.0,2.0,6.0,20.0,9.5
2014,Executive,6.5,8.0,-1.0,7.0,24.0,12.7
2014,Army,8.0,9.0,-2.0,6.0,26.0,13.8
2014,Priests,6.0,5.0,-2.0,5.0,16.5,9.3
2014,Property,6.0,7.0,2.0,6.0,19.0,9.5
2014,Trades/Professions,8.0,8.0,-1.0,7.0,27.5,14.1
2014,Proletariat,6.0,6.0,2.0,4.0,17.0,8.5
2014,StateMemory,8.0,7.0,-2.0,6.0,24.0,12.9
2014,Shopkeepers/Merchants,7.0,7.0,2.0,6.0,20.0,9.5
2014,Executive,6.5,8.0,-1.0,7.0,24.0,12.7
2014,Army,8.0,9.0,-2.0,6.0,26.0,13.8
2014,Priests,6.0,5.0,-2.0,5.0,16.5,9.3
2014,Property,6.0,7.0,2.0,6.0,19.0,9.5
2014,Trades/Professions,8.0,8.0,-1.0,7.0,27.5,14.1
2014,Proletariat,6.0,6.0,2.0,4.0,17.0,8.5
2014,StateMemory,8.0,7.0,-2.0,6.0,24.0,12.9
2014,Shopkeepers/Merchants,7.0,7.0,2.0,6.0,20.0,9.5
2015,Executive,6.5,8.0,-1.0,7.0,24.0,12.7
2015,Army,8.0,9.0,-2.0,6.0,26.0,13.8
2015,Priests,6.0,5.0,-2.0,5.0,16.5,9.3
2015,Property,6.0,7.0,2.0,6.0,19.0,9.5
2015,Trades/Professions,8.0,8.0,-1.0,7.0,27.5,14.1
2015,Proletariat,6.0,6.0,2.0,4.0,17.0,8.5
2015,StateMemory,8.0,7.0,-2.0,6.0,24.0,12.9
2015,Shopkeepers/Merchants,7.0,7.0,2.0,6.0,20.0,9.5
2015,Executive,6.5,8.0,-1.0,7.0,24.0,12.7
2015,Army,8.0,9.0,-2.0,6.0,26.0,13.8
2015,Priests,6.0,5.0,-2.0,5.0,16.5,9.3
2015,Property,6.0,7.0,2.0,6.0,19.0,9.5
2015,Trades/Professions,8.0,8.0,-1.0,7.0,27.5,14.1
2015,Proletariat,6.0,6.0,2.0,4.0,17.0,8.5
2015,StateMemory,8.0,7.0,-2.0,6.0,24.0,12.9
2015,Shopkeepers/Merchants,7.0,7.0,2.0,6.0,20.0,9.5
2016,Executive,6.0,8.0,-1.0,7.0,23.5,12.4
2016,Army,8.0,9.0,-2.0,6.0,26.0,13.8
2016,Priests,6.0,5.0,-2.0,5.0,16.5,9.3
2016,Property,6.0,7.0,2.0,6.0,19.0,9.5
2016,Trades/Professions,8.0,8.0,-1.0,7.0,27.5,14.1
2016,Proletariat,6.0,6.0,2.0,4.0,17.0,8.5
2016,StateMemory,8.0,7.0,-2.0,6.0,24.0,12.9
2016,Shopkeepers/Merchants,7.0,7.0,2.0,6.0,20.0,9.5
2016,Executive,6.0,8.0,-1.0,7.0,23.5,12.4
2016,Army,8.0,9.0,-2.0,6.0,26.0,13.8
2016,Priests,6.0,5.0,-2.0,5.0,16.5,9.3
2016,Property,6.0,7.0,2.0,6.0,19.0,9.5
2016,Trades/Professions,8.0,8.0,-1.0,7.0,27.5,14.1
2016,Proletariat,6.0,6.0,2.0,4.0,17.0,8.5
2016,StateMemory,8.0,7.0,-2.0,6.0,24.0,12.9
2016,Shopkeepers/Merchants,7.0,7.0,2.0,6.0,20.0,9.5
2017,Executive,5.5,8.0,-1.0,7.0,23.0,12.1
2017,Army,8.0,9.0,-2.0,6.0,26.0,13.8
2017,Priests,6.0,5.0,-2.0,5.0,16.5,9.3
2017,Property,6.0,7.0,2.0,6.0,19.0,9.5
2017,Trades/Professions,8.0,8.0,-1.0,7.0,27.5,14.1
2017,Proletariat,6.0,6.0,2.0,4.0,17.0,8.5
2017,StateMemory,8.0,7.0,-2.0,6.0,24.0,12.9
2017,Shopkeepers/Merchants,7.0,7.0,2.0,6.0,20.0,9.5
2017,Executive,5.5,8.0,-1.0,7.0,23.0,12.1
2017,Army,8.0,9.0,-2.0,6.0,26.0,13.8
2017,Priests,6.0,5.0,-2.0,5.0,16.5,9.3
2017,Property,6.0,7.0,2.0,6.0,19.0,9.5
2017,Trades/Professions,8.0,8.0,-1.0,7.0,27.5,14.1
2017,Proletariat,6.0,6.0,2.0,4.0,17.0,8.5
2017,StateMemory,8.0,7.0,-2.0,6.0,24.0,12.9
2017,Shopkeepers/Merchants,7.0,7.0,2.0,6.0,20.0,9.5
2018,Executive,5.0,8.0,-1.0,7.0,22.5,11.8
2018,Army,8.0,9.0,-2.0,6.0,26.0,13.8
2018,Priests,6.0,5.0,-2.0,5.0,16.5,9.3
2018,Property,6.0,7.0,2.0,6.0,19.0,9.5
2018,Trades/Professions,8.0,8.0,-1.0,7.0,27.5,14.1
2018,Proletariat,6.0,6.0,2.0,4.0,17.0,8.5
2018,StateMemory,8.0,7.0,-2.0,6.0,24.0,12.9
2018,Shopkeepers/Merchants,7.0,7.0,2.0,6.0,20.0,9.5
2018,Executive,5.0,8.0,-1.0,7.0,22.5,11.8
2018,Army,8.0,9.0,-2.0,6.0,26.0,13.8
2018,Priests,6.0,5.0,-2.0,5.0,16.5,9.3
2018,Property,6.0,7.0,2.0,6.0,19.0,9.5
2018,Trades/Professions,8.0,8.0,-1.0,7.0,27.5,14.1
2018,Proletariat,6.0,6.0,2.0,4.0,17.0,8.5
2018,StateMemory,8.0,7.0,-2.0,6.0,24.0,12.9
2018,Shopkeepers/Merchants,7.0,7.0,2.0,6.0,20.0,9.5
2019,Executive,5.0,8.0,-1.0,7.0,22.5,11.8
2019,Army,8.0,9.0,-2.0,6.0,26.0,13.8
2019,Priests,6.0,5.0,-2.0,5.0,16.5,9.3
2019,Property,6.0,7.0,2.0,6.0,19.0,9.5
2019,Trades/Professions,8.0,8.0,-1.0,7.0,27.5,14.1
2019,Proletariat,6.0,6.0,2.0,4.0,17.0,8.5
2019,StateMemory,8.0,7.0,-2.0,6.0,24.0,12.9
2019,Shopkeepers/Merchants,7.0,7.0,2.0,6.0,20.0,9.5
2019,Executive,5.0,8.0,-1.0,7.0,22.5,11.8
2019,Army,8.0,9.0,-2.0,6.0,26.0,13.8
2019,Priests,6.0,5.0,-2.0,5.0,16.5,9.3
2019,Property,6.0,7.0,2.0,6.0,19.0,9.5
2019,Trades/Professions,8.0,8.0,-1.0,7.0,27.5,14.1
2019,Proletariat,6.0,6.0,2.0,4.0,17.0,8.5
2019,StateMemory,8.0,7.0,-2.0,6.0,24.0,12.9
2019,Shopkeepers/Merchants,7.0,7.0,2.0,6.0,20.0,9.5
2020,Executive,4.5,8.0,1.0,7.0,21.0,10.7
2020,Army,8.0,9.0,-1.0,6.0,27.0,13.5
2020,Priests,5.5,5.0,-1.0,5.0,17.0,9.0
2020,Property,6.0,7.0,2.0,6.0,19.0,9.5
2020,Trades/Professions,7.5,8.0,-1.0,7.0,27.0,13.8
2020,Proletariat,5.5,6.0,2.0,4.0,16.5,8.2
2020,StateMemory,7.5,7.0,-1.0,6.0,24.0,12.6
2020,Shopkeepers/Merchants,6.5,7.0,2.0,6.0,19.5,9.2
2020,Executive,4.5,8.0,1.0,7.0,21.0,10.7
2020,Army,8.0,9.0,-1.0,6.0,27.0,13.5
2020,Priests,5.5,5.0,-1.0,5.0,17.0,9.0
2020,Property,6.0,7.0,2.0,6.0,19.0,9.5
2020,Trades/Professions,7.5,8.0,-1.0,7.0,27.0,13.8
2020,Proletariat,5.5,6.0,2.0,4.0,16.5,8.2
2020,StateMemory,7.5,7.0,-1.0,6.0,24.0,12.6
2020,Shopkeepers/Merchants,6.5,7.0,2.0,6.0,19.5,9.2
2021,Executive,4.0,8.0,2.0,7.0,20.5,10.1
2021,Army,8.0,9.0,-1.0,6.0,27.0,13.5
2021,Priests,5.0,5.0,-1.0,5.0,16.5,8.7
2021,Property,6.0,7.0,2.0,6.0,19.0,9.5
2021,Trades/Professions,7.0,8.0,-1.0,7.0,26.5,13.5
2021,Proletariat,5.0,6.0,2.0,4.0,16.0,7.9
2021,StateMemory,7.0,7.0,-1.0,6.0,23.5,12.3
2021,Shopkeepers/Merchants,6.0,7.0,2.0,6.0,19.0,9.2
2021,Executive,4.0,8.0,2.0,7.0,20.5,10.1
2021,Army,8.0,9.0,-1.0,6.0,27.0,13.5
2021,Priests,5.0,5.0,-1.0,5.0,16.5,8.7
2021,Property,6.0,7.0,2.0,6.0,19.0,9.5
2021,Trades/Professions,7.0,8.0,-1.0,7.0,26.5,13.5
2021,Proletariat,5.0,6.0,2.0,4.0,16.0,7.9
2021,StateMemory,7.0,7.0,-1.0,6.0,23.5,12.3
2021,Shopkeepers/Merchants,6.0,7.0,2.0,6.0,19.0,9.2
2022,Executive,4.5,8.0,1.0,7.0,21.0,10.7
2022,Army,8.0,9.0,-1.0,6.0,27.0,13.5
2022,Priests,5.5,5.0,-1.0,5.0,17.0,9.0
2022,Property,6.0,7.0,2.0,6.0,19.0,9.5
2022,Trades/Professions,7.5,8.0,-1.0,7.0,27.0,13.8
2022,Proletariat,5.5,6.0,2.0,4.0,16.5,8.2
2022,StateMemory,7.5,7.0,-1.0,6.0,24.0,12.6
2022,Shopkeepers/Merchants,6.5,7.0,2.0,6.0,19.5,9.2
2022,Executive,4.5,8.0,1.0,7.0,21.0,10.7
2022,Army,8.0,9.0,-1.0,6.0,27.0,13.5
2022,Priests,5.5,5.0,-1.0,5.0,17.0,9.0
2022,Property,6.0,7.0,2.0,6.0,19.0,9.5
2022,Trades/Professions,7.5,8.0,-1.0,7.0,27.0,13.8
2022,Proletariat,5.5,6.0,2.0,4.0,16.5,8.2
2022,StateMemory,7.5,7.0,-1.0,6.0,24.0,12.6
2022,Shopkeepers/Merchants,6.5,7.0,2.0,6.0,19.5,9.2
2023,Executive,5.0,8.0,0.0,7.0,22.5,11.8
2023,Army,8.0,9.0,-2.0,6.0,26.0,13.8
2023,Priests,6.0,5.0,-2.0,5.0,16.5,9.3
2023,Property,6.0,7.0,2.0,6.0,19.0,9.5
2023,Trades/Professions,8.0,8.0,-1.0,7.0,27.5,14.1
2023,Proletariat,6.0,6.0,2.0,4.0,17.0,8.5
2023,StateMemory,8.0,7.0,-2.0,6.0,24.0,12.9
2023,Shopkeepers/Merchants,7.0,7.0,2.0,6.0,20.0,9.5
2023,Executive,5.0,8.0,0.0,7.0,22.5,11.8
2023,Army,8.0,9.0,-2.0,6.0,26.0,13.8
2023,Priests,6.0,5.0,-2.0,5.0,16.5,9.3
2023,Property,6.0,7.0,2.0,6.0,19.0,9.5
2023,Trades/Professions,8.0,8.0,-1.0,7.0,27.5,14.1
2023,Proletariat,6.0,6.0,2.0,4.0,17.0,8.5
2023,StateMemory,8.0,7.0,-2.0,6.0,24.0,12.9
2023,Shopkeepers/Merchants,7.0,7.0,2.0,6.0,20.0,9.5
2024,Executive,4.0,6.0,0.5,5.0,12.0,6.0
2024,Army,5.0,7.0,-1.0,4.0,15.0,4.5
2024,Priests,2.0,3.0,2.0,5.0,5.5,2.333333333
2024,Property,6.0,6.0,0.5,4.0,13.5,6.666666667
2024,Trades/Professions,5.0,5.0,0.5,5.0,12.0,6.666666667
2024,Proletariat,4.0,4.0,2.0,3.0,7.5,2.333333333
2024,StateMemory,5.0,6.0,0.5,5.0,13.0,6.666666667
2024,Shopkeepers/Merchants,4.0,5.0,0.5,4.0,10.5,5.333333333
2025,Executive,3.8,5.8,1.0,4.8,11.0,4.3
2025,Army,4.8,6.8,-0.8,3.8,14.3,4.777777778
2025,Priests,1.8,2.8,2.5,4.8,4.5,1.885714286
2025,Property,5.8,5.8,1.0,3.8,12.5,4.8
2025,Trades/Professions,4.8,4.8,1.0,4.8,11.0,4.8
2025,Proletariat,3.8,3.8,2.5,2.8,6.5,1.885714286
2025,StateMemory,4.8,5.8,1.0,4.8,12.0,4.8
2025,Shopkeepers/Merchants,3.8,4.8,1.0,3.8,9.5,3.8
