Society,Year,Node,Coherence,Capacity,Stress,Abstraction,Node Value,Bond Strength
Markerxcxa,1900,Archive,5,4,8,7,4.5,1.207
Markerxcxa,1900,Craft,4,4,8,4,2.0,1.052
Markerxcxa,1900,Flow,3,4,9,5,0.5,0.964
Markerxcxa,1900,Hands,3,4,9,3,-0.5,0.889
Markerxcxa,1900,Helm,2,2,10,5,-3.5,0.743
Markerxcxa,1900,Lore,4,4,9,5,2.5,1.054
Markerxcxa,1900,Shield,2,2,10,4,-4.0,0.712
Markerxcxa,1900,Stewards,3,4,9,5,0.5,0.987
Markerxcxa,1901,Archive,5,4,8,7,4.5,1.207
Markerxcxa,1901,Craft,4,4,8,4,2.0,1.052
Markerxcxa,1901,Flow,3,4,9,5,0.5,0.964
Markerxcxa,1901,Hands,3,4,9,3,-0.5,0.889
Markerxcxa,1901,Helm,3,3,9,5,-0.5,0.905
Markerxcxa,1901,Lore,4,4,9,5,2.5,1.054
Markerxcxa,1901,Shield,3,3,9,4,-1.0,0.856
Markerxcxa,1901,Stewards,3,4,9,5,0.5,0.987
Markerxcxa,1902,Archive,5,4,7,7,5.5,1.285
Markerxcxa,1902,Craft,4,4,7,4,3.0,1.108
Markerxcxa,1902,Flow,4,4,8,5,2.5,1.102
Markerxcxa,1902,Hands,4,4,8,3,1.5,1.045
Markerxcxa,1902,Helm,4,4,8,6,3.0,1.132
Markerxcxa,1902,Lore,5,5,7,6,6.0,1.320
Markerxcxa,1902,Shield,4,4,8,5,2.5,1.102
Markerxcxa,1902,Stewards,4,5,8,5,3.5,1.178
Markerxcxa,1903,Archive,5,5,7,7,6.5,1.345
Markerxcxa,1903,Craft,5,5,7,5,5.5,1.278
Markerxcxa,1903,Flow,5,5,7,5,5.5,1.278
Markerxcxa,1903,Hands,4,5,7,4,4.0,1.204
Markerxcxa,1903,Helm,4,4,8,6,3.0,1.132
Markerxcxa,1903,Lore,5,5,7,6,6.0,1.320
Markerxcxa,1903,Shield,4,4,8,5,2.5,1.102
Markerxcxa,1903,Stewards,5,5,7,5,5.5,1.278
Markerxcxa,1904,Archive,5,5,7,7,6.5,1.345
Markerxcxa,1904,Craft,5,5,7,5,5.5,1.278
Markerxcxa,1904,Flow,5,5,7,5,5.5,1.278
Markerxcxa,1904,Hands,4,5,7,4,4.0,1.204
Markerxcxa,1904,Helm,4,4,8,6,3.0,1.132
Markerxcxa,1904,Lore,5,5,7,6,6.0,1.320
Markerxcxa,1904,Shield,4,4,8,5,2.5,1.102
Markerxcxa,1904,Stewards,5,5,7,5,5.5,1.278
Markerxcxa,1905,Archive,6,5,6,8,9.0,1.521
Markerxcxa,1905,Craft,5,5,7,5,5.5,1.278
Markerxcxa,1905,Flow,5,5,7,5,5.5,1.278
Markerxcxa,1905,Hands,4,5,7,4,4.0,1.204
Markerxcxa,1905,Helm,5,5,7,6,6.0,1.320
Markerxcxa,1905,Lore,6,6,6,7,9.5,1.543
Markerxcxa,1905,Shield,4,5,7,5,4.5,1.204
Markerxcxa,1905,Stewards,5,5,7,5,5.5,1.278
Markerxcxa,1906,Archive,6,6,6,8,10.0,1.602
Markerxcxa,1906,Craft,5,5,6,5,6.5,1.345
Markerxcxa,1906,Flow,5,5,6,5,6.5,1.345
Markerxcxa,1906,Hands,5,5,6,4,6.0,1.320
Markerxcxa,1906,Helm,5,5,7,6,6.0,1.320
Markerxcxa,1906,Lore,6,6,6,7,9.5,1.543
Markerxcxa,1906,Shield,5,5,7,5,5.5,1.278
Markerxcxa,1906,Stewards,5,6,6,5,7.5,1.402
Markerxcxa,1907,Archive,6,6,6,8,10.0,1.602
Markerxcxa,1907,Craft,5,5,6,5,6.5,1.345
Markerxcxa,1907,Flow,5,5,6,5,6.5,1.345
Markerxcxa,1907,Hands,5,5,6,4,6.0,1.320
Markerxcxa,1907,Helm,5,5,7,6,6.0,1.320
Markerxcxa,1907,Lore,6,6,6,7,9.5,1.543
Markerxcxa,1907,Shield,5,5,7,5,5.5,1.278
Markerxcxa,1907,Stewards,5,6,6,5,7.5,1.402
Markerxcxa,1908,Archive,6,6,7,8,9.0,1.521
Markerxcxa,1908,Craft,5,5,7,5,5.5,1.278
Markerxcxa,1908,Flow,5,5,7,5,5.5,1.278
Markerxcxa,1908,Hands,5,5,7,4,5.0,1.245
Markerxcxa,1908,Helm,4,4,8,6,3.0,1.132
Markerxcxa,1908,Lore,5,6,7,7,7.5,1.402
Markerxcxa,1908,Shield,5,5,8,5,4.5,1.204
Markerxcxa,1908,Stewards,5,6,7,5,6.5,1.345
Markerxcxa,1909,Archive,6,6,7,8,9.0,1.521
Markerxcxa,1909,Craft,5,5,7,5,5.5,1.278
Markerxcxa,1909,Flow,5,5,7,5,5.5,1.278
Markerxcxa,1909,Hands,5,5,7,4,5.0,1.245
Markerxcxa,1909,Helm,4,4,8,6,3.0,1.132
Markerxcxa,1909,Lore,5,6,7,7,7.5,1.402
Markerxcxa,1909,Shield,5,5,8,5,4.5,1.204
Markerxcxa,1909,Stewards,5,6,7,5,6.5,1.345
Markerxcxa,1910,Archive,6,6,8,8,8.0,1.402
Markerxcxa,1910,Craft,4,5,8,5,3.5,1.178
Markerxcxa,1910,Flow,4,5,8,5,3.5,1.178
Markerxcxa,1910,Hands,4,5,8,4,3.0,1.132
Markerxcxa,1910,Helm,3,3,9,6,0.0,0.964
Markerxcxa,1910,Lore,4,5,8,7,4.5,1.245
Markerxcxa,1910,Shield,4,5,9,5,2.5,1.102
Markerxcxa,1910,Stewards,4,5,8,5,3.5,1.178
Markerxcxa,1911,Archive,5,5,9,8,5.0,1.178
Markerxcxa,1911,Craft,3,4,9,5,0.5,0.964
Markerxcxa,1911,Flow,3,4,9,5,0.5,0.964
Markerxcxa,1911,Hands,3,4,9,4,0.0,0.932
Markerxcxa,1911,Helm,2,2,10,6,-3.0,0.743
Markerxcxa,1911,Lore,3,4,9,7,1.5,1.021
Markerxcxa,1911,Shield,3,4,10,5,-0.5,0.856
Markerxcxa,1911,Stewards,3,4,9,5,0.5,0.964
Markerxcxa,1912,Archive,5,5,8,8,6.0,1.172
Markerxcxa,1912,Craft,4,4,8,5,2.5,1.002
Markerxcxa,1912,Flow,4,4,8,5,2.5,1.002
Markerxcxa,1912,Hands,4,4,8,4,2.0,0.965
Markerxcxa,1912,Helm,3,3,9,6,0.0,0.938
Markerxcxa,1912,Lore,4,4,8,7,3.5,1.078
Markerxcxa,1912,Shield,4,4,8,5,2.5,1.002
Markerxcxa,1912,Stewards,4,4,8,5,2.5,1.002
Markerxcxa,1913,Archive,5,5,8,8,6.0,1.172
Markerxcxa,1913,Craft,4,4,8,5,2.5,1.002
Markerxcxa,1913,Flow,4,4,8,5,2.5,1.002
Markerxcxa,1913,Hands,4,4,8,4,2.0,0.965
Markerxcxa,1913,Helm,3,3,9,6,0.0,0.938
Markerxcxa,1913,Lore,4,4,8,7,3.5,1.078
Markerxcxa,1913,Shield,4,5,8,5,3.5,1.002
Markerxcxa,1913,Stewards,4,4,8,5,2.5,1.002
Markerxcxa,1914,Archive,5,5,8,8,6.0,1.172
Markerxcxa,1914,Craft,4,4,8,5,2.5,1.002
Markerxcxa,1914,Flow,4,4,8,5,2.5,1.002
Markerxcxa,1914,Hands,4,4,8,4,2.0,0.965
Markerxcxa,1914,Helm,3,3,9,6,0.0,0.938
Markerxcxa,1914,Lore,4,4,8,7,3.5,1.078
Markerxcxa,1914,Shield,4,5,8,5,3.5,1.002
Markerxcxa,1914,Stewards,4,4,8,5,2.5,1.002
Markerxcxa,1915,Archive,5,5,8,8,6.0,1.122
Markerxcxa,1915,Craft,4,4,8,5,2.5,0.961
Markerxcxa,1915,Flow,4,4,8,5,2.5,0.961
Markerxcxa,1915,Hands,4,4,8,4,2.0,0.925
Markerxcxa,1915,Helm,2,3,10,6,-2.0,0.777
Markerxcxa,1915,Lore,3,4,9,7,1.5,0.931
Markerxcxa,1915,Shield,3,5,9,5,1.5,0.872
Markerxcxa,1915,Stewards,4,4,9,5,1.5,0.961
Markerxcxa,1916,Archive,5,5,8,8,6.0,1.107
Markerxcxa,1916,Craft,4,4,8,5,2.5,0.949
Markerxcxa,1916,Flow,4,4,8,5,2.5,0.949
Markerxcxa,1916,Hands,4,4,8,4,2.0,0.914
Markerxcxa,1916,Helm,2,2,10,6,-3.0,0.763
Markerxcxa,1916,Lore,3,4,9,7,1.5,0.920
Markerxcxa,1916,Shield,3,5,9,5,1.5,0.861
Markerxcxa,1916,Stewards,3,4,9,5,0.5,0.912
Markerxcxa,1917,Archive,5,5,7,8,7.0,1.241
Markerxcxa,1917,Craft,4,4,7,5,3.5,1.063
Markerxcxa,1917,Flow,4,4,7,5,3.5,1.063
Markerxcxa,1917,Hands,4,4,7,4,3.0,1.023
Markerxcxa,1917,Helm,2,2,9,6,-2.0,0.871
Markerxcxa,1917,Lore,4,4,8,7,3.5,1.129
Markerxcxa,1917,Shield,3,5,8,5,2.5,0.993
Markerxcxa,1917,Stewards,3,4,8,5,1.5,0.993
Markerxcxa,1918,Archive,5,5,7,8,7.0,1.241
Markerxcxa,1918,Craft,4,4,7,5,3.5,1.063
Markerxcxa,1918,Flow,4,4,7,5,3.5,1.063
Markerxcxa,1918,Hands,4,4,7,4,3.0,1.023
Markerxcxa,1918,Helm,2,2,9,6,-2.0,0.871
Markerxcxa,1918,Lore,4,4,8,7,3.5,1.129
Markerxcxa,1918,Shield,3,5,8,5,2.5,0.993
Markerxcxa,1918,Stewards,3,4,8,5,1.5,0.993
Markerxcxa,1919,Archive,5,5,7,8,7.0,1.207
Markerxcxa,1919,Craft,4,4,7,6,4.0,1.046
Markerxcxa,1919,Flow,4,4,8,6,3.0,1.016
Markerxcxa,1919,Hands,4,4,7,4,3.0,1.001
Markerxcxa,1919,Helm,2,2,9,6,-2.0,0.846
Markerxcxa,1919,Lore,4,4,9,8,3.0,1.090
Markerxcxa,1919,Shield,3,5,8,5,2.5,0.971
Markerxcxa,1919,Stewards,3,4,8,5,1.5,0.971
Markerxcxa,1920,Archive,5,5,7,8,7.0,1.222
Markerxcxa,1920,Craft,4,4,7,6,4.0,1.059
Markerxcxa,1920,Flow,4,4,7,6,4.0,1.059
Markerxcxa,1920,Hands,4,4,7,4,3.0,1.023
Markerxcxa,1920,Helm,2,2,9,6,-2.0,0.866
Markerxcxa,1920,Lore,4,4,8,8,4.0,1.129
Markerxcxa,1920,Shield,3,5,8,5,2.5,0.993
Markerxcxa,1920,Stewards,3,4,8,5,1.5,0.993
Markerxcxa,1921,Archive,5,5,7,8,7.0,1.222
Markerxcxa,1921,Craft,4,4,7,6,4.0,1.059
Markerxcxa,1921,Flow,4,4,7,6,4.0,1.059
Markerxcxa,1921,Hands,4,4,7,4,3.0,1.023
Markerxcxa,1921,Helm,2,2,9,6,-2.0,0.866
Markerxcxa,1921,Lore,4,4,8,8,4.0,1.129
Markerxcxa,1921,Shield,3,5,8,5,2.5,0.993
Markerxcxa,1921,Stewards,3,4,8,5,1.5,0.993
Markerxcxa,1922,Archive,5,5,7,8,7.0,1.233
Markerxcxa,1922,Craft,4,4,7,6,4.0,1.069
Markerxcxa,1922,Flow,4,4,7,6,4.0,1.069
Markerxcxa,1922,Hands,4,4,7,4,3.0,1.041
Markerxcxa,1922,Helm,2,2,9,6,-2.0,0.904
Markerxcxa,1922,Lore,4,4,8,8,4.0,1.146
Markerxcxa,1922,Shield,3,5,8,5,2.5,0.969
Markerxcxa,1922,Stewards,3,4,8,5,1.5,0.969
Markerxcxa,1923,Archive,5,5,7,8,7.0,1.233
Markerxcxa,1923,Craft,4,4,7,6,4.0,1.069
Markerxcxa,1923,Flow,4,4,7,6,4.0,1.069
Markerxcxa,1923,Hands,4,4,7,4,3.0,1.041
Markerxcxa,1923,Helm,2,2,9,6,-2.0,0.904
Markerxcxa,1923,Lore,4,4,8,8,4.0,1.146
Markerxcxa,1923,Shield,3,5,8,5,2.5,0.969
Markerxcxa,1923,Stewards,3,4,8,5,1.5,0.969
Markerxcxa,1924,Archive,5,5,7,8,7.0,1.233
Markerxcxa,1924,Craft,4,4,7,6,4.0,1.069
Markerxcxa,1924,Flow,4,4,7,6,4.0,1.069
Markerxcxa,1924,Hands,4,4,7,4,3.0,1.041
Markerxcxa,1924,Helm,2,2,9,6,-2.0,0.904
Markerxcxa,1924,Lore,4,4,8,8,4.0,1.146
Markerxcxa,1924,Shield,3,5,8,5,2.5,0.969
Markerxcxa,1924,Stewards,3,4,8,5,1.5,0.969
Markerxcxa,1925,Archive,5,5,7,8,7.0,1.233
Markerxcxa,1925,Craft,4,4,7,6,4.0,1.069
Markerxcxa,1925,Flow,4,4,7,6,4.0,1.069
Markerxcxa,1925,Hands,4,4,7,4,3.0,1.041
Markerxcxa,1925,Helm,2,2,9,6,-2.0,0.904
Markerxcxa,1925,Lore,5,5,7,8,8.0,1.297
Markerxcxa,1925,Shield,3,5,8,5,2.5,0.969
Markerxcxa,1925,Stewards,3,4,8,5,1.5,0.969
Markerxcxa,1926,Archive,5,5,6,8,8.0,1.345
Markerxcxa,1926,Craft,4,5,6,6,6.0,1.222
Markerxcxa,1926,Flow,4,5,6,6,6.0,1.222
Markerxcxa,1926,Hands,4,5,6,4,5.0,1.185
Markerxcxa,1926,Helm,3,3,8,6,1.0,1.069
Markerxcxa,1926,Lore,5,5,7,8,8.0,1.297
Markerxcxa,1926,Shield,5,6,7,6,7.0,1.297
Markerxcxa,1926,Stewards,4,5,7,5,4.5,1.185
Markerxcxa,1927,Archive,5,5,6,8,8.0,1.345
Markerxcxa,1927,Craft,4,5,6,6,6.0,1.222
Markerxcxa,1927,Flow,4,5,6,6,6.0,1.222
Markerxcxa,1927,Hands,4,5,6,4,5.0,1.185
Markerxcxa,1927,Helm,4,4,8,6,3.0,1.132
Markerxcxa,1927,Lore,5,5,7,8,8.0,1.297
Markerxcxa,1927,Shield,6,7,7,6,9.0,1.402
Markerxcxa,1927,Stewards,4,5,7,5,4.5,1.185
Markerxcxa,1928,Archive,6,6,6,8,10.0,1.602
Markerxcxa,1928,Craft,5,5,6,6,7.0,1.345
Markerxcxa,1928,Flow,5,5,6,6,7.0,1.345
Markerxcxa,1928,Hands,5,5,6,4,6.0,1.320
Markerxcxa,1928,Helm,5,5,7,6,6.0,1.320
Markerxcxa,1928,Lore,6,6,6,8,10.0,1.602
Markerxcxa,1928,Shield,6,7,7,6,9.0,1.402
Markerxcxa,1928,Stewards,5,6,6,5,7.5,1.402
Markerxcxa,1929,Archive,6,6,6,8,10.0,1.602
Markerxcxa,1929,Craft,5,5,6,6,7.0,1.345
Markerxcxa,1929,Flow,5,5,6,6,7.0,1.345
Markerxcxa,1929,Hands,5,5,6,4,6.0,1.320
Markerxcxa,1929,Helm,5,5,7,6,6.0,1.320
Markerxcxa,1929,Lore,6,6,6,8,10.0,1.602
Markerxcxa,1929,Shield,6,7,7,6,9.0,1.402
Markerxcxa,1929,Stewards,5,6,6,5,7.5,1.402
Markerxcxa,1930,Archive,6,6,6,8,10.0,1.602
Markerxcxa,1930,Craft,5,5,6,6,7.0,1.345
Markerxcxa,1930,Flow,5,5,6,6,7.0,1.345
Markerxcxa,1930,Hands,5,5,6,4,6.0,1.320
Markerxcxa,1930,Helm,4,5,8,6,4.0,1.185
Markerxcxa,1930,Lore,6,6,6,8,10.0,1.602
Markerxcxa,1930,Shield,6,7,7,6,9.0,1.402
Markerxcxa,1930,Stewards,5,6,6,5,7.5,1.402
Markerxcxa,1931,Archive,6,6,7,8,9.0,1.521
Markerxcxa,1931,Craft,5,5,7,6,6.0,1.278
Markerxcxa,1931,Flow,5,5,7,6,6.0,1.278
Markerxcxa,1931,Hands,5,5,7,4,5.0,1.245
Markerxcxa,1931,Helm,4,4,9,6,2.0,1.045
Markerxcxa,1931,Lore,6,6,7,8,9.0,1.521
Markerxcxa,1931,Shield,5,6,9,6,5.0,1.185
Markerxcxa,1931,Stewards,5,6,7,5,6.5,1.345
Markerxcxa,1932,Archive,6,6,7,8,9.0,1.521
Markerxcxa,1932,Craft,5,5,7,6,6.0,1.278
Markerxcxa,1932,Flow,5,5,7,6,6.0,1.278
Markerxcxa,1932,Hands,5,5,7,4,5.0,1.245
Markerxcxa,1932,Helm,4,4,9,6,2.0,1.045
Markerxcxa,1932,Lore,6,6,7,8,9.0,1.521
Markerxcxa,1932,Shield,5,6,9,6,5.0,1.185
Markerxcxa,1932,Stewards,5,6,7,5,6.5,1.345
Markerxcxa,1933,Archive,6,6,7,8,9.0,1.521
Markerxcxa,1933,Craft,5,5,7,6,6.0,1.278
Markerxcxa,1933,Flow,5,5,7,6,6.0,1.278
Markerxcxa,1933,Hands,5,5,7,4,5.0,1.245
Markerxcxa,1933,Helm,4,4,9,6,2.0,1.045
Markerxcxa,1933,Lore,6,6,7,8,9.0,1.521
Markerxcxa,1933,Shield,5,6,9,6,5.0,1.185
Markerxcxa,1933,Stewards,5,6,7,5,6.5,1.345
Markerxcxa,1934,Archive,6,6,7,8,9.0,1.521
Markerxcxa,1934,Craft,5,5,7,6,6.0,1.278
Markerxcxa,1934,Flow,5,5,7,6,6.0,1.278
Markerxcxa,1934,Hands,5,5,7,4,5.0,1.245
Markerxcxa,1934,Helm,4,4,9,6,2.0,1.045
Markerxcxa,1934,Lore,6,6,7,8,9.0,1.521
Markerxcxa,1934,Shield,6,6,9,6,6.0,1.204
Markerxcxa,1934,Stewards,5,6,7,5,6.5,1.345
Markerxcxa,1935,Archive,6,6,7,8,9.0,1.521
Markerxcxa,1935,Craft,5,5,7,6,6.0,1.278
Markerxcxa,1935,Flow,5,5,7,6,6.0,1.278
Markerxcxa,1935,Hands,5,5,7,4,5.0,1.245
Markerxcxa,1935,Helm,4,4,9,6,2.0,1.045
Markerxcxa,1935,Lore,6,6,7,8,9.0,1.521
Markerxcxa,1935,Shield,6,6,9,6,6.0,1.204
Markerxcxa,1935,Stewards,5,6,7,5,6.5,1.345
Markerxcxa,1936,Archive,6,6,7,8,9.0,1.521
Markerxcxa,1936,Craft,5,5,7,6,6.0,1.278
Markerxcxa,1936,Flow,5,5,7,6,6.0,1.278
Markerxcxa,1936,Hands,5,5,7,4,5.0,1.245
Markerxcxa,1936,Helm,5,5,8,6,5.0,1.185
Markerxcxa,1936,Lore,6,6,7,8,9.0,1.521
Markerxcxa,1936,Shield,6,6,8,6,7.0,1.297
Markerxcxa,1936,Stewards,5,6,7,5,6.5,1.345
Markerxcxa,1937,Archive,6,6,8,8,8.0,1.402
Markerxcxa,1937,Craft,5,5,8,6,5.0,1.178
Markerxcxa,1937,Flow,5,5,8,6,5.0,1.178
Markerxcxa,1937,Hands,5,5,8,4,4.0,1.132
Markerxcxa,1937,Helm,5,5,8,6,5.0,1.178
Markerxcxa,1937,Lore,6,6,8,8,8.0,1.402
Markerxcxa,1937,Shield,7,7,8,6,10.0,1.402
Markerxcxa,1937,Stewards,5,6,8,5,5.5,1.245
Markerxcxa,1938,Archive,6,6,8,8,8.0,1.402
Markerxcxa,1938,Craft,5,5,8,6,5.0,1.178
Markerxcxa,1938,Flow,5,5,8,6,5.0,1.178
Markerxcxa,1938,Hands,5,5,8,4,4.0,1.132
Markerxcxa,1938,Helm,5,5,8,6,5.0,1.178
Markerxcxa,1938,Lore,6,6,8,8,8.0,1.402
Markerxcxa,1938,Shield,7,7,8,6,10.0,1.402
Markerxcxa,1938,Stewards,5,6,8,5,5.5,1.245
Markerxcxa,1939,Archive,6,6,8,8,8.0,1.402
Markerxcxa,1939,Craft,5,5,8,6,5.0,1.178
Markerxcxa,1939,Flow,5,5,8,6,5.0,1.178
Markerxcxa,1939,Hands,5,5,8,4,4.0,1.132
Markerxcxa,1939,Helm,5,5,8,6,5.0,1.178
Markerxcxa,1939,Lore,6,6,8,8,8.0,1.402
Markerxcxa,1939,Shield,7,7,8,6,10.0,1.402
Markerxcxa,1939,Stewards,5,6,8,5,5.5,1.245
Markerxcxa,1940,Archive,6,6,8,8,8.0,1.402
Markerxcxa,1940,Craft,5,5,8,6,5.0,1.178
Markerxcxa,1940,Flow,5,5,8,6,5.0,1.178
Markerxcxa,1940,Hands,5,5,8,4,4.0,1.132
Markerxcxa,1940,Helm,5,5,8,6,5.0,1.178
Markerxcxa,1940,Lore,6,6,8,8,8.0,1.402
Markerxcxa,1940,Shield,7,7,8,6,10.0,1.402
Markerxcxa,1940,Stewards,5,6,8,5,5.5,1.245
Markerxcxa,1941,Archive,6,6,8,8,8.0,1.402
Markerxcxa,1941,Craft,5,5,8,6,5.0,1.178
Markerxcxa,1941,Flow,5,5,8,6,5.0,1.178
Markerxcxa,1941,Hands,5,5,8,4,4.0,1.132
Markerxcxa,1941,Helm,5,5,8,6,5.0,1.178
Markerxcxa,1941,Lore,6,6,8,8,8.0,1.402
Markerxcxa,1941,Shield,7,7,8,6,10.0,1.402
Markerxcxa,1941,Stewards,5,6,8,5,5.5,1.245
Markerxcxa,1942,Archive,6,6,9,8,7.0,1.278
Markerxcxa,1942,Craft,5,5,9,6,4.0,1.069
Markerxcxa,1942,Flow,5,5,9,6,4.0,1.069
Markerxcxa,1942,Hands,5,5,9,4,3.0,1.023
Markerxcxa,1942,Helm,4,4,9,6,2.0,1.045
Markerxcxa,1942,Lore,6,6,9,8,7.0,1.278
Markerxcxa,1942,Shield,7,7,9,6,9.0,1.297
Markerxcxa,1942,Stewards,5,6,9,5,4.5,1.132
Markerxcxa,1943,Archive,6,6,9,8,7.0,1.278
Markerxcxa,1943,Craft,5,5,9,6,4.0,1.069
Markerxcxa,1943,Flow,5,5,9,6,4.0,1.069
Markerxcxa,1943,Hands,5,5,9,4,3.0,1.023
Markerxcxa,1943,Helm,4,4,9,6,2.0,1.045
Markerxcxa,1943,Lore,6,6,9,8,7.0,1.278
Markerxcxa,1943,Shield,7,7,9,6,9.0,1.297
Markerxcxa,1943,Stewards,5,6,9,5,4.5,1.132
Markerxcxa,1944,Archive,6,6,9,8,7.0,1.278
Markerxcxa,1944,Craft,5,5,9,6,4.0,1.069
Markerxcxa,1944,Flow,5,5,9,6,4.0,1.069
Markerxcxa,1944,Hands,5,5,9,4,3.0,1.023
Markerxcxa,1944,Helm,4,4,9,6,2.0,1.045
Markerxcxa,1944,Lore,6,6,9,8,7.0,1.278
Markerxcxa,1944,Shield,7,7,9,6,9.0,1.297
Markerxcxa,1944,Stewards,5,6,9,5,4.5,1.132
Markerxcxa,1945,Archive,6,6,9,8,7.0,1.278
Markerxcxa,1945,Craft,5,5,9,6,4.0,1.069
Markerxcxa,1945,Flow,5,5,9,6,4.0,1.069
Markerxcxa,1945,Hands,5,5,9,4,3.0,1.023
Markerxcxa,1945,Helm,4,4,9,6,2.0,1.045
Markerxcxa,1945,Lore,6,6,9,8,7.0,1.278
Markerxcxa,1945,Shield,7,7,9,6,9.0,1.297
Markerxcxa,1945,Stewards,5,6,9,5,4.5,1.132
Markerxcxa,1946,Archive,6,6,9,8,7.0,1.278
Markerxcxa,1946,Craft,5,5,9,6,4.0,1.069
Markerxcxa,1946,Flow,5,5,9,6,4.0,1.069
Markerxcxa,1946,Hands,5,5,9,4,3.0,1.023
Markerxcxa,1946,Helm,3,4,10,6,0.0,0.932
Markerxcxa,1946,Lore,6,6,9,8,7.0,1.278
Markerxcxa,1946,Shield,7,7,9,6,9.0,1.297
Markerxcxa,1946,Stewards,4,5,10,5,1.5,0.965
Markerxcxa,1947,Archive,6,6,9,8,7.0,1.278
Markerxcxa,1947,Craft,4,5,9,6,3.0,1.045
Markerxcxa,1947,Flow,4,5,10,6,2.0,0.993
Markerxcxa,1947,Hands,4,5,10,4,1.0,0.949
Markerxcxa,1947,Helm,3,3,10,6,-1.0,0.889
Markerxcxa,1947,Lore,6,6,9,8,7.0,1.278
Markerxcxa,1947,Shield,7,7,9,6,9.0,1.297
Markerxcxa,1947,Stewards,4,5,10,5,1.5,0.965
Markerxcxa,1948,Archive,6,6,9,8,7.0,1.278
Markerxcxa,1948,Craft,4,5,9,6,3.0,1.045
Markerxcxa,1948,Flow,4,5,10,6,2.0,0.993
Markerxcxa,1948,Hands,4,5,10,4,1.0,0.949
Markerxcxa,1948,Helm,2,3,10,6,-2.0,0.846
Markerxcxa,1948,Lore,6,6,9,8,7.0,1.278
Markerxcxa,1948,Shield,7,7,9,6,9.0,1.297
Markerxcxa,1948,Stewards,3,4,10,5,-0.5,0.889
Markerxcxa,1949,Archive,6,6,8,8,8.0,1.402
Markerxcxa,1949,Craft,4,5,8,6,4.0,1.178
Markerxcxa,1949,Flow,3,4,9,6,1.0,1.002
Markerxcxa,1949,Hands,4,5,8,4,3.0,1.132
Markerxcxa,1949,Helm,5,5,8,6,5.0,1.207
Markerxcxa,1949,Lore,5,5,8,7,5.5,1.245
Markerxcxa,1949,Shield,6,6,8,6,7.0,1.241
Markerxcxa,1949,Stewards,2,3,9,5,-1.5,0.846
Markerxcxa,1950,Archive,6,6,7,8,9.0,1.521
Markerxcxa,1950,Craft,5,5,7,6,6.0,1.278
Markerxcxa,1950,Flow,4,4,8,6,3.0,1.129
Markerxcxa,1950,Hands,5,5,7,4,5.0,1.245
Markerxcxa,1950,Helm,6,6,7,7,8.5,1.402
Markerxcxa,1950,Lore,6,6,7,7,8.5,1.402
Markerxcxa,1950,Shield,7,7,8,6,9.0,1.345
Markerxcxa,1950,Stewards,2,3,9,5,-1.5,0.846
Markerxcxa,1951,Archive,6,6,7,8,9.0,1.521
Markerxcxa,1951,Craft,5,6,7,6,7.0,1.320
Markerxcxa,1951,Flow,4,4,8,6,3.0,1.129
Markerxcxa,1951,Hands,6,6,7,4,7.0,1.320
Markerxcxa,1951,Helm,7,7,7,7,10.5,1.521
Markerxcxa,1951,Lore,6,6,7,7,8.5,1.402
Markerxcxa,1951,Shield,7,7,8,6,9.0,1.345
Markerxcxa,1951,Stewards,2,3,9,5,-1.5,0.846
Markerxcxa,1952,Archive,6,6,7,8,9.0,1.521
Markerxcxa,1952,Craft,5,6,7,6,7.0,1.320
Markerxcxa,1952,Flow,4,4,8,6,3.0,1.129
Markerxcxa,1952,Hands,6,6,7,4,7.0,1.320
Markerxcxa,1952,Helm,7,7,7,7,10.5,1.521
Markerxcxa,1952,Lore,6,6,7,7,8.5,1.402
Markerxcxa,1952,Shield,7,7,8,6,9.0,1.345
Markerxcxa,1952,Stewards,2,3,9,5,-1.5,0.846
Markerxcxa,1953,Archive,7,7,7,8,11.0,1.602
Markerxcxa,1953,Craft,6,6,7,6,8.0,1.402
Markerxcxa,1953,Flow,4,4,8,6,3.0,1.129
Markerxcxa,1953,Hands,6,7,7,4,8.0,1.402
Markerxcxa,1953,Helm,7,7,7,7,10.5,1.521
Markerxcxa,1953,Lore,6,6,7,7,8.5,1.402
Markerxcxa,1953,Shield,7,7,8,6,9.0,1.345
Markerxcxa,1953,Stewards,2,3,9,5,-1.5,0.846
Markerxcxa,1954,Archive,7,7,6,8,12.0,1.742
Markerxcxa,1954,Craft,6,6,6,6,9.0,1.521
Markerxcxa,1954,Flow,4,4,7,6,4.0,1.222
Markerxcxa,1954,Hands,6,7,6,4,9.0,1.521
Markerxcxa,1954,Helm,7,7,6,7,11.5,1.694
Markerxcxa,1954,Lore,6,6,6,7,9.5,1.543
Markerxcxa,1954,Shield,7,7,7,6,10.0,1.521
Markerxcxa,1954,Stewards,2,3,8,5,-0.5,0.932
Markerxcxa,1955,Archive,7,7,6,8,12.0,1.742
Markerxcxa,1955,Craft,6,6,6,6,9.0,1.521
Markerxcxa,1955,Flow,4,4,7,6,4.0,1.222
Markerxcxa,1955,Hands,6,7,6,4,9.0,1.521
Markerxcxa,1955,Helm,7,7,6,7,11.5,1.694
Markerxcxa,1955,Lore,6,6,6,7,9.5,1.543
Markerxcxa,1955,Shield,7,7,7,6,10.0,1.521
Markerxcxa,1955,Stewards,2,3,8,5,-0.5,0.932
Markerxcxa,1956,Archive,7,7,6,8,12.0,1.742
Markerxcxa,1956,Craft,6,6,6,6,9.0,1.521
Markerxcxa,1956,Flow,4,4,7,6,4.0,1.222
Markerxcxa,1956,Hands,6,7,6,4,9.0,1.521
Markerxcxa,1956,Helm,7,7,6,7,11.5,1.694
Markerxcxa,1956,Lore,7,7,6,8,12.0,1.742
Markerxcxa,1956,Shield,7,7,7,6,10.0,1.521
Markerxcxa,1956,Stewards,2,3,8,5,-0.5,0.932
Markerxcxa,1957,Archive,7,7,7,8,11.0,1.602
Markerxcxa,1957,Craft,6,6,7,6,8.0,1.402
Markerxcxa,1957,Flow,4,4,8,6,3.0,1.129
Markerxcxa,1957,Hands,6,7,7,4,8.0,1.402
Markerxcxa,1957,Helm,6,6,7,7,8.5,1.402
Markerxcxa,1957,Lore,6,6,8,8,8.0,1.521
Markerxcxa,1957,Shield,7,7,7,6,10.0,1.521
Markerxcxa,1957,Stewards,2,3,9,5,-1.5,0.846
Markerxcxa,1958,Archive,7,7,8,8,10.0,1.402
Markerxcxa,1958,Craft,6,6,8,6,7.0,1.345
Markerxcxa,1958,Flow,4,4,9,6,2.0,1.045
Markerxcxa,1958,Hands,7,7,8,4,8.0,1.402
Markerxcxa,1958,Helm,7,7,8,7,9.5,1.521
Markerxcxa,1958,Lore,6,6,8,8,8.0,1.521
Markerxcxa,1958,Shield,7,7,8,6,9.0,1.402
Markerxcxa,1958,Stewards,2,2,9,5,-2.5,0.763
Markerxcxa,1959,Archive,6,6,9,8,7.0,1.278
Markerxcxa,1959,Craft,5,5,9,6,4.0,1.069
Markerxcxa,1959,Flow,3,3,10,6,-1.0,0.846
Markerxcxa,1959,Hands,5,5,10,4,2.0,0.965
Markerxcxa,1959,Helm,6,6,9,7,6.5,1.278
Markerxcxa,1959,Lore,6,6,9,8,7.0,1.278
Markerxcxa,1959,Shield,7,7,8,6,9.0,1.345
Markerxcxa,1959,Stewards,1,2,10,5,-4.5,0.612
Markerxcxa,1960,Archive,6,6,10,8,6.0,1.172
Markerxcxa,1960,Craft,4,4,10,6,1.0,0.949
Markerxcxa,1960,Flow,2,2,10,6,-3.0,0.743
Markerxcxa,1960,Hands,4,4,10,4,0.0,0.889
Markerxcxa,1960,Helm,5,5,10,7,3.5,1.045
Markerxcxa,1960,Lore,6,6,10,8,6.0,1.172
Markerxcxa,1960,Shield,7,7,9,6,8.0,1.278
Markerxcxa,1960,Stewards,1,1,10,5,-5.5,0.556
Markerxcxa,1961,Archive,6,6,9,8,7.0,1.278
Markerxcxa,1961,Craft,4,4,9,6,2.0,1.002
Markerxcxa,1961,Flow,2,2,10,6,-3.0,0.743
Markerxcxa,1961,Hands,4,4,9,4,1.0,0.965
Markerxcxa,1961,Helm,5,5,9,7,4.5,1.132
Markerxcxa,1961,Lore,6,6,9,8,7.0,1.278
Markerxcxa,1961,Shield,7,7,8,6,9.0,1.345
Markerxcxa,1961,Stewards,1,1,10,5,-5.5,0.556
Markerxcxa,1962,Archive,6,6,8,8,8.0,1.402
Markerxcxa,1962,Craft,5,5,8,6,5.0,1.178
Markerxcxa,1962,Flow,3,3,9,6,0.0,0.965
Markerxcxa,1962,Hands,5,5,8,4,4.0,1.132
Markerxcxa,1962,Helm,6,6,8,7,7.5,1.402
Markerxcxa,1962,Lore,6,6,8,8,8.0,1.402
Markerxcxa,1962,Shield,7,7,8,6,9.0,1.402
Markerxcxa,1962,Stewards,2,2,9,5,-2.5,0.763
Markerxcxa,1963,Archive,6,6,7,8,9.0,1.521
Markerxcxa,1963,Craft,5,5,7,6,6.0,1.278
Markerxcxa,1963,Flow,3,3,8,6,1.0,1.045
Markerxcxa,1963,Hands,5,5,7,4,5.0,1.245
Markerxcxa,1963,Helm,6,6,7,7,8.5,1.521
Markerxcxa,1963,Lore,6,6,7,8,9.0,1.521
Markerxcxa,1963,Shield,7,7,7,6,10.0,1.521
Markerxcxa,1963,Stewards,2,2,8,5,-1.5,0.846
Markerxcxa,1964,Archive,7,7,7,8,11.0,1.602
Markerxcxa,1964,Craft,6,6,7,6,8.0,1.402
Markerxcxa,1964,Flow,4,4,7,6,4.0,1.222
Markerxcxa,1964,Hands,6,6,7,4,7.0,1.402
Markerxcxa,1964,Helm,6,6,7,7,8.5,1.521
Markerxcxa,1964,Lore,6,6,7,8,9.0,1.521
Markerxcxa,1964,Shield,7,7,7,6,10.0,1.521
Markerxcxa,1964,Stewards,2,2,8,5,-1.5,0.846
Markerxcxa,1965,Archive,7,7,7,8,11.0,1.602
Markerxcxa,1965,Craft,6,6,7,6,8.0,1.402
Markerxcxa,1965,Flow,4,4,7,6,4.0,1.222
Markerxcxa,1965,Hands,6,6,7,4,7.0,1.402
Markerxcxa,1965,Helm,6,6,7,7,8.5,1.521
Markerxcxa,1965,Lore,6,6,7,8,9.0,1.521
Markerxcxa,1965,Shield,7,7,7,6,10.0,1.521
Markerxcxa,1965,Stewards,2,2,8,5,-1.5,0.846
Markerxcxa,1966,Archive,6,6,9,8,7.0,1.278
Markerxcxa,1966,Craft,5,5,9,6,4.0,1.069
Markerxcxa,1966,Flow,4,4,9,6,2.0,1.002
Markerxcxa,1966,Hands,5,5,9,4,3.0,1.023
Markerxcxa,1966,Helm,4,4,10,7,1.5,0.938
Markerxcxa,1966,Lore,3,3,10,8,0.0,0.846
Markerxcxa,1966,Shield,6,6,9,6,6.0,1.172
Markerxcxa,1966,Stewards,1,1,10,5,-5.5,0.556
Markerxcxa,1967,Archive,4,4,10,8,2.0,0.932
Markerxcxa,1967,Craft,4,4,10,6,1.0,0.889
Markerxcxa,1967,Flow,3,3,10,6,-1.0,0.846
Markerxcxa,1967,Hands,4,4,9,4,1.0,0.965
Markerxcxa,1967,Helm,3,3,10,7,-0.5,0.846
Markerxcxa,1967,Lore,2,2,10,8,-2.0,0.743
Markerxcxa,1967,Shield,5,5,9,6,4.0,1.069
Markerxcxa,1967,Stewards,1,1,10,5,-5.5,0.556
Markerxcxa,1968,Archive,4,4,10,8,2.0,0.932
Markerxcxa,1968,Craft,4,4,10,6,1.0,0.889
Markerxcxa,1968,Flow,3,3,10,6,-1.0,0.846
Markerxcxa,1968,Hands,4,4,9,4,1.0,0.965
Markerxcxa,1968,Helm,3,3,10,7,-0.5,0.846
Markerxcxa,1968,Lore,2,2,10,8,-2.0,0.743
Markerxcxa,1968,Shield,6,6,8,6,7.0,1.278
Markerxcxa,1968,Stewards,1,1,10,5,-5.5,0.556
Markerxcxa,1969,Archive,4,4,9,8,3.0,1.045
Markerxcxa,1969,Craft,4,4,9,6,2.0,1.002
Markerxcxa,1969,Flow,3,3,9,6,0.0,0.965
Markerxcxa,1969,Hands,4,4,8,4,2.0,1.045
Markerxcxa,1969,Helm,4,4,9,7,2.5,1.002
Markerxcxa,1969,Lore,3,3,9,8,1.0,0.932
Markerxcxa,1969,Shield,6,6,8,6,7.0,1.278
Markerxcxa,1969,Stewards,1,1,9,5,-4.5,0.612
Markerxcxa,1970,Archive,5,5,8,8,6.0,1.222
Markerxcxa,1970,Craft,5,5,8,6,5.0,1.178
Markerxcxa,1970,Flow,4,4,8,6,3.0,1.129
Markerxcxa,1970,Hands,5,5,7,4,5.0,1.245
Markerxcxa,1970,Helm,5,5,8,7,5.5,1.207
Markerxcxa,1970,Lore,4,4,8,8,4.0,1.129
Markerxcxa,1970,Shield,6,6,7,6,8.0,1.402
Markerxcxa,1970,Stewards,1,1,9,5,-4.5,0.612
Markerxcxa,1971,Archive,5,5,7,8,7.0,1.345
Markerxcxa,1971,Craft,5,5,7,6,6.0,1.278
Markerxcxa,1971,Flow,4,4,7,6,4.0,1.222
Markerxcxa,1971,Hands,5,5,7,4,5.0,1.245
Markerxcxa,1971,Helm,6,6,7,7,8.5,1.521
Markerxcxa,1971,Lore,5,5,7,8,7.0,1.345
Markerxcxa,1971,Shield,6,6,7,6,8.0,1.402
Markerxcxa,1971,Stewards,1,1,8,5,-3.5,0.763
Markerxcxa,1972,Archive,5,5,7,8,7.0,1.345
Markerxcxa,1972,Craft,5,5,7,6,6.0,1.278
Markerxcxa,1972,Flow,4,4,7,6,4.0,1.222
Markerxcxa,1972,Hands,5,5,7,4,5.0,1.245
Markerxcxa,1972,Helm,6,6,7,7,8.5,1.521
Markerxcxa,1972,Lore,5,5,7,8,7.0,1.345
Markerxcxa,1972,Shield,6,6,7,6,8.0,1.402
Markerxcxa,1972,Stewards,1,1,8,5,-3.5,0.763
Markerxcxa,1973,Archive,5,5,7,8,7.0,1.345
Markerxcxa,1973,Craft,5,5,7,6,6.0,1.278
Markerxcxa,1973,Flow,4,4,7,6,4.0,1.222
Markerxcxa,1973,Hands,5,5,7,4,5.0,1.245
Markerxcxa,1973,Helm,6,6,7,7,8.5,1.521
Markerxcxa,1973,Lore,5,5,7,8,7.0,1.345
Markerxcxa,1973,Shield,6,6,7,6,8.0,1.402
Markerxcxa,1973,Stewards,1,1,8,5,-3.5,0.763
Markerxcxa,1974,Archive,5,5,7,8,7.0,1.345
Markerxcxa,1974,Craft,5,5,7,6,6.0,1.278
Markerxcxa,1974,Flow,4,4,7,6,4.0,1.222
Markerxcxa,1974,Hands,5,5,7,4,5.0,1.245
Markerxcxa,1974,Helm,5,5,8,7,5.5,1.207
Markerxcxa,1974,Lore,5,5,8,8,6.0,1.278
Markerxcxa,1974,Shield,6,6,7,6,8.0,1.402
Markerxcxa,1974,Stewards,1,1,8,5,-3.5,0.763
Markerxcxa,1975,Archive,6,6,7,8,9.0,1.521
Markerxcxa,1975,Craft,5,5,7,6,6.0,1.278
Markerxcxa,1975,Flow,4,4,7,6,4.0,1.222
Markerxcxa,1975,Hands,5,5,7,4,5.0,1.245
Markerxcxa,1975,Helm,6,6,7,7,8.5,1.521
Markerxcxa,1975,Lore,5,5,7,8,7.0,1.345
Markerxcxa,1975,Shield,6,6,7,6,8.0,1.402
Markerxcxa,1975,Stewards,1,1,7,5,-2.5,0.846
Markerxcxa,1976,Archive,5,5,9,8,6.0,1.278
Markerxcxa,1976,Craft,4,4,9,6,2.0,1.002
Markerxcxa,1976,Flow,3,3,9,6,0.0,0.965
Markerxcxa,1976,Hands,4,4,9,4,1.0,0.965
Markerxcxa,1976,Helm,3,3,10,7,-0.5,0.846
Markerxcxa,1976,Lore,4,4,9,8,3.0,1.045
Markerxcxa,1976,Shield,6,6,8,6,7.0,1.278
Markerxcxa,1976,Stewards,1,1,9,5,-4.5,0.612
Markerxcxa,1977,Archive,6,6,7,8,9.0,1.521
Markerxcxa,1977,Craft,5,5,7,6,6.0,1.278
Markerxcxa,1977,Flow,4,4,7,6,4.0,1.222
Markerxcxa,1977,Hands,5,5,7,4,5.0,1.245
Markerxcxa,1977,Helm,6,6,7,7,8.5,1.521
Markerxcxa,1977,Lore,6,6,7,8,9.0,1.521
Markerxcxa,1977,Shield,6,6,7,6,8.0,1.402
Markerxcxa,1977,Stewards,1,1,7,5,-2.5,0.846
Markerxcxa,1978,Archive,7,7,6,8,12.0,1.742
Markerxcxa,1978,Craft,6,6,6,6,9.0,1.521
Markerxcxa,1978,Flow,5,5,6,6,7.0,1.402
Markerxcxa,1978,Hands,6,6,6,4,8.0,1.521
Markerxcxa,1978,Helm,7,7,6,7,11.5,1.694
Markerxcxa,1978,Lore,6,6,6,8,10.0,1.602
Markerxcxa,1978,Shield,6,6,7,6,8.0,1.402
Markerxcxa,1978,Stewards,2,3,6,5,1.5,1.129
Markerxcxa,1979,Archive,7,7,6,8,12.0,1.742
Markerxcxa,1979,Craft,6,6,6,6,9.0,1.521
Markerxcxa,1979,Flow,6,6,6,6,9.0,1.521
Markerxcxa,1979,Hands,6,6,6,4,8.0,1.521
Markerxcxa,1979,Helm,7,7,6,7,11.5,1.694
Markerxcxa,1979,Lore,6,6,6,8,10.0,1.602
Markerxcxa,1979,Shield,6,6,7,6,8.0,1.402
Markerxcxa,1979,Stewards,3,4,6,5,3.5,1.245
Markerxcxa,1980,Archive,7,7,5,8,13.0,1.923
Markerxcxa,1980,Craft,7,7,5,6,11.0,1.742
Markerxcxa,1980,Flow,7,7,5,6,11.0,1.742
Markerxcxa,1980,Hands,6,6,5,4,9.0,1.602
Markerxcxa,1980,Helm,7,7,5,7,12.5,1.923
Markerxcxa,1980,Lore,6,6,5,8,11.0,1.742
Markerxcxa,1980,Shield,6,6,6,6,9.0,1.521
Markerxcxa,1980,Stewards,4,5,5,5,6.5,1.402
Markerxcxa,1981,Archive,7,7,5,8,13.0,1.923
Markerxcxa,1981,Craft,7,7,5,6,11.0,1.742
Markerxcxa,1981,Flow,7,7,5,6,11.0,1.742
Markerxcxa,1981,Hands,6,6,5,4,9.0,1.602
Markerxcxa,1981,Helm,7,7,5,7,12.5,1.923
Markerxcxa,1981,Lore,6,6,5,8,11.0,1.742
Markerxcxa,1981,Shield,6,6,6,6,9.0,1.521
Markerxcxa,1981,Stewards,4,5,5,5,6.5,1.402
Markerxcxa,1982,Archive,7,7,5,8,13.0,1.923
Markerxcxa,1982,Craft,7,7,5,6,11.0,1.742
Markerxcxa,1982,Flow,7,7,5,6,11.0,1.742
Markerxcxa,1982,Hands,6,6,5,4,9.0,1.602
Markerxcxa,1982,Helm,7,7,5,7,12.5,1.923
Markerxcxa,1982,Lore,6,6,5,8,11.0,1.742
Markerxcxa,1982,Shield,6,6,6,6,9.0,1.521
Markerxcxa,1982,Stewards,4,5,5,5,6.5,1.402
Markerxcxa,1983,Archive,7,7,5,8,13.0,1.923
Markerxcxa,1983,Craft,7,7,5,6,11.0,1.742
Markerxcxa,1983,Flow,7,7,5,6,11.0,1.742
Markerxcxa,1983,Hands,6,6,5,4,9.0,1.602
Markerxcxa,1983,Helm,7,7,5,7,12.5,1.923
Markerxcxa,1983,Lore,6,6,5,8,11.0,1.742
Markerxcxa,1983,Shield,6,6,6,6,9.0,1.521
Markerxcxa,1983,Stewards,4,5,5,5,6.5,1.402
Markerxcxa,1984,Archive,7,7,5,8,13.0,1.923
Markerxcxa,1984,Craft,7,7,5,6,11.0,1.742
Markerxcxa,1984,Flow,8,8,4,6,15.0,2.345
Markerxcxa,1984,Hands,7,7,5,4,11.0,1.742
Markerxcxa,1984,Helm,7,7,5,7,12.5,1.923
Markerxcxa,1984,Lore,6,6,5,8,11.0,1.742
Markerxcxa,1984,Shield,6,6,6,6,9.0,1.521
Markerxcxa,1984,Stewards,5,6,5,5,8.5,1.602
Markerxcxa,1985,Archive,7,7,5,8,13.0,1.923
Markerxcxa,1985,Craft,7,7,5,6,11.0,1.742
Markerxcxa,1985,Flow,8,8,4,6,15.0,2.345
Markerxcxa,1985,Hands,7,7,5,4,11.0,1.742
Markerxcxa,1985,Helm,7,7,5,7,12.5,1.923
Markerxcxa,1985,Lore,6,6,5,8,11.0,1.742
Markerxcxa,1985,Shield,6,6,6,6,9.0,1.521
Markerxcxa,1985,Stewards,5,6,5,5,8.5,1.602
Markerxcxa,1986,Archive,7,7,6,8,12.0,1.742
Markerxcxa,1986,Craft,7,7,6,6,10.0,1.602
Markerxcxa,1986,Flow,8,8,5,6,14.0,2.123
Markerxcxa,1986,Hands,7,7,6,4,10.0,1.602
Markerxcxa,1986,Helm,6,6,7,7,8.5,1.402
Markerxcxa,1986,Lore,6,6,6,8,10.0,1.602
Markerxcxa,1986,Shield,6,6,6,6,9.0,1.521
Markerxcxa,1986,Stewards,5,6,6,5,7.5,1.402
Markerxcxa,1987,Archive,7,7,6,8,12.0,1.742
Markerxcxa,1987,Craft,7,7,6,6,10.0,1.602
Markerxcxa,1987,Flow,8,8,5,6,14.0,2.123
Markerxcxa,1987,Hands,7,7,6,4,10.0,1.602
Markerxcxa,1987,Helm,6,6,7,7,8.5,1.402
Markerxcxa,1987,Lore,6,6,6,8,10.0,1.602
Markerxcxa,1987,Shield,6,6,6,6,9.0,1.521
Markerxcxa,1987,Stewards,5,6,6,5,7.5,1.402
Markerxcxa,1988,Archive,7,7,7,8,11.0,1.602
Markerxcxa,1988,Craft,7,7,7,6,9.0,1.521
Markerxcxa,1988,Flow,7,7,7,6,9.0,1.521
Markerxcxa,1988,Hands,7,7,7,4,9.0,1.521
Markerxcxa,1988,Helm,6,6,8,7,7.5,1.278
Markerxcxa,1988,Lore,6,6,7,8,9.0,1.521
Markerxcxa,1988,Shield,6,6,7,6,8.0,1.402
Markerxcxa,1988,Stewards,5,6,7,5,6.5,1.345
Markerxcxa,1989,Archive,7,7,8,8,10.0,1.402
Markerxcxa,1989,Craft,6,6,8,6,7.0,1.345
Markerxcxa,1989,Flow,6,6,9,6,6.0,1.278
Markerxcxa,1989,Hands,6,6,8,4,8.0,1.402
Markerxcxa,1989,Helm,5,5,9,7,4.5,1.132
Markerxcxa,1989,Lore,5,5,9,8,5.0,1.207
Markerxcxa,1989,Shield,7,7,8,6,9.0,1.402
Markerxcxa,1989,Stewards,4,5,8,5,3.5,1.178
Markerxcxa,1990,Archive,7,7,7,8,11.0,1.602
Markerxcxa,1990,Craft,6,6,7,6,8.0,1.402
Markerxcxa,1990,Flow,6,6,7,6,8.0,1.402
Markerxcxa,1990,Hands,6,6,7,4,8.0,1.402
Markerxcxa,1990,Helm,6,6,7,7,8.5,1.521
Markerxcxa,1990,Lore,6,6,7,8,9.0,1.521
Markerxcxa,1990,Shield,7,7,7,6,10.0,1.521
Markerxcxa,1990,Stewards,4,5,7,5,4.5,1.245
Markerxcxa,1991,Archive,7,7,6,8,12.0,1.742
Markerxcxa,1991,Craft,7,7,6,6,10.0,1.602
Markerxcxa,1991,Flow,7,7,6,6,10.0,1.602
Markerxcxa,1991,Hands,6,6,6,4,9.0,1.521
Markerxcxa,1991,Helm,6,6,6,7,9.5,1.602
Markerxcxa,1991,Lore,6,6,6,8,10.0,1.602
Markerxcxa,1991,Shield,7,7,6,6,11.0,1.602
Markerxcxa,1991,Stewards,5,6,6,5,7.5,1.402
Markerxcxa,1992,Archive,7,7,6,8,12.0,1.742
Markerxcxa,1992,Craft,7,7,6,6,10.0,1.602
Markerxcxa,1992,Flow,8,8,5,6,15.0,2.345
Markerxcxa,1992,Hands,6,6,6,4,9.0,1.521
Markerxcxa,1992,Helm,7,7,6,7,11.5,1.694
Markerxcxa,1992,Lore,6,6,6,8,10.0,1.602
Markerxcxa,1992,Shield,7,7,6,6,11.0,1.602
Markerxcxa,1992,Stewards,6,7,6,5,9.5,1.521
Markerxcxa,1993,Archive,7,7,6,8,12.0,1.742
Markerxcxa,1993,Craft,7,7,6,6,10.0,1.602
Markerxcxa,1993,Flow,8,8,5,6,15.0,2.345
Markerxcxa,1993,Hands,6,6,6,4,9.0,1.521
Markerxcxa,1993,Helm,7,7,6,7,11.5,1.694
Markerxcxa,1993,Lore,6,6,6,8,10.0,1.602
Markerxcxa,1993,Shield,7,7,6,6,11.0,1.602
Markerxcxa,1993,Stewards,6,7,6,5,9.5,1.521
Markerxcxa,1994,Archive,7,7,6,8,12.0,1.742
Markerxcxa,1994,Craft,7,7,6,6,10.0,1.602
Markerxcxa,1994,Flow,8,8,5,6,15.0,2.345
Markerxcxa,1994,Hands,6,6,6,4,9.0,1.521
Markerxcxa,1994,Helm,7,7,6,7,11.5,1.694
Markerxcxa,1994,Lore,6,6,6,8,10.0,1.602
Markerxcxa,1994,Shield,7,7,6,6,11.0,1.602
Markerxcxa,1994,Stewards,6,7,6,5,9.5,1.521
Markerxcxa,1995,Archive,7,7,6,8,12.0,1.742
Markerxcxa,1995,Craft,7,7,6,6,10.0,1.602
Markerxcxa,1995,Flow,8,8,5,6,15.0,2.345
Markerxcxa,1995,Hands,6,6,6,4,9.0,1.521
Markerxcxa,1995,Helm,7,7,6,7,11.5,1.694
Markerxcxa,1995,Lore,6,6,6,8,10.0,1.602
Markerxcxa,1995,Shield,7,7,6,6,11.0,1.602
Markerxcxa,1995,Stewards,6,7,6,5,9.5,1.521
Markerxcxa,1996,Archive,7,7,6,8,12.0,1.742
Markerxcxa,1996,Craft,7,7,6,6,10.0,1.602
Markerxcxa,1996,Flow,8,8,5,6,15.0,2.345
Markerxcxa,1996,Hands,6,6,6,4,9.0,1.521
Markerxcxa,1996,Helm,7,7,6,7,11.5,1.694
Markerxcxa,1996,Lore,6,6,6,8,10.0,1.602
Markerxcxa,1996,Shield,7,7,6,6,11.0,1.602
Markerxcxa,1996,Stewards,6,7,6,5,9.5,1.521
Markerxcxa,1997,Archive,7,7,6,8,12.0,1.742
Markerxcxa,1997,Craft,7,7,6,6,10.0,1.602
Markerxcxa,1997,Flow,8,8,5,6,15.0,2.345
Markerxcxa,1997,Hands,6,6,6,4,9.0,1.521
Markerxcxa,1997,Helm,7,7,6,7,11.5,1.694
Markerxcxa,1997,Lore,6,6,6,8,10.0,1.602
Markerxcxa,1997,Shield,7,7,6,6,11.0,1.602
Markerxcxa,1997,Stewards,6,7,6,5,9.5,1.521
Markerxcxa,1998,Archive,7,7,6,8,12.0,1.742
Markerxcxa,1998,Craft,7,7,6,6,10.0,1.602
Markerxcxa,1998,Flow,8,8,5,6,15.0,2.345
Markerxcxa,1998,Hands,6,6,6,4,9.0,1.521
Markerxcxa,1998,Helm,7,7,6,7,11.5,1.694
Markerxcxa,1998,Lore,6,6,6,8,10.0,1.602
Markerxcxa,1998,Shield,7,7,6,6,11.0,1.602
Markerxcxa,1998,Stewards,6,7,6,5,9.5,1.521
Markerxcxa,1999,Archive,7,7,6,8,12.0,1.742
Markerxcxa,1999,Craft,7,7,6,6,10.0,1.602
Markerxcxa,1999,Flow,8,8,5,6,15.0,2.345
Markerxcxa,1999,Hands,6,6,6,4,9.0,1.521
Markerxcxa,1999,Helm,7,7,6,7,11.5,1.694
Markerxcxa,1999,Lore,6,6,6,8,10.0,1.602
Markerxcxa,1999,Shield,7,7,6,6,11.0,1.602
Markerxcxa,1999,Stewards,6,7,6,5,9.5,1.521
Markerxcxa,2000,Archive,7,7,6,8,12.0,1.742
Markerxcxa,2000,Craft,7,7,6,6,10.0,1.602
Markerxcxa,2000,Flow,8,8,5,6,15.0,2.345
Markerxcxa,2000,Hands,6,6,6,4,9.0,1.521
Markerxcxa,2000,Helm,7,7,6,7,11.5,1.694
Markerxcxa,2000,Lore,6,6,6,8,10.0,1.602
Markerxcxa,2000,Shield,7,7,6,6,11.0,1.602
Markerxcxa,2000,Stewards,6,7,6,5,9.5,1.521
Markerxcxa,2001,Archive,7,7,5,8,13.0,1.923
Markerxcxa,2001,Craft,8,8,5,6,15.0,2.345
Markerxcxa,2001,Flow,8,9,5,6,16.0,2.567
Markerxcxa,2001,Hands,7,7,5,4,11.0,1.742
Markerxcxa,2001,Helm,7,7,5,7,12.5,1.923
Markerxcxa,2001,Lore,6,6,5,8,11.0,1.742
Markerxcxa,2001,Shield,7,7,6,6,11.0,1.602
Markerxcxa,2001,Stewards,7,8,6,5,11.5,1.742
Markerxcxa,2002,Archive,7,7,5,8,13.0,1.923
Markerxcxa,2002,Craft,8,8,5,6,15.0,2.345
Markerxcxa,2002,Flow,8,9,5,6,16.0,2.567
Markerxcxa,2002,Hands,7,7,5,4,11.0,1.742
Markerxcxa,2002,Helm,7,7,5,7,12.5,1.923
Markerxcxa,2002,Lore,6,6,5,8,11.0,1.742
Markerxcxa,2002,Shield,7,7,6,6,11.0,1.602
Markerxcxa,2002,Stewards,7,8,6,5,11.5,1.742
Markerxcxa,2003,Archive,7,7,6,8,12.0,1.742
Markerxcxa,2003,Craft,8,8,6,6,14.0,2.123
Markerxcxa,2003,Flow,8,9,6,6,15.0,2.345
Markerxcxa,2003,Hands,7,7,6,4,10.0,1.602
Markerxcxa,2003,Helm,7,7,6,7,11.5,1.694
Markerxcxa,2003,Lore,6,6,6,8,10.0,1.602
Markerxcxa,2003,Shield,7,7,6,6,11.0,1.602
Markerxcxa,2003,Stewards,7,8,6,5,11.5,1.742
Markerxcxa,2004,Archive,7,7,5,8,13.0,1.923
Markerxcxa,2004,Craft,8,8,5,6,15.0,2.345
Markerxcxa,2004,Flow,9,9,4,6,19.0,2.901
Markerxcxa,2004,Hands,7,7,5,4,11.0,1.742
Markerxcxa,2004,Helm,8,8,5,7,14.5,2.241
Markerxcxa,2004,Lore,6,6,5,8,11.0,1.742
Markerxcxa,2004,Shield,7,7,6,6,11.0,1.602
Markerxcxa,2004,Stewards,8,8,6,5,13.5,2.045
Markerxcxa,2005,Archive,7,7,5,8,13.0,1.923
Markerxcxa,2005,Craft,8,8,5,6,15.0,2.345
Markerxcxa,2005,Flow,9,9,4,6,19.0,2.901
Markerxcxa,2005,Hands,7,7,5,4,11.0,1.742
Markerxcxa,2005,Helm,8,8,5,7,14.5,2.241
Markerxcxa,2005,Lore,6,6,5,8,11.0,1.742
Markerxcxa,2005,Shield,7,7,6,6,11.0,1.602
Markerxcxa,2005,Stewards,8,8,6,5,13.5,2.04
Markerxcxa,2006,Archive,7,7,5,8,13.0,1.923
Markerxcxa,2006,Craft,8,8,5,6,15.0,2.345
Markerxcxa,2006,Flow,9,9,4,6,19.0,2.901
Markerxcxa,2006,Hands,7,7,5,4,11.0,1.742
Markerxcxa,2006,Helm,8,8,5,7,14.5,2.241
Markerxcxa,2006,Lore,6,6,5,8,11.0,1.742
Markerxcxa,2006,Shield,7,7,6,6,11.0,1.602
Markerxcxa,2006,Stewards,8,8,6,5,13.5,2.045
Markerxcxa,2007,Archive,7,7,5,8,13.0,1.923
Markerxcxa,2007,Craft,8,8,5,6,15.0,2.345
Markerxcxa,2007,Flow,9,9,4,6,19.0,2.901
Markerxcxa,2007,Hands,7,7,5,4,11.0,1.742
Markerxcxa,2007,Helm,8,8,5,7,14.5,2.241
Markerxcxa,2007,Lore,6,6,5,8,11.0,1.742
Markerxcxa,2007,Shield,7,7,6,6,11.0,1.602
Markerxcxa,2007,Stewards,8,8,6,5,13.5,2.045
Markerxcxa,2008,Archive,7,7,6,8,12.0,1.742
Markerxcxa,2008,Craft,8,8,6,6,14.0,2.123
Markerxcxa,2008,Flow,9,9,6,6,17.0,2.345
Markerxcxa,2008,Hands,7,7,6,4,10.0,1.602
Markerxcxa,2008,Helm,8,8,6,7,13.5,2.045
Markerxcxa,2008,Lore,6,6,6,8,10.0,1.602
Markerxcxa,2008,Shield,7,7,6,6,11.0,1.602
Markerxcxa,2008,Stewards,8,8,6,5,13.5,2.045
Markerxcxa,2009,Archive,7,7,5,8,13.0,1.923
Markerxcxa,2009,Craft,8,8,5,6,15.0,2.345
Markerxcxa,2009,Flow,9,9,4,6,19.0,2.901
Markerxcxa,2009,Hands,7,7,5,4,11.0,1.742
Markerxcxa,2009,Helm,8,8,5,7,14.5,2.241
Markerxcxa,2009,Lore,6,6,5,8,11.0,1.742
Markerxcxa,2009,Shield,7,7,6,6,11.0,1.602
Markerxcxa,2009,Stewards,8,8,6,5,13.5,2.045
Markerxcxa,2010,Archive,7,7,5,8,13.0,1.923
Markerxcxa,2010,Craft,8,8,5,6,15.0,2.345
Markerxcxa,2010,Flow,9,9,4,6,19.0,2.901
Markerxcxa,2010,Hands,7,7,5,4,11.0,1.742
Markerxcxa,2010,Helm,8,8,5,7,14.5,2.241
Markerxcxa,2010,Lore,6,6,5,8,11.0,1.742
Markerxcxa,2010,Shield,7,7,6,6,11.0,1.602
Markerxcxa,2010,Stewards,8,8,6,5,13.5,2.045
Markerxcxa,2011,Archive,7,7,5,8,13.0,1.923
Markerxcxa,2011,Craft,8,8,5,6,15.0,2.345
Markerxcxa,2011,Flow,9,9,4,6,19.0,2.901
Markerxcxa,2011,Hands,7,7,5,4,11.0,1.742
Markerxcxa,2011,Helm,8,8,5,7,14.5,2.241
Markerxcxa,2011,Lore,6,6,5,8,11.0,1.742
Markerxcxa,2011,Shield,7,7,6,6,11.0,1.602
Markerxcxa,2011,Stewards,8,8,6,5,13.5,2.045
Markerxcxa,2012,Archive,7,7,6,8,12.0,1.742
Markerxcxa,2012,Craft,8,8,6,6,14.0,2.123
Markerxcxa,2012,Flow,9,9,5,6,18.0,2.567
Markerxcxa,2012,Hands,7,7,6,4,10.0,1.602
Markerxcxa,2012,Helm,8,8,6,7,13.5,2.045
Markerxcxa,2012,Lore,6,6,6,8,10.0,1.602
Markerxcxa,2012,Shield,7,7,6,6,11.0,1.602
Markerxcxa,2012,Stewards,8,8,6,5,13.5,2.045
Markerxcxa,2013,Archive,7,7,6,8,12.0,1.742
Markerxcxa,2013,Craft,8,8,6,6,14.0,2.123
Markerxcxa,2013,Flow,9,9,5,6,18.0,2.567
Markerxcxa,2013,Hands,7,7,6,4,10.0,1.602
Markerxcxa,2013,Helm,9,9,6,8,16.0,2.345
Markerxcxa,2013,Lore,7,7,6,8,12.0,1.742
Markerxcxa,2013,Shield,7,7,6,6,11.0,1.602
Markerxcxa,2013,Stewards,8,8,6,5,13.5,2.045
Markerxcxa,2014,Archive,7,7,6,8,12.0,1.742
Markerxcxa,2014,Craft,8,8,6,6,14.0,2.123
Markerxcxa,2014,Flow,9,9,5,6,18.0,2.567
Markerxcxa,2014,Hands,7,7,6,4,10.0,1.602
Markerxcxa,2014,Helm,9,9,6,8,16.0,2.345
Markerxcxa,2014,Lore,7,7,6,8,12.0,1.742
Markerxcxa,2014,Shield,8,8,6,6,13.0,1.923
Markerxcxa,2014,Stewards,8,8,6,5,13.5,2.045
Markerxcxa,2015,Archive,7,7,6,8,12.0,1.742
Markerxcxa,2015,Craft,8,8,6,6,14.0,2.123
Markerxcxa,2015,Flow,9,9,5,6,18.0,2.567
Markerxcxa,2015,Hands,7,7,6,4,10.0,1.602
Markerxcxa,2015,Helm,9,9,6,8,16.0,2.345
Markerxcxa,2015,Lore,7,7,6,8,12.0,1.742
Markerxcxa,2015,Shield,8,8,6,6,13.0,1.923
Markerxcxa,2015,Stewards,8,8,6,5,13.5,2.045
Markerxcxa,2016,Archive,7,7,6,8,12.0,1.742
Markerxcxa,2016,Craft,8,8,6,6,14.0,2.123
Markerxcxa,2016,Flow,9,9,6,6,17.0,2.345
Markerxcxa,2016,Hands,7,7,6,4,10.0,1.602
Markerxcxa,2016,Helm,9,9,6,8,16.0,2.345
Markerxcxa,2016,Lore,7,7,6,8,12.0,1.742
Markerxcxa,2016,Shield,8,8,6,6,13.0,1.923
Markerxcxa,2016,Stewards,8,8,6,5,13.5,2.045
Markerxcxa,2017,Archive,7,7,6,8,12.0,1.742
Markerxcxa,2017,Craft,8,8,6,6,14.0,2.123
Markerxcxa,2017,Flow,9,9,6,6,17.0,2.345
Markerxcxa,2017,Hands,7,7,6,4,10.0,1.602
Markerxcxa,2017,Helm,9,9,6,8,16.0,2.345
Markerxcxa,2017,Lore,7,7,6,8,12.0,1.742
Markerxcxa,2017,Shield,8,8,6,6,13.0,1.923
Markerxcxa,2017,Stewards,8,8,6,5,13.5,2.045
Markerxcxa,2018,Archive,8,8,5,8,15.0,2.241
Markerxcxa,2018,Craft,8,8,6,6,14.0,2.123
Markerxcxa,2018,Flow,9,9,6,6,17.0,2.345
Markerxcxa,2018,Hands,7,7,6,4,10.0,1.602
Markerxcxa,2018,Helm,9,9,6,8,16.0,2.345
Markerxcxa,2018,Lore,8,8,6,8,15.0,2.241
Markerxcxa,2018,Shield,8,8,6,6,13.0,1.923
Markerxcxa,2018,Stewards,8,8,6,5,13.5,2.045
Markerxcxa,2019,Archive,8,8,6,8,14.0,2.123
Markerxcxa,2019,Craft,8,8,6,6,14.0,2.123
Markerxcxa,2019,Flow,9,9,7,6,16.0,2.123
Markerxcxa,2019,Hands,7,7,6,4,10.0,1.602
Markerxcxa,2019,Helm,9,9,7,8,15.0,2.241
Markerxcxa,2019,Lore,8,8,6,8,15.0,2.241
Markerxcxa,2019,Shield,8,8,6,6,13.0,1.923
Markerxcxa,2019,Stewards,8,8,7,5,12.5,1.923
Markerxcxa,2020,Archive,8,8,7,8,13.0,1.923
Markerxcxa,2020,Craft,7,7,8,6,9.0,1.521
Markerxcxa,2020,Flow,8,8,8,6,12.0,1.742
Markerxcxa,2020,Hands,7,7,8,4,8.0,1.402
Markerxcxa,2020,Helm,9,9,7,8,15.0,2.241
Markerxcxa,2020,Lore,8,8,7,8,14.0,2.123
Markerxcxa,2020,Shield,8,8,7,6,12.0,1.742
Markerxcxa,2020,Stewards,7,7,8,5,8.5,1.521
Markerxcxa,2021,Archive,8,8,6,8,14.0,2.123
Markerxcxa,2021,Craft,8,8,6,6,14.0,2.123
Markerxcxa,2021,Flow,9,9,6,6,17.0,2.345
Markerxcxa,2021,Hands,7,7,6,4,10.0,1.602
Markerxcxa,2021,Helm,9,9,6,8,16.0,2.345
Markerxcxa,2021,Lore,8,8,6,8,15.0,2.241
Markerxcxa,2021,Shield,8,8,6,6,13.0,1.923
Markerxcxa,2021,Stewards,8,8,6,5,13.5,2.045
Markerxcxa,2022,Archive,8,8,7,8,13.0,1.923
Markerxcxa,2022,Craft,8,8,7,6,13.0,1.923
Markerxcxa,2022,Flow,8,8,8,6,12.0,1.742
Markerxcxa,2022,Hands,7,7,7,4,9.0,1.521
Markerxcxa,2022,Helm,9,9,7,8,15.0,2.241
Markerxcxa,2022,Lore,8,8,7,8,14.0,2.123
Markerxcxa,2022,Shield,8,8,7,6,12.0,1.742
Markerxcxa,2022,Stewards,7,7,8,5,8.5,1.521
Markerxcxa,2023,Archive,8,8,6,8,14.0,2.123
Markerxcxa,2023,Craft,8,8,6,6,14.0,2.123
Markerxcxa,2023,Flow,8,8,7,6,13.0,1.923
Markerxcxa,2023,Hands,7,7,6,4,10.0,1.602
Markerxcxa,2023,Helm,9,9,6,8,16.0,2.345
Markerxcxa,2023,Lore,8,8,6,8,15.0,2.241
Markerxcxa,2023,Shield,8,8,6,6,13.0,1.923
Markerxcxa,2023,Stewards,7,7,7,5,9.5,1.602
Markerxcxa,2024,Archive,8,8,6,8,14.0,2.123
Markerxcxa,2024,Craft,8,8,6,6,14.0,2.123
Markerxcxa,2024,Flow,8,8,7,6,13.0,1.923
Markerxcxa,2024,Hands,7,7,6,4,10.0,1.602
Markerxcxa,2024,Helm,9,9,6,8,16.0,2.345
Markerxcxa,2024,Lore,8,8,6,8,15.0,2.241
Markerxcxa,2024,Shield,8,8,6,6,13.0,1.923
Markerxcxa,2024,Stewards,7,7,7,5,9.5,1.602
Markerxcxa,2025,Archive,8,8,6,8,14.0,2.123
Markerxcxa,2025,Craft,8,8,6,6,14.0,2.123
Markerxcxa,2025,Flow,8,8,7,6,13.0,1.923
Markerxcxa,2025,Hands,7,7,6,4,10.0,1.602
Markerxcxa,2025,Helm,9,9,6,8,16.0,2.345
Markerxcxa,2025,Lore,8,8,6,8,15.0,2.241
Markerxcxa,2025,Shield,8,8,6,6,13.0,1.923
Markerxcxa,2025,Stewards,7,7,7,5,9.5,1.602
Markerxcxa,2026,Archive,8,8,6,8,14.0,2.123
Markerxcxa,2026,Craft,8,8,6,6,14.0,2.123
Markerxcxa,2026,Flow,8,8,7,6,13.0,1.923
Markerxcxa,2026,Hands,7,7,6,4,10.0,1.602
Markerxcxa,2026,Helm,9,9,6,8,16.0,2.345
Markerxcxa,2026,Lore,8,8,6,8,15.0,2.241
Markerxcxa,2026,Shield,8,8,6,6,13.0,1.923
Markerxcxa,2026,Stewards,7,7,7,5,9.5,1.602