Israel,Year,Node,Coherence,Capacity,Stress,Abstraction,Node Value,Bond Strength
Israel,1946.0,Army,4.0,4.0,8.0,4.0,5.0,2.143
Israel,1946.0,Executive,6.0,5.0,8.0,6.0,9.0,2.571
Israel,1946.0,Merchants / Shopkeepers,4.0,4.0,7.0,4.0,6.0,2.057
Israel,1946.0,Priesthood / Knowledge Workers,7.0,6.0,5.0,7.0,14.5,3.086
Israel,1946.0,Proletariat,4.0,4.0,8.0,3.0,5.5,2.000
Israel,1946.0,Property,5.0,6.0,6.0,5.0,9.5,2.514
Israel,1946.0,StateMemory,6.0,5.0,5.0,7.0,12.5,2.857
Israel,1946.0,Trades / Professions,5.0,5.0,7.0,4.0,7.5,2.286
Israel,1947.0,Army,5.0,5.0,8.0,5.0,7.5,2.343
Israel,1947.0,Executive,7.0,6.0,7.0,7.0,13.0,2.914
Israel,1947.0,Merchants / Shopkeepers,5.0,5.0,7.0,5.0,8.0,2.314
Israel,1947.0,Priesthood / Knowledge Workers,7.0,6.0,5.0,7.0,14.0,3.029
Israel,1947.0,Proletariat,5.0,5.0,7.0,4.0,7.5,2.286
Israel,1947.0,Property,6.0,7.0,6.0,6.0,12.0,2.829
Israel,1947.0,StateMemory,7.0,6.0,6.0,7.0,14.5,3.143
Israel,1947.0,Trades / Professions,6.0,6.0,7.0,5.0,10.0,2.600
Israel,1948.0,Army,6.0,6.0,7.0,6.0,11.0,2.771
Israel,1948.0,Executive,8.0,7.0,6.0,8.0,17.0,3.257
Israel,1948.0,Merchants / Shopkeepers,6.0,6.0,6.0,6.0,11.0,2.771
Israel,1948.0,Priesthood / Knowledge Workers,7.0,6.0,4.0,7.0,14.0,3.029
Israel,1948.0,Proletariat,6.0,6.0,6.0,5.0,11.0,2.771
Israel,1948.0,Property,7.0,8.0,5.0,7.0,16.5,3.257
Israel,1948.0,StateMemory,8.0,7.0,5.0,8.0,18.0,3.514
Israel,1948.0,Trades / Professions,7.0,7.0,6.0,6.0,13.0,3.029
Israel,1949.0,Army,7.0,7.0,6.0,7.0,14.5,3.143
Israel,1949.0,Executive,8.0,8.0,5.0,8.0,19.0,3.486
Israel,1949.0,Merchants / Shopkeepers,7.0,7.0,5.0,7.0,15.5,3.143
Israel,1949.0,Priesthood / Knowledge Workers,7.0,7.0,4.0,7.0,15.0,3.143
Israel,1949.0,Proletariat,7.0,7.0,5.0,6.0,15.0,3.143
Israel,1949.0,Property,8.0,8.0,4.0,7.0,18.0,3.486
Israel,1949.0,StateMemory,8.0,8.0,4.0,8.0,19.0,3.657
Israel,1949.0,Trades / Professions,7.0,7.0,5.0,7.0,15.5,3.143
Israel,1950.0,Army,7.0,7.0,5.0,7.0,15.5,3.200
Israel,1950.0,Executive,8.0,8.0,4.0,8.0,19.0,3.486
Israel,1950.0,Merchants / Shopkeepers,7.0,7.0,5.0,7.0,15.5,3.143
Israel,1950.0,Priesthood / Knowledge Workers,7.0,7.0,4.0,7.0,15.0,3.143
Israel,1950.0,Proletariat,7.0,7.0,5.0,6.0,15.0,3.143
Israel,1950.0,Property,8.0,8.0,4.0,7.0,18.0,3.486
Israel,1950.0,StateMemory,8.0,8.0,4.0,8.0,19.0,3.657
Israel,1950.0,Trades / Professions,7.0,7.0,5.0,7.0,15.5,3.143
Israel,1951.0,Army,7.0,7.0,5.0,7.0,16.5,3.200
Israel,1951.0,Executive,8.0,8.0,4.0,8.0,19.0,3.486
Israel,1951.0,Merchants / Shopkeepers,7.0,7.0,5.0,7.0,15.5,3.143
Israel,1951.0,Priesthood / Knowledge Workers,7.0,7.0,4.0,7.0,15.0,3.143
Israel,1951.0,Proletariat,7.0,7.0,5.0,6.0,15.0,3.143
Israel,1951.0,Property,8.0,8.0,4.0,7.0,18.0,3.486
Israel,1951.0,StateMemory,8.0,8.0,4.0,8.0,19.0,3.657
Israel,1951.0,Trades / Professions,7.0,7.0,5.0,7.0,15.5,3.143
Israel,1952.0,Army,7.0,7.0,5.0,7.0,16.5,3.200
Israel,1952.0,Executive,8.0,8.0,4.0,8.0,19.0,3.486
Israel,1952.0,Merchants / Shopkeepers,7.0,7.0,5.0,7.0,15.5,3.143
Israel,1952.0,Priesthood / Knowledge Workers,7.0,7.0,4.0,7.0,15.0,3.143
Israel,1952.0,Proletariat,7.0,7.0,5.0,6.0,15.0,3.143
Israel,1952.0,Property,8.0,8.0,4.0,7.0,18.0,3.486
Israel,1952.0,StateMemory,8.0,8.0,4.0,8.0,19.0,3.657
Israel,1952.0,Trades / Professions,7.0,7.0,5.0,7.0,15.5,3.143
Israel,1953.0,Army,7.0,7.0,5.0,7.0,16.5,3.200
Israel,1953.0,Executive,8.0,8.0,4.0,8.0,19.0,3.486
Israel,1953.0,Merchants / Shopkeepers,7.0,7.0,5.0,7.0,15.5,3.143
Israel,1953.0,Priesthood / Knowledge Workers,7.0,7.0,4.0,7.0,15.0,3.143
Israel,1953.0,Proletariat,7.0,7.0,5.0,6.0,15.0,3.143
Israel,1953.0,Property,8.0,8.0,4.0,7.0,18.0,3.486
Israel,1953.0,StateMemory,8.0,8.0,4.0,8.0,19.0,3.657
Israel,1953.0,Trades / Professions,7.0,7.0,5.0,7.0,15.5,3.143
Israel,1954.0,Army,7.0,7.0,5.0,7.0,16.5,3.200
Israel,1954.0,Executive,8.0,8.0,4.0,8.0,19.0,3.486
Israel,1954.0,Merchants / Shopkeepers,7.0,7.0,5.0,7.0,15.5,3.143
Israel,1954.0,Priesthood / Knowledge Workers,7.0,7.0,4.0,7.0,15.0,3.143
Israel,1954.0,Proletariat,7.0,7.0,5.0,6.0,15.0,3.143
Israel,1954.0,Property,8.0,8.0,4.0,7.0,18.0,3.486
Israel,1954.0,StateMemory,8.0,8.0,4.0,8.0,19.0,3.657
Israel,1954.0,Trades / Professions,7.0,7.0,5.0,7.0,15.5,3.143
Israel,1955.0,Army,7.0,7.0,5.0,7.0,16.5,3.200
Israel,1955.0,Executive,8.0,8.0,4.0,8.0,19.0,3.486
Israel,1955.0,Merchants / Shopkeepers,7.0,7.0,5.0,7.0,15.5,3.143
Israel,1955.0,Priesthood / Knowledge Workers,7.0,7.0,4.0,7.0,15.0,3.143
Israel,1955.0,Proletariat,7.0,7.0,5.0,6.0,15.0,3.143
Israel,1955.0,Property,8.0,8.0,4.0,7.0,18.0,3.486
Israel,1955.0,StateMemory,8.0,8.0,4.0,8.0,19.0,3.657
Israel,1955.0,Trades / Professions,7.0,7.0,5.0,7.0,15.5,3.143
Israel,1956.0,Army,7.0,7.0,5.0,7.0,16.5,3.200
Israel,1956.0,Executive,8.0,8.0,4.0,8.0,19.0,3.486
Israel,1956.0,Merchants / Shopkeepers,7.0,7.0,5.0,7.0,15.5,3.143
Israel,1956.0,Priesthood / Knowledge Workers,7.0,7.0,4.0,7.0,15.0,3.143
Israel,1956.0,Proletariat,7.0,7.0,5.0,6.0,15.0,3.143
Israel,1956.0,Property,8.0,8.0,4.0,7.0,18.0,3.486
Israel,1956.0,StateMemory,8.0,8.0,4.0,8.0,19.0,3.657
Israel,1956.0,Trades / Professions,7.0,7.0,5.0,7.0,15.5,3.143
Israel,1957.0,Army,7.0,7.0,5.0,7.0,16.5,3.200
Israel,1957.0,Executive,8.0,8.0,4.0,8.0,19.0,3.486
Israel,1957.0,Merchants / Shopkeepers,7.0,7.0,5.0,7.0,15.5,3.143
Israel,1957.0,Priesthood / Knowledge Workers,7.0,7.0,4.0,7.0,15.0,3.143
Israel,1957.0,Proletariat,7.0,7.0,5.0,6.0,15.0,3.143
Israel,1957.0,Property,8.0,8.0,4.0,7.0,18.0,3.486
Israel,1957.0,StateMemory,8.0,8.0,4.0,8.0,19.0,3.657
Israel,1957.0,Trades / Professions,7.0,7.0,5.0,7.0,15.5,3.143
Israel,1958.0,Army,7.0,7.0,5.0,7.0,16.5,3.200
Israel,1958.0,Executive,8.0,8.0,4.0,8.0,19.0,3.486
Israel,1958.0,Merchants / Shopkeepers,7.0,7.0,5.0,7.0,15.5,3.143
Israel,1958.0,Priesthood / Knowledge Workers,7.0,7.0,4.0,7.0,15.0,3.143
Israel,1958.0,Proletariat,7.0,7.0,5.0,6.0,15.0,3.143
Israel,1958.0,Property,8.0,8.0,4.0,7.0,18.0,3.486
Israel,1958.0,StateMemory,8.0,8.0,4.0,8.0,19.0,3.657
Israel,1958.0,Trades / Professions,7.0,7.0,5.0,7.0,15.5,3.143
Israel,1959.0,Army,7.0,7.0,5.0,7.0,16.5,3.200
Israel,1959.0,Executive,8.0,8.0,4.0,8.0,19.0,3.486
Israel,1959.0,Merchants / Shopkeepers,7.0,7.0,5.0,7.0,15.5,3.143
Israel,1959.0,Priesthood / Knowledge Workers,7.0,7.0,4.0,7.0,15.0,3.143
Israel,1959.0,Proletariat,7.0,7.0,5.0,6.0,15.0,3.143
Israel,1959.0,Property,8.0,8.0,4.0,7.0,18.0,3.486
Israel,1959.0,StateMemory,8.0,8.0,4.0,8.0,19.0,3.657
Israel,1959.0,Trades / Professions,7.0,7.0,5.0,7.0,15.5,3.143
Israel,1960.0,Army,7.0,7.0,5.0,7.0,16.5,3.200
Israel,1960.0,Executive,8.0,8.0,4.0,8.0,19.0,3.486
Israel,1960.0,Merchants / Shopkeepers,7.0,7.0,5.0,7.0,15.5,3.143
Israel,1960.0,Priesthood / Knowledge Workers,7.0,7.0,4.0,7.0,15.0,3.143
Israel,1960.0,Proletariat,7.0,7.0,5.0,6.0,15.0,3.143
Israel,1960.0,Property,8.0,8.0,4.0,7.0,18.0,3.486
Israel,1960.0,StateMemory,8.0,8.0,4.0,8.0,19.0,3.657
Israel,1960.0,Trades / Professions,7.0,7.0,5.0,7.0,15.5,3.143
Israel,1961.0,Army,7.0,7.0,5.0,7.0,16.5,3.200
Israel,1961.0,Executive,8.0,8.0,4.0,8.0,19.0,3.486
Israel,1961.0,Merchants / Shopkeepers,7.0,7.0,5.0,7.0,15.5,3.143
Israel,1961.0,Priesthood / Knowledge Workers,7.0,7.0,4.0,7.0,15.0,3.143
Israel,1961.0,Proletariat,7.0,7.0,5.0,6.0,15.0,3.143
Israel,1961.0,Property,8.0,8.0,4.0,7.0,18.0,3.486
Israel,1961.0,StateMemory,8.0,8.0,4.0,8.0,19.0,3.657
Israel,1961.0,Trades / Professions,7.0,7.0,5.0,7.0,15.5,3.143
Israel,1961.0,Army,7.0,7.0,5.0,7.0,16.5,3.200
Israel,1961.0,Executive,8.0,8.0,4.0,8.0,19.0,3.486
Israel,1961.0,Merchants / Shopkeepers,7.0,7.0,5.0,7.0,15.5,3.143
Israel,1961.0,Priesthood / Knowledge Workers,7.0,7.0,4.0,7.0,15.0,3.143
Israel,1961.0,Proletariat,7.0,7.0,5.0,6.0,15.0,3.143
Israel,1961.0,Property,8.0,8.0,4.0,7.0,18.0,3.486
Israel,1961.0,StateMemory,8.0,8.0,4.0,8.0,19.0,3.657
Israel,1961.0,Trades / Professions,7.0,7.0,5.0,7.0,15.5,3.143
Israel,1962.0,Army,7.0,7.0,5.0,7.0,16.5,3.200
Israel,1962.0,Executive,8.0,8.0,4.0,8.0,19.0,3.486
Israel,1962.0,Merchants / Shopkeepers,7.0,7.0,5.0,7.0,15.5,3.143
Israel,1962.0,Priesthood / Knowledge Workers,7.0,7.0,4.0,7.0,15.0,3.143
Israel,1962.0,Proletariat,7.0,7.0,5.0,6.0,15.0,3.143
Israel,1962.0,Property,8.0,8.0,4.0,7.0,18.0,3.486
Israel,1962.0,StateMemory,8.0,8.0,4.0,8.0,19.0,3.657
Israel,1962.0,Trades / Professions,7.0,7.0,5.0,7.0,15.5,3.143
Israel,1963.0,Army,7.0,7.0,5.0,7.0,16.5,3.200
Israel,1963.0,Executive,8.0,8.0,4.0,8.0,19.0,3.486
Israel,1963.0,Merchants / Shopkeepers,7.0,7.0,5.0,7.0,15.5,3.143
Israel,1963.0,Priesthood / Knowledge Workers,7.0,7.0,4.0,7.0,15.0,3.143
Israel,1963.0,Proletariat,7.0,7.0,5.0,6.0,15.0,3.143
Israel,1963.0,Property,8.0,8.0,4.0,7.0,18.0,3.486
Israel,1963.0,StateMemory,8.0,8.0,4.0,8.0,19.0,3.657
Israel,1963.0,Trades / Professions,7.0,7.0,5.0,7.0,15.5,3.143
Israel,1964.0,Army,7.0,7.0,5.0,7.0,16.5,3.200
Israel,1964.0,Executive,8.0,8.0,4.0,8.0,19.0,3.486
Israel,1964.0,Merchants / Shopkeepers,7.0,7.0,5.0,7.0,15.5,3.143
Israel,1964.0,Priesthood / Knowledge Workers,7.0,7.0,4.0,7.0,15.0,3.143
Israel,1964.0,Proletariat,7.0,7.0,5.0,6.0,15.0,3.143
Israel,1964.0,Property,8.0,8.0,4.0,7.0,18.0,3.486
Israel,1964.0,StateMemory,8.0,8.0,4.0,8.0,19.0,3.657
Israel,1964.0,Trades / Professions,7.0,7.0,5.0,7.0,15.5,3.143
Israel,1965.0,Army,8.0,8.0,5.0,7.0,17.5,3.371
Israel,1965.0,Executive,8.0,8.0,4.0,8.0,19.0,3.486
Israel,1965.0,Merchants / Shopkeepers,8.0,8.0,5.0,7.0,17.0,3.314
Israel,1965.0,Priesthood / Knowledge Workers,7.0,7.0,5.0,7.0,16.0,3.200
Israel,1965.0,Proletariat,8.0,8.0,5.0,6.0,17.0,3.314
Israel,1965.0,Property,8.0,8.0,4.0,7.0,18.0,3.486
Israel,1965.0,StateMemory,8.0,8.0,4.0,8.0,19.0,3.657
Israel,1965.0,Trades / Professions,8.0,8.0,5.0,7.0,17.0,3.314
Israel,1966.0,Army,8.0,8.0,5.0,7.0,17.5,3.371
Israel,1966.0,Executive,8.0,8.0,4.0,8.0,19.0,3.486
Israel,1966.0,Merchants / Shopkeepers,8.0,8.0,5.0,7.0,17.0,3.314
Israel,1966.0,Priesthood / Knowledge Workers,7.0,7.0,5.0,7.0,16.0,3.200
Israel,1966.0,Proletariat,8.0,8.0,5.0,6.0,17.0,3.314
Israel,1966.0,Property,8.0,8.0,4.0,7.0,18.0,3.486
Israel,1966.0,StateMemory,8.0,8.0,4.0,8.0,19.0,3.657
Israel,1966.0,Trades / Professions,8.0,8.0,5.0,7.0,17.0,3.314
Israel,1967.0,Army,8.0,8.0,6.0,7.0,17.0,3.314
Israel,1967.0,Executive,8.0,8.0,5.0,8.0,19.5,3.543
Israel,1967.0,Merchants / Shopkeepers,8.0,8.0,6.0,7.0,18.0,3.429
Israel,1967.0,Priesthood / Knowledge Workers,7.0,7.0,6.0,7.0,16.5,3.257
Israel,1967.0,Proletariat,8.0,8.0,6.0,6.0,18.0,3.429
Israel,1967.0,Property,8.0,8.0,5.0,7.0,18.5,3.486
Israel,1967.0,StateMemory,8.0,8.0,5.0,8.0,19.5,3.714
Israel,1967.0,Trades / Professions,8.0,8.0,6.0,7.0,18.0,3.429
Israel,1968.0,Army,8.0,8.0,6.0,7.0,17.0,3.314
Israel,1968.0,Executive,8.0,8.0,5.0,8.0,19.5,3.543
Israel,1968.0,Merchants / Shopkeepers,8.0,8.0,6.0,7.0,18.0,3.429
Israel,1968.0,Priesthood / Knowledge Workers,7.0,7.0,6.0,7.0,16.5,3.257
Israel,1968.0,Proletariat,8.0,8.0,6.0,6.0,18.0,3.429
Israel,1968.0,Property,8.0,8.0,5.0,7.0,18.5,3.486
Israel,1968.0,StateMemory,8.0,8.0,5.0,8.0,19.5,3.714
Israel,1968.0,Trades / Professions,8.0,8.0,6.0,7.0,18.0,3.429
Israel,1969.0,Army,8.0,8.0,6.0,7.0,17.0,3.314
Israel,1969.0,Executive,8.0,8.0,5.0,8.0,19.5,3.543
Israel,1969.0,Merchants / Shopkeepers,8.0,8.0,6.0,7.0,18.0,3.429
Israel,1969.0,Priesthood / Knowledge Workers,7.0,7.0,6.0,7.0,16.5,3.257
Israel,1969.0,Proletariat,8.0,8.0,6.0,6.0,18.0,3.429
Israel,1969.0,Property,8.0,8.0,5.0,7.0,18.5,3.486
Israel,1969.0,StateMemory,8.0,8.0,5.0,8.0,19.5,3.714
Israel,1969.0,Trades / Professions,8.0,8.0,6.0,7.0,18.0,3.429
Israel,1970.0,Army,8.0,8.0,7.0,7.0,17.5,3.371
Israel,1970.0,Executive,8.0,8.0,6.0,8.0,19.0,3.486
Israel,1970.0,Merchants / Shopkeepers,8.0,8.0,7.0,7.0,18.5,3.486
Israel,1970.0,Priesthood / Knowledge Workers,7.0,7.0,7.0,7.0,16.5,3.257
Israel,1970.0,Proletariat,8.0,8.0,7.0,6.0,18.5,3.486
Israel,1970.0,Property,8.0,8.0,6.0,7.0,19.0,3.486
Israel,1970.0,StateMemory,8.0,8.0,6.0,8.0,19.0,3.657
Israel,1970.0,Trades / Professions,8.0,8.0,7.0,7.0,18.5,3.486
Israel,1971.0,Army,8.0,8.0,7.0,7.0,17.5,3.371
Israel,1971.0,Executive,8.0,8.0,6.0,8.0,19.0,3.486
Israel,1971.0,Merchants / Shopkeepers,8.0,8.0,7.0,7.0,18.5,3.486
Israel,1971.0,Priesthood / Knowledge Workers,7.0,7.0,7.0,7.0,16.5,3.257
Israel,1971.0,Proletariat,8.0,8.0,7.0,6.0,18.5,3.486
Israel,1971.0,Property,8.0,8.0,6.0,7.0,19.0,3.486
Israel,1971.0,StateMemory,8.0,8.0,6.0,8.0,19.0,3.657
Israel,1971.0,Trades / Professions,8.0,8.0,7.0,7.0,18.5,3.486
Israel,1972.0,Army,8.0,8.0,7.0,7.0,17.5,3.371
Israel,1972.0,Executive,8.0,8.0,6.0,8.0,19.0,3.486
Israel,1972.0,Merchants / Shopkeepers,8.0,8.0,7.0,7.0,18.5,3.486
Israel,1972.0,Priesthood / Knowledge Workers,7.0,7.0,7.0,7.0,16.5,3.257
Israel,1972.0,Proletariat,8.0,8.0,7.0,6.0,18.5,3.486
Israel,1972.0,Property,8.0,8.0,6.0,7.0,19.0,3.486
Israel,1972.0,StateMemory,8.0,8.0,6.0,8.0,19.0,3.657
Israel,1972.0,Trades / Professions,8.0,8.0,7.0,7.0,18.5,3.486
Israel,1973.0,Army,7.0,7.0,8.0,6.0,12.0,2.686
Israel,1973.0,Executive,7.0,7.0,8.0,7.0,12.5,2.743
Israel,1973.0,Merchants / Shopkeepers,7.0,7.0,8.0,7.0,12.5,2.743
Israel,1973.0,Priesthood / Knowledge Workers,7.0,7.0,8.0,7.0,12.5,2.743
Israel,1973.0,Proletariat,7.0,7.0,8.0,6.0,13.5,2.800
Israel,1973.0,Property,7.0,7.0,8.0,7.0,12.5,2.743
Israel,1973.0,StateMemory,7.0,7.0,8.0,7.0,12.5,2.743
Israel,1973.0,Trades / Professions,7.0,7.0,8.0,7.0,12.5,2.743
Israel,1974.0,Army,7.0,7.0,8.0,6.0,12.0,2.686
Israel,1974.0,Executive,7.0,7.0,8.0,7.0,12.5,2.743
Israel,1974.0,Merchants / Shopkeepers,7.0,7.0,8.0,7.0,12.5,2.743
Israel,1974.0,Priesthood / Knowledge Workers,7.0,7.0,8.0,7.0,12.5,2.743
Israel,1974.0,Proletariat,7.0,7.0,8.0,6.0,13.5,2.800
Israel,1974.0,Property,7.0,7.0,8.0,7.0,12.5,2.743
Israel,1974.0,StateMemory,7.0,7.0,8.0,7.0,12.5,2.743
Israel,1974.0,Trades / Professions,7.0,7.0,8.0,7.0,12.5,2.743
Israel,1975.0,Army,7.0,7.0,8.0,6.0,12.0,2.686
Israel,1975.0,Executive,7.0,7.0,8.0,7.0,12.5,2.743
Israel,1975.0,Merchants / Shopkeepers,7.0,7.0,8.0,7.0,12.5,2.743
Israel,1975.0,Priesthood / Knowledge Workers,7.0,7.0,8.0,7.0,12.5,2.743
Israel,1975.0,Proletariat,7.0,7.0,8.0,6.0,13.5,2.800
Israel,1975.0,Property,7.0,7.0,8.0,7.0,12.5,2.743
Israel,1975.0,StateMemory,7.0,7.0,8.0,7.0,12.5,2.743
Israel,1975.0,Trades / Professions,7.0,7.0,8.0,7.0,12.5,2.743
Israel,1975.0,Army,7.0,7.0,8.0,6.0,12.0,2.686
Israel,1975.0,Executive,7.0,7.0,8.0,7.0,12.5,2.743
Israel,1975.0,Merchants / Shopkeepers,7.0,7.0,8.0,7.0,12.5,2.743
Israel,1975.0,Priesthood / Knowledge Workers,7.0,7.0,8.0,7.0,12.5,2.743
Israel,1975.0,Proletariat,7.0,7.0,8.0,6.0,13.5,2.800
Israel,1975.0,Property,7.0,7.0,8.0,7.0,12.5,2.743
Israel,1975.0,StateMemory,7.0,7.0,8.0,7.0,12.5,2.743
Israel,1975.0,Trades / Professions,7.0,7.0,8.0,7.0,12.5,2.743
Israel,1976.0,Army,7.0,7.0,8.0,6.0,12.0,2.686
Israel,1976.0,Executive,7.0,7.0,8.0,7.0,12.5,2.743
Israel,1976.0,Merchants / Shopkeepers,7.0,7.0,8.0,7.0,12.5,2.743
Israel,1976.0,Priesthood / Knowledge Workers,7.0,7.0,8.0,7.0,12.5,2.743
Israel,1976.0,Proletariat,7.0,7.0,8.0,6.0,13.5,2.800
Israel,1976.0,Property,7.0,7.0,8.0,7.0,12.5,2.743
Israel,1976.0,StateMemory,7.0,7.0,8.0,7.0,12.5,2.743
Israel,1976.0,Trades / Professions,7.0,7.0,8.0,7.0,12.5,2.743
Israel,1977.0,Army,7.0,7.0,8.0,6.0,12.0,2.686
Israel,1977.0,Executive,7.0,7.0,8.0,7.0,12.5,2.743
Israel,1977.0,Merchants / Shopkeepers,7.0,7.0,8.0,7.0,12.5,2.743
Israel,1977.0,Priesthood / Knowledge Workers,7.0,7.0,8.0,7.0,12.5,2.743
Israel,1977.0,Proletariat,7.0,7.0,8.0,6.0,13.5,2.800
Israel,1977.0,Property,7.0,7.0,8.0,7.0,12.5,2.743
Israel,1977.0,StateMemory,7.0,7.0,8.0,7.0,12.5,2.743
Israel,1977.0,Trades / Professions,7.0,7.0,8.0,7.0,12.5,2.743
Israel,1978.0,Army,7.0,7.0,8.0,6.0,12.0,2.686
Israel,1978.0,Executive,7.0,7.0,8.0,7.0,12.5,2.743
Israel,1978.0,Merchants / Shopkeepers,7.0,7.0,8.0,7.0,12.5,2.743
Israel,1978.0,Priesthood / Knowledge Workers,7.0,7.0,8.0,7.0,12.5,2.743
Israel,1978.0,Proletariat,7.0,7.0,8.0,6.0,13.5,2.800
Israel,1978.0,Property,7.0,7.0,8.0,7.0,12.5,2.743
Israel,1978.0,StateMemory,7.0,7.0,8.0,7.0,12.5,2.743
Israel,1978.0,Trades / Professions,7.0,7.0,8.0,7.0,12.5,2.743
Israel,1979.0,Army,7.0,7.0,8.0,6.0,12.0,2.686
Israel,1979.0,Executive,7.0,7.0,8.0,7.0,12.5,2.743
Israel,1979.0,Merchants / Shopkeepers,7.0,7.0,8.0,7.0,12.5,2.743
Israel,1979.0,Priesthood / Knowledge Workers,7.0,7.0,8.0,7.0,12.5,2.743
Israel,1979.0,Proletariat,7.0,7.0,8.0,6.0,13.5,2.800
Israel,1979.0,Property,7.0,7.0,8.0,7.0,12.5,2.743
Israel,1979.0,StateMemory,7.0,7.0,8.0,7.0,12.5,2.743
Israel,1979.0,Trades / Professions,7.0,7.0,8.0,7.0,12.5,2.743
Israel,1980.0,Army,7.0,7.0,7.0,6.0,12.5,2.743
Israel,1980.0,Executive,7.0,7.0,7.0,7.0,13.0,2.800
Israel,1980.0,Merchants / Shopkeepers,7.0,7.0,7.0,7.0,13.0,2.800
Israel,1980.0,Priesthood / Knowledge Workers,7.0,7.0,7.0,7.0,13.0,2.800
Israel,1980.0,Proletariat,7.0,7.0,7.0,6.0,13.5,2.857
Israel,1980.0,Property,7.0,7.0,7.0,7.0,13.0,2.800
Israel,1980.0,StateMemory,7.0,7.0,7.0,7.0,13.0,2.800
Israel,1980.0,Trades / Professions,7.0,7.0,7.0,7.0,13.0,2.800
Israel,1981.0,Army,7.0,7.0,7.0,6.0,12.5,2.743
Israel,1981.0,Executive,7.0,7.0,7.0,7.0,13.0,2.800
Israel,1981.0,Merchants / Shopkeepers,7.0,7.0,7.0,7.0,13.0,2.800
Israel,1981.0,Priesthood / Knowledge Workers,7.0,7.0,7.0,7.0,13.0,2.800
Israel,1981.0,Proletariat,7.0,7.0,7.0,6.0,13.5,2.857
Israel,1981.0,Property,7.0,7.0,7.0,7.0,13.0,2.800
Israel,1981.0,StateMemory,7.0,7.0,7.0,7.0,13.0,2.800
Israel,1981.0,Trades / Professions,7.0,7.0,7.0,7.0,13.0,2.800
Israel,1982.0,Army,7.0,7.0,7.0,6.0,12.5,2.743
Israel,1982.0,Executive,7.0,7.0,7.0,7.0,13.0,2.800
Israel,1982.0,Merchants / Shopkeepers,7.0,7.0,7.0,7.0,13.0,2.800
Israel,1982.0,Priesthood / Knowledge Workers,7.0,7.0,7.0,7.0,13.0,2.800
Israel,1982.0,Proletariat,7.0,7.0,7.0,6.0,13.5,2.857
Israel,1982.0,Property,7.0,7.0,7.0,7.0,13.0,2.800
Israel,1982.0,StateMemory,7.0,7.0,7.0,7.0,13.0,2.800
Israel,1982.0,Trades / Professions,7.0,7.0,7.0,7.0,13.0,2.800
Israel,1983.0,Army,7.0,7.0,7.0,6.0,12.5,2.743
Israel,1983.0,Executive,7.0,7.0,7.0,7.0,13.0,2.800
Israel,1983.0,Merchants / Shopkeepers,7.0,7.0,7.0,7.0,13.0,2.800
Israel,1983.0,Priesthood / Knowledge Workers,7.0,7.0,7.0,7.0,13.0,2.800
Israel,1983.0,Proletariat,7.0,7.0,7.0,6.0,13.5,2.857
Israel,1983.0,Property,7.0,7.0,7.0,7.0,13.0,2.800
Israel,1983.0,StateMemory,7.0,7.0,7.0,7.0,13.0,2.800
Israel,1983.0,Trades / Professions,7.0,7.0,7.0,7.0,13.0,2.800
Israel,1984.0,Army,7.0,7.0,7.0,6.0,12.5,2.743
Israel,1984.0,Executive,7.0,7.0,7.0,7.0,13.0,2.800
Israel,1984.0,Merchants / Shopkeepers,7.0,7.0,7.0,7.0,13.0,2.800
Israel,1984.0,Priesthood / Knowledge Workers,7.0,7.0,7.0,7.0,13.0,2.800
Israel,1984.0,Proletariat,7.0,7.0,7.0,6.0,13.5,2.857
Israel,1984.0,Property,7.0,7.0,7.0,7.0,13.0,2.800
Israel,1984.0,StateMemory,7.0,7.0,7.0,7.0,13.0,2.800
Israel,1984.0,Trades / Professions,7.0,7.0,7.0,7.0,13.0,2.800
Israel,1985.0,Army,7.0,7.0,7.0,6.0,12.5,2.743
Israel,1985.0,Executive,7.0,7.0,7.0,7.0,13.0,2.800
Israel,1985.0,Merchants / Shopkeepers,7.0,7.0,7.0,7.0,13.0,2.800
Israel,1985.0,Priesthood / Knowledge Workers,7.0,7.0,7.0,7.0,13.0,2.800
Israel,1985.0,Proletariat,7.0,7.0,7.0,6.0,13.5,2.857
Israel,1985.0,Property,7.0,7.0,7.0,7.0,13.0,2.800
Israel,1985.0,StateMemory,7.0,7.0,7.0,7.0,13.0,2.800
Israel,1985.0,Trades / Professions,7.0,7.0,7.0,7.0,13.0,2.800
Israel,1986.0,Army,7.0,7.0,7.0,6.0,12.5,2.743
Israel,1986.0,Executive,7.0,7.0,7.0,7.0,13.0,2.800
Israel,1986.0,Merchants / Shopkeepers,7.0,7.0,7.0,7.0,13.0,2.800
Israel,1986.0,Priesthood / Knowledge Workers,7.0,7.0,7.0,7.0,13.0,2.800
Israel,1986.0,Proletariat,7.0,7.0,7.0,6.0,13.5,2.857
Israel,1986.0,Property,7.0,7.0,7.0,7.0,13.0,2.800
Israel,1986.0,StateMemory,7.0,7.0,7.0,7.0,13.0,2.800
Israel,1986.0,Trades / Professions,7.0,7.0,7.0,7.0,13.0,2.800
Israel,1987.0,Army,7.0,7.0,7.0,6.0,12.5,2.743
Israel,1987.0,Executive,7.0,7.0,7.0,7.0,13.0,2.800
Israel,1987.0,Merchants / Shopkeepers,7.0,7.0,7.0,7.0,13.0,2.800
Israel,1987.0,Priesthood / Knowledge Workers,7.0,7.0,7.0,7.0,13.0,2.800
Israel,1987.0,Proletariat,7.0,7.0,7.0,6.0,13.5,2.857
Israel,1987.0,Property,7.0,7.0,7.0,7.0,13.0,2.800
Israel,1987.0,StateMemory,7.0,7.0,7.0,7.0,13.0,2.800
Israel,1987.0,Trades / Professions,7.0,7.0,7.0,7.0,13.0,2.800
Israel,1988.0,Army,7.0,7.0,7.0,6.0,12.5,2.743
Israel,1988.0,Executive,7.0,7.0,7.0,7.0,13.0,2.800
Israel,1988.0,Merchants / Shopkeepers,7.0,7.0,7.0,7.0,13.0,2.800
Israel,1988.0,Priesthood / Knowledge Workers,7.0,7.0,7.0,7.0,13.0,2.800
Israel,1988.0,Proletariat,7.0,7.0,7.0,6.0,13.5,2.857
Israel,1988.0,Property,7.0,7.0,7.0,7.0,13.0,2.800
Israel,1988.0,StateMemory,7.0,7.0,7.0,7.0,13.0,2.800
Israel,1988.0,Trades / Professions,7.0,7.0,7.0,7.0,13.0,2.800
Israel,1989.0,Army,7.0,7.0,7.0,6.0,12.5,2.743
Israel,1989.0,Executive,7.0,7.0,7.0,7.0,13.0,2.800
Israel,1989.0,Merchants / Shopkeepers,7.0,7.0,7.0,7.0,13.0,2.800
Israel,1989.0,Priesthood / Knowledge Workers,7.0,7.0,7.0,7.0,13.0,2.800
Israel,1989.0,Proletariat,7.0,7.0,7.0,6.0,13.5,2.857
Israel,1989.0,Property,7.0,7.0,7.0,7.0,13.0,2.800
Israel,1989.0,StateMemory,7.0,7.0,7.0,7.0,13.0,2.800
Israel,1989.0,Trades / Professions,7.0,7.0,7.0,7.0,13.0,2.800
Israel,1990.0,Army,7.0,7.0,7.0,6.0,12.5,2.743
Israel,1990.0,Executive,7.0,7.0,7.0,7.0,13.0,2.800
Israel,1990.0,Merchants / Shopkeepers,7.0,7.0,7.0,7.0,13.0,2.800
Israel,1990.0,Priesthood / Knowledge Workers,7.0,7.0,7.0,7.0,13.0,2.800
Israel,1990.0,Proletariat,7.0,7.0,7.0,6.0,13.5,2.857
Israel,1990.0,Property,7.0,7.0,7.0,7.0,13.0,2.800
Israel,1990.0,StateMemory,7.0,7.0,7.0,7.0,13.0,2.800
Israel,1990.0,Trades / Professions,7.0,7.0,7.0,7.0,13.0,2.800
Israel,1991.0,Army,7.0,7.0,7.0,6.0,12.5,2.743
Israel,1991.0,Executive,7.0,7.0,7.0,7.0,13.0,2.800
Israel,1991.0,Merchants / Shopkeepers,7.0,7.0,7.0,7.0,13.0,2.800
Israel,1991.0,Priesthood / Knowledge Workers,7.0,7.0,7.0,7.0,13.0,2.800
Israel,1991.0,Proletariat,7.0,7.0,7.0,6.0,13.5,2.857
Israel,1991.0,Property,7.0,7.0,7.0,7.0,13.0,2.800
Israel,1991.0,StateMemory,7.0,7.0,7.0,7.0,13.0,2.800
Israel,1991.0,Trades / Professions,7.0,7.0,7.0,7.0,13.0,2.800
Israel,1992.0,Army,7.0,7.0,7.0,6.0,12.5,2.743
Israel,1992.0,Executive,7.0,7.0,7.0,7.0,13.0,2.800
Israel,1992.0,Merchants / Shopkeepers,7.0,7.0,7.0,7.0,13.0,2.800
Israel,1992.0,Priesthood / Knowledge Workers,7.0,7.0,7.0,7.0,13.0,2.800
Israel,1992.0,Proletariat,7.0,7.0,7.0,6.0,13.5,2.857
Israel,1992.0,Property,7.0,7.0,7.0,7.0,13.0,2.800
Israel,1992.0,StateMemory,7.0,7.0,7.0,7.0,13.0,2.800
Israel,1992.0,Trades / Professions,7.0,7.0,7.0,7.0,13.0,2.800
Israel,1993.0,Army,7.0,7.0,7.0,6.0,12.5,2.743
Israel,1993.0,Executive,7.0,7.0,7.0,7.0,13.0,2.800
Israel,1993.0,Merchants / Shopkeepers,7.0,7.0,7.0,7.0,13.0,2.800
Israel,1993.0,Priesthood / Knowledge Workers,7.0,7.0,7.0,7.0,13.0,2.800
Israel,1993.0,Proletariat,7.0,7.0,7.0,6.0,13.5,2.857
Israel,1993.0,Property,7.0,7.0,7.0,7.0,13.0,2.800
Israel,1993.0,StateMemory,7.0,7.0,7.0,7.0,13.0,2.800
Israel,1993.0,Trades / Professions,7.0,7.0,7.0,7.0,13.0,2.800
Israel,1994.0,Army,7.0,7.0,7.0,6.0,12.5,2.743
Israel,1994.0,Executive,7.0,7.0,7.0,7.0,13.0,2.800
Israel,1994.0,Merchants / Shopkeepers,7.0,7.0,7.0,7.0,13.0,2.800
Israel,1994.0,Priesthood / Knowledge Workers,7.0,7.0,7.0,7.0,13.0,2.800
Israel,1994.0,Proletariat,7.0,7.0,7.0,6.0,13.5,2.857
Israel,1994.0,Property,7.0,7.0,7.0,7.0,13.0,2.800
Israel,1994.0,StateMemory,7.0,7.0,7.0,7.0,13.0,2.800
Israel,1994.0,Trades / Professions,7.0,7.0,7.0,7.0,13.0,2.800
Israel,1995.0,Army,7.0,7.0,7.0,6.0,12.5,2.743
Israel,1995.0,Executive,7.0,7.0,7.0,7.0,13.0,2.800
Israel,1995.0,Merchants / Shopkeepers,7.0,7.0,7.0,7.0,13.0,2.800
Israel,1995.0,Priesthood / Knowledge Workers,7.0,7.0,7.0,7.0,13.0,2.800
Israel,1995.0,Proletariat,7.0,7.0,7.0,6.0,13.5,2.857
Israel,1995.0,Property,7.0,7.0,7.0,7.0,13.0,2.800
Israel,1995.0,StateMemory,7.0,7.0,7.0,7.0,13.0,2.800
Israel,1995.0,Trades / Professions,7.0,7.0,7.0,7.0,13.0,2.800
Israel,1996.0,Army,7.0,7.0,7.0,6.0,12.5,2.743
Israel,1996.0,Executive,7.0,7.0,7.0,7.0,13.0,2.800
Israel,1996.0,Merchants / Shopkeepers,7.0,7.0,7.0,7.0,13.0,2.800
Israel,1996.0,Priesthood / Knowledge Workers,7.0,7.0,7.0,7.0,13.0,2.800
Israel,1996.0,Proletariat,7.0,7.0,7.0,6.0,13.5,2.857
Israel,1996.0,Property,7.0,7.0,7.0,7.0,13.0,2.800
Israel,1996.0,StateMemory,7.0,7.0,7.0,7.0,13.0,2.800
Israel,1996.0,Trades / Professions,7.0,7.0,7.0,7.0,13.0,2.800
Israel,1997.0,Army,7.0,7.0,7.0,6.0,12.5,2.743
Israel,1997.0,Executive,7.0,7.0,7.0,7.0,13.0,2.800
Israel,1997.0,Merchants / Shopkeepers,7.0,7.0,7.0,7.0,13.0,2.800
Israel,1997.0,Priesthood / Knowledge Workers,7.0,7.0,7.0,7.0,13.0,2.800
Israel,1997.0,Proletariat,7.0,7.0,7.0,6.0,13.5,2.857
Israel,1997.0,Property,7.0,7.0,7.0,7.0,13.0,2.800
Israel,1997.0,StateMemory,7.0,7.0,7.0,7.0,13.0,2.800
Israel,1997.0,Trades / Professions,7.0,7.0,7.0,7.0,13.0,2.800
Israel,1998.0,Army,7.0,7.0,7.0,6.0,12.5,2.743
Israel,1998.0,Executive,7.0,7.0,7.0,7.0,13.0,2.800
Israel,1998.0,Merchants / Shopkeepers,7.0,7.0,7.0,7.0,13.0,2.800
Israel,1998.0,Priesthood / Knowledge Workers,7.0,7.0,7.0,7.0,13.0,2.800
Israel,1998.0,Proletariat,7.0,7.0,7.0,6.0,13.5,2.857
Israel,1998.0,Property,7.0,7.0,7.0,7.0,13.0,2.800
Israel,1998.0,StateMemory,7.0,7.0,7.0,7.0,13.0,2.800
Israel,1998.0,Trades / Professions,7.0,7.0,7.0,7.0,13.0,2.800
Israel,1999.0,Army,7.0,7.0,7.0,6.0,12.5,2.743
Israel,1999.0,Executive,7.0,7.0,7.0,7.0,13.0,2.800
Israel,1999.0,Merchants / Shopkeepers,7.0,7.0,7.0,7.0,13.0,2.800
Israel,1999.0,Priesthood / Knowledge Workers,7.0,7.0,7.0,7.0,13.0,2.800
Israel,1999.0,Proletariat,7.0,7.0,7.0,6.0,13.5,2.857
Israel,1999.0,Property,7.0,7.0,7.0,7.0,13.0,2.800
Israel,1999.0,StateMemory,7.0,7.0,7.0,7.0,13.0,2.800
Israel,1999.0,Trades / Professions,7.0,7.0,7.0,7.0,13.0,2.800
Israel,2000.0,Army,7.0,7.0,7.0,6.0,12.5,2.743
Israel,2000.0,Executive,7.0,7.0,7.0,7.0,13.0,2.800
Israel,2000.0,Merchants / Shopkeepers,7.0,7.0,7.0,7.0,13.0,2.800
Israel,2000.0,Priesthood / Knowledge Workers,7.0,7.0,7.0,7.0,13.0,2.800
Israel,2000.0,Proletariat,7.0,7.0,7.0,6.0,13.5,2.857
Israel,2000.0,Property,7.0,7.0,7.0,7.0,13.0,2.800
Israel,2000.0,StateMemory,7.0,7.0,7.0,7.0,13.0,2.800
Israel,2000.0,Trades / Professions,7.0,7.0,7.0,7.0,13.0,2.800
Israel,2001.0,Army,7.0,7.0,7.0,6.0,12.5,2.743
Israel,2001.0,Executive,7.0,7.0,7.0,7.0,13.0,2.800
Israel,2001.0,Merchants / Shopkeepers,7.0,7.0,7.0,7.0,13.0,2.800
Israel,2001.0,Priesthood / Knowledge Workers,7.0,7.0,7.0,7.0,13.0,2.800
Israel,2001.0,Proletariat,7.0,7.0,7.0,6.0,13.5,2.857
Israel,2001.0,Property,7.0,7.0,7.0,7.0,13.0,2.800
Israel,2001.0,StateMemory,7.0,7.0,7.0,7.0,13.0,2.800
Israel,2001.0,Trades / Professions,7.0,7.0,7.0,7.0,13.0,2.800
Israel,2002.0,Army,7.0,7.0,7.0,6.0,12.5,2.743
Israel,2002.0,Executive,7.0,7.0,7.0,7.0,13.0,2.800
Israel,2002.0,Merchants / Shopkeepers,7.0,7.0,7.0,7.0,13.0,2.800
Israel,2002.0,Priesthood / Knowledge Workers,7.0,7.0,7.0,7.0,13.0,2.800
Israel,2002.0,Proletariat,7.0,7.0,7.0,6.0,13.5,2.857
Israel,2002.0,Property,7.0,7.0,7.0,7.0,13.0,2.800
Israel,2002.0,StateMemory,7.0,7.0,7.0,7.0,13.0,2.800
Israel,2002.0,Trades / Professions,7.0,7.0,7.0,7.0,13.0,2.800
Israel,2003.0,Army,7.0,7.0,7.0,6.0,12.5,2.743
Israel,2003.0,Executive,7.0,7.0,7.0,7.0,13.0,2.800
Israel,2003.0,Merchants / Shopkeepers,7.0,7.0,7.0,7.0,13.0,2.800
Israel,2003.0,Priesthood / Knowledge Workers,7.0,7.0,7.0,7.0,13.0,2.800
Israel,2003.0,Proletariat,7.0,7.0,7.0,6.0,13.5,2.857
Israel,2003.0,Property,7.0,7.0,7.0,7.0,13.0,2.800
Israel,2003.0,StateMemory,7.0,7.0,7.0,7.0,13.0,2.800
Israel,2003.0,Trades / Professions,7.0,7.0,7.0,7.0,13.0,2.800
Israel,2004.0,Army,7.0,7.0,7.0,6.0,12.5,2.743
Israel,2004.0,Executive,7.0,7.0,7.0,7.0,13.0,2.800
Israel,2004.0,Merchants / Shopkeepers,7.0,7.0,7.0,7.0,13.0,2.800
Israel,2004.0,Priesthood / Knowledge Workers,7.0,7.0,7.0,7.0,13.0,2.800
Israel,2004.0,Proletariat,7.0,7.0,7.0,6.0,13.5,2.857
Israel,2004.0,Property,7.0,7.0,7.0,7.0,13.0,2.800
Israel,2004.0,StateMemory,7.0,7.0,7.0,7.0,13.0,2.800
Israel,2004.0,Trades / Professions,7.0,7.0,7.0,7.0,13.0,2.800
Israel,2005.0,Army,7.0,7.0,7.0,6.0,12.5,2.743
Israel,2005.0,Executive,7.0,7.0,7.0,7.0,13.0,2.800
Israel,2005.0,Merchants / Shopkeepers,7.0,7.0,7.0,7.0,13.0,2.800
Israel,2005.0,Priesthood / Knowledge Workers,7.0,7.0,7.0,7.0,13.0,2.800
Israel,2005.0,Proletariat,7.0,7.0,7.0,6.0,13.5,2.857
Israel,2005.0,Property,7.0,7.0,7.0,7.0,13.0,2.800
Israel,2005.0,StateMemory,7.0,7.0,7.0,7.0,13.0,2.800
Israel,2005.0,Trades / Professions,7.0,7.0,7.0,7.0,13.0,2.800
Israel,2006.0,Army,7.0,7.0,7.0,6.0,12.5,2.743
Israel,2006.0,Executive,7.0,7.0,7.0,7.0,13.0,2.800
Israel,2006.0,Merchants / Shopkeepers,7.0,7.0,7.0,7.0,13.0,2.800
Israel,2006.0,Priesthood / Knowledge Workers,7.0,7.0,7.0,7.0,13.0,2.800
Israel,2006.0,Proletariat,7.0,7.0,7.0,6.0,13.5,2.857
Israel,2006.0,Property,7.0,7.0,7.0,7.0,13.0,2.800
Israel,2006.0,StateMemory,7.0,7.0,7.0,7.0,13.0,2.800
Israel,2006.0,Trades / Professions,7.0,7.0,7.0,7.0,13.0,2.800
Israel,2007.0,Army,7.0,7.0,7.0,6.0,12.5,2.743
Israel,2007.0,Executive,7.0,7.0,7.0,7.0,13.0,2.800
Israel,2007.0,Merchants / Shopkeepers,7.0,7.0,7.0,7.0,13.0,2.800
Israel,2007.0,Priesthood / Knowledge Workers,7.0,7.0,7.0,7.0,13.0,2.800
Israel,2007.0,Proletariat,7.0,7.0,7.0,6.0,13.5,2.857
Israel,2007.0,Property,7.0,7.0,7.0,7.0,13.0,2.800
Israel,2007.0,StateMemory,7.0,7.0,7.0,7.0,13.0,2.800
Israel,2007.0,Trades / Professions,7.0,7.0,7.0,7.0,13.0,2.800
Israel,2008.0,Army,7.0,7.0,7.0,6.0,12.5,2.743
Israel,2008.0,Executive,7.0,7.0,7.0,7.0,13.0,2.800
Israel,2008.0,Merchants / Shopkeepers,7.0,7.0,7.0,7.0,13.0,2.800
Israel,2008.0,Priesthood / Knowledge Workers,7.0,7.0,7.0,7.0,13.0,2.800
Israel,2008.0,Proletariat,7.0,7.0,7.0,6.0,13.5,2.857
Israel,2008.0,Property,7.0,7.0,7.0,7.0,13.0,2.800
Israel,2008.0,StateMemory,7.0,7.0,7.0,7.0,13.0,2.800
Israel,2008.0,Trades / Professions,7.0,7.0,7.0,7.0,13.0,2.800
Israel,2009.0,Army,7.0,7.0,7.0,6.0,12.5,2.743
Israel,2009.0,Executive,7.0,7.0,7.0,7.0,13.0,2.800
Israel,2009.0,Merchants / Shopkeepers,7.0,7.0,7.0,7.0,13.0,2.800
Israel,2009.0,Priesthood / Knowledge Workers,7.0,7.0,7.0,7.0,13.0,2.800
Israel,2009.0,Proletariat,7.0,7.0,7.0,6.0,13.5,2.857
Israel,2009.0,Property,7.0,7.0,7.0,7.0,13.0,2.800
Israel,2009.0,StateMemory,7.0,7.0,7.0,7.0,13.0,2.800
Israel,2009.0,Trades / Professions,7.0,7.0,7.0,7.0,13.0,2.800
Israel,2010.0,Army,7.0,7.0,7.0,6.0,12.5,2.743
Israel,2010.0,Executive,7.0,7.0,7.0,7.0,13.0,2.800
Israel,2010.0,Merchants / Shopkeepers,7.0,7.0,7.0,7.0,13.0,2.800
Israel,2010.0,Priesthood / Knowledge Workers,7.0,7.0,7.0,7.0,13.0,2.800
Israel,2010.0,Proletariat,7.0,7.0,7.0,6.0,13.5,2.857
Israel,2010.0,Property,7.0,7.0,7.0,7.0,13.0,2.800
Israel,2010.0,StateMemory,7.0,7.0,7.0,7.0,13.0,2.800
Israel,2010.0,Trades / Professions,7.0,7.0,7.0,7.0,13.0,2.800
Israel,2010.0,Army,7.0,7.0,7.0,6.0,12.5,2.743
Israel,2010.0,Executive,7.0,7.0,7.0,7.0,13.0,2.800
Israel,2010.0,Merchants / Shopkeepers,7.0,7.0,7.0,7.0,13.0,2.800
Israel,2010.0,Priesthood / Knowledge Workers,7.0,7.0,7.0,7.0,13.0,2.800
Israel,2010.0,Proletariat,7.0,7.0,7.0,6.0,13.5,2.857
Israel,2010.0,Property,7.0,7.0,7.0,7.0,13.0,2.800
Israel,2010.0,StateMemory,7.0,7.0,7.0,7.0,13.0,2.800
Israel,2010.0,Trades / Professions,7.0,7.0,7.0,7.0,13.0,2.800
Israel,2011.0,Army,7.0,7.0,7.0,6.0,12.5,2.743
Israel,2011.0,Executive,7.0,7.0,7.0,7.0,13.0,2.800
Israel,2011.0,Merchants / Shopkeepers,7.0,7.0,7.0,7.0,13.0,2.800
Israel,2011.0,Priesthood / Knowledge Workers,7.0,7.0,7.0,7.0,13.0,2.800
Israel,2011.0,Proletariat,7.0,7.0,7.0,6.0,13.5,2.857
Israel,2011.0,Property,7.0,7.0,7.0,7.0,13.0,2.800
Israel,2011.0,StateMemory,7.0,7.0,7.0,7.0,13.0,2.800
Israel,2011.0,Trades / Professions,7.0,7.0,7.0,7.0,13.0,2.800
Israel,2012.0,Army,7.0,7.0,7.0,6.0,12.5,2.743
Israel,2012.0,Executive,7.0,7.0,7.0,7.0,13.0,2.800
Israel,2012.0,Merchants / Shopkeepers,7.0,7.0,7.0,7.0,13.0,2.800
Israel,2012.0,Priesthood / Knowledge Workers,7.0,7.0,7.0,7.0,13.0,2.800
Israel,2012.0,Proletariat,7.0,7.0,7.0,6.0,13.5,2.857
Israel,2012.0,Property,7.0,7.0,7.0,7.0,13.0,2.800
Israel,2012.0,StateMemory,7.0,7.0,7.0,7.0,13.0,2.800
Israel,2012.0,Trades / Professions,7.0,7.0,7.0,7.0,13.0,2.800
Israel,2013.0,Army,7.0,7.0,7.0,6.0,12.5,2.743
Israel,2013.0,Executive,7.0,7.0,7.0,7.0,13.0,2.800
Israel,2013.0,Merchants / Shopkeepers,7.0,7.0,7.0,7.0,13.0,2.800
Israel,2013.0,Priesthood / Knowledge Workers,7.0,7.0,7.0,7.0,13.0,2.800
Israel,2013.0,Proletariat,7.0,7.0,7.0,6.0,13.5,2.857
Israel,2013.0,Property,7.0,7.0,7.0,7.0,13.0,2.800
Israel,2013.0,StateMemory,7.0,7.0,7.0,7.0,13.0,2.800
Israel,2013.0,Trades / Professions,7.0,7.0,7.0,7.0,13.0,2.800
Israel,2014.0,Army,7.0,7.0,7.0,6.0,12.5,2.743
Israel,2014.0,Executive,7.0,7.0,7.0,7.0,13.0,2.800
Israel,2014.0,Merchants / Shopkeepers,7.0,7.0,7.0,7.0,13.0,2.800
Israel,2014.0,Priesthood / Knowledge Workers,7.0,7.0,7.0,7.0,13.0,2.800
Israel,2014.0,Proletariat,7.0,7.0,7.0,6.0,13.5,2.857
Israel,2014.0,Property,7.0,7.0,7.0,7.0,13.0,2.800
Israel,2014.0,StateMemory,7.0,7.0,7.0,7.0,13.0,2.800
Israel,2014.0,Trades / Professions,7.0,7.0,7.0,7.0,13.0,2.800
Israel,2015.0,Army,7.0,7.0,7.0,6.0,12.5,2.743
Israel,2015.0,Executive,7.0,7.0,7.0,7.0,13.0,2.800
Israel,2015.0,Merchants / Shopkeepers,7.0,7.0,7.0,7.0,13.0,2.800
Israel,2015.0,Priesthood / Knowledge Workers,7.0,7.0,7.0,7.0,13.0,2.800
Israel,2015.0,Proletariat,7.0,7.0,7.0,6.0,13.5,2.857
Israel,2015.0,Property,7.0,7.0,7.0,7.0,13.0,2.800
Israel,2015.0,StateMemory,7.0,7.0,7.0,7.0,13.0,2.800
Israel,2015.0,Trades / Professions,7.0,7.0,7.0,7.0,13.0,2.800
Israel,2016.0,Army,7.0,7.0,7.0,6.0,12.5,2.743
Israel,2016.0,Executive,7.0,7.0,7.0,7.0,13.0,2.800
Israel,2016.0,Merchants / Shopkeepers,7.0,7.0,7.0,7.0,13.0,2.800
Israel,2016.0,Priesthood / Knowledge Workers,7.0,7.0,7.0,7.0,13.0,2.800
Israel,2016.0,Proletariat,7.0,7.0,7.0,6.0,13.5,2.857
Israel,2016.0,Property,7.0,7.0,7.0,7.0,13.0,2.800
Israel,2016.0,StateMemory,7.0,7.0,7.0,7.0,13.0,2.800
Israel,2016.0,Trades / Professions,7.0,7.0,7.0,7.0,13.0,2.800
Israel,2017.0,Army,7.0,7.0,7.0,6.0,12.5,2.743
Israel,2017.0,Executive,7.0,7.0,7.0,7.0,13.0,2.800
Israel,2017.0,Merchants / Shopkeepers,7.0,7.0,7.0,7.0,13.0,2.800
Israel,2017.0,Priesthood / Knowledge Workers,7.0,7.0,7.0,7.0,13.0,2.800
Israel,2017.0,Proletariat,7.0,7.0,7.0,6.0,13.5,2.857
Israel,2017.0,Property,7.0,7.0,7.0,7.0,13.0,2.800
Israel,2017.0,StateMemory,7.0,7.0,7.0,7.0,13.0,2.800
Israel,2017.0,Trades / Professions,7.0,7.0,7.0,7.0,13.0,2.800
Israel,2018.0,Army,7.0,7.0,7.0,6.0,12.5,2.743
Israel,2018.0,Executive,7.0,7.0,7.0,7.0,13.0,2.800
Israel,2018.0,Merchants / Shopkeepers,7.0,7.0,7.0,7.0,13.0,2.800
Israel,2018.0,Priesthood / Knowledge Workers,7.0,7.0,7.0,7.0,13.0,2.800
Israel,2018.0,Proletariat,7.0,7.0,7.0,6.0,13.5,2.857
Israel,2018.0,Property,7.0,7.0,7.0,7.0,13.0,2.800
Israel,2018.0,StateMemory,7.0,7.0,7.0,7.0,13.0,2.800
Israel,2018.0,Trades / Professions,7.0,7.0,7.0,7.0,13.0,2.800
Israel,2019.0,Army,7.0,7.0,7.0,6.0,12.5,2.743
Israel,2019.0,Executive,7.0,7.0,7.0,7.0,13.0,2.800
Israel,2019.0,Merchants / Shopkeepers,7.0,7.0,7.0,7.0,13.0,2.800
Israel,2019.0,Priesthood / Knowledge Workers,7.0,7.0,7.0,7.0,13.0,2.800
Israel,2019.0,Proletariat,7.0,7.0,7.0,6.0,13.5,2.857
Israel,2019.0,Property,7.0,7.0,7.0,7.0,13.0,2.800
Israel,2019.0,StateMemory,7.0,7.0,7.0,7.0,13.0,2.800
Israel,2019.0,Trades / Professions,7.0,7.0,7.0,7.0,13.0,2.800
Israel,2020.0,Army,7.0,7.0,7.0,6.0,12.5,2.743
Israel,2020.0,Executive,7.0,7.0,7.0,7.0,13.0,2.800
Israel,2020.0,Merchants / Shopkeepers,7.0,7.0,7.0,7.0,13.0,2.800
Israel,2020.0,Priesthood / Knowledge Workers,7.0,7.0,7.0,7.0,13.0,2.800
Israel,2020.0,Proletariat,7.0,7.0,7.0,6.0,13.5,2.857
Israel,2020.0,Property,7.0,7.0,7.0,7.0,13.0,2.800
Israel,2020.0,StateMemory,7.0,7.0,7.0,7.0,13.0,2.800
Israel,2020.0,Trades / Professions,7.0,7.0,7.0,7.0,13.0,2.800
Israel,2021.0,Army,7.0,7.0,7.0,6.0,12.5,2.743
Israel,2021.0,Executive,7.0,7.0,7.0,7.0,13.0,2.800
Israel,2021.0,Merchants / Shopkeepers,7.0,7.0,7.0,7.0,13.0,2.800
Israel,2021.0,Priesthood / Knowledge Workers,7.0,7.0,7.0,7.0,13.0,2.800
Israel,2021.0,Proletariat,7.0,7.0,7.0,6.0,13.5,2.857
Israel,2021.0,Property,7.0,7.0,7.0,7.0,13.0,2.800
Israel,2021.0,StateMemory,7.0,7.0,7.0,7.0,13.0,2.800
Israel,2021.0,Trades / Professions,7.0,7.0,7.0,7.0,13.0,2.800
Israel,2022.0,Army,7.0,7.0,7.0,6.0,12.5,2.743
Israel,2022.0,Executive,7.0,7.0,7.0,7.0,13.0,2.800
Israel,2022.0,Merchants / Shopkeepers,7.0,7.0,7.0,7.0,13.0,2.800
Israel,2022.0,Priesthood / Knowledge Workers,7.0,7.0,7.0,7.0,13.0,2.800
Israel,2022.0,Proletariat,7.0,7.0,7.0,6.0,13.5,2.857
Israel,2022.0,Property,7.0,7.0,7.0,7.0,13.0,2.800
Israel,2022.0,StateMemory,7.0,7.0,7.0,7.0,13.0,2.800
Israel,2022.0,Trades / Professions,7.0,7.0,7.0,7.0,13.0,2.800
Israel,2023.0,Army,7.0,7.0,7.0,6.0,12.5,2.743
Israel,2023.0,Executive,7.0,7.0,7.0,7.0,13.0,2.800
Israel,2023.0,Merchants / Shopkeepers,7.0,7.0,7.0,7.0,13.0,2.800
Israel,2023.0,Priesthood / Knowledge Workers,7.0,7.0,7.0,7.0,13.0,2.800
Israel,2023.0,Proletariat,7.0,7.0,7.0,6.0,13.5,2.857
Israel,2023.0,Property,7.0,7.0,7.0,7.0,13.0,2.800
Israel,2023.0,StateMemory,7.0,7.0,7.0,7.0,13.0,2.800
Israel,2023.0,Trades / Professions,7.0,7.0,7.0,7.0,13.0,2.800
Israel,2024.0,Army,7.0,7.0,7.0,6.0,12.5,2.743
Israel,2024.0,Executive,7.0,7.0,7.0,7.0,13.0,2.800
Israel,2024.0,Merchants / Shopkeepers,7.0,7.0,7.0,7.0,13.0,2.800
Israel,2024.0,Priesthood / Knowledge Workers,7.0,7.0,7.0,7.0,13.0,2.800
Israel,2024.0,Proletariat,7.0,7.0,7.0,6.0,13.5,2.857
Israel,2024.0,Property,7.0,7.0,7.0,7.0,13.0,2.800
Israel,2024.0,StateMemory,7.0,7.0,7.0,7.0,13.0,2.800
Israel,2024.0,Trades / Professions,7.0,7.0,7.0,7.0,13.0,2.800
Israel,2025.0,Army,7.0,7.0,7.0,6.0,12.5,2.743
Israel,2025.0,Executive,7.0,7.0,7.0,7.0,13.0,2.800
Israel,2025.0,Merchants / Shopkeepers,7.0,7.0,7.0,7.0,13.0,2.800
Israel,2025.0,Priesthood / Knowledge Workers,7.0,7.0,7.0,7.0,13.0,2.800
Israel,2025.0,Proletariat,7.0,7.0,7.0,6.0,13.5,2.857
Israel,2025.0,Property,7.0,7.0,7.0,7.0,13.0,2.800
Israel,2025.0,StateMemory,7.0,7.0,7.0,7.0,13.0,2.800
Israel,2025.0,Trades / Professions,7.0,7.0,7.0,7.0,13.0,2.800
