Society,Year,Node,C_sd,K_sd,S_sd,A_sd,V_range,V_min,V_max
United Kingdom,1880,Helm,0.0,0.0,0.0,0.0,0.0,15.5,15.5
United Kingdom,1880,Shield,0.0,0.447,0.0,0.447,1.0,17.0,18.0
United Kingdom,1880,Lore,0.0,0.0,0.0,0.0,0.0,14.5,14.5
United Kingdom,1880,Stewards,0.0,0.0,0.548,0.447,1.0,15.0,16.0
United Kingdom,1880,Craft,0.0,0.0,0.0,0.0,0.0,15.0,15.0
United Kingdom,1880,Hands,0.0,0.0,0.0,0.0,0.0,7.0,7.0
United Kingdom,1880,Archive,0.0,0.548,0.0,0.0,1.0,16.5,17.5
United Kingdom,1880,Flow,0.0,0.447,0.0,0.0,1.0,17.5,18.5
United Kingdom,1881,Helm,0.0,0.0,0.0,0.0,0.0,15.5,15.5
United Kingdom,1881,Shield,0.0,0.447,0.0,0.447,1.0,17.0,18.0
United Kingdom,1881,Lore,0.0,0.0,0.0,0.0,0.0,14.5,14.5
United Kingdom,1881,Stewards,0.0,0.0,0.548,0.447,1.0,15.0,16.0
United Kingdom,1881,Craft,0.0,0.0,0.0,0.0,0.0,15.0,15.0
United Kingdom,1881,Hands,0.0,0.0,0.0,0.0,0.0,7.0,7.0
United Kingdom,1881,Archive,0.0,0.548,0.0,0.0,1.0,16.5,17.5
United Kingdom,1881,Flow,0.0,0.447,0.0,0.0,1.0,17.5,18.5
United Kingdom,1882,Helm,0.0,0.0,0.0,0.0,0.0,15.5,15.5
United Kingdom,1882,Shield,0.0,0.447,0.0,0.447,1.0,17.0,18.0
United Kingdom,1882,Lore,0.0,0.0,0.0,0.0,0.0,14.5,14.5
United Kingdom,1882,Stewards,0.0,0.0,0.548,0.447,1.0,15.0,16.0
United Kingdom,1882,Craft,0.0,0.0,0.0,0.0,0.0,15.0,15.0
United Kingdom,1882,Hands,0.0,0.0,0.0,0.0,0.0,7.0,7.0
United Kingdom,1882,Archive,0.0,0.548,0.0,0.0,1.0,16.5,17.5
United Kingdom,1882,Flow,0.0,0.447,0.0,0.0,1.0,17.5,18.5
United Kingdom,1883,Helm,0.0,0.0,0.0,0.0,0.0,15.5,15.5
United Kingdom,1883,Shield,0.0,0.447,0.0,0.447,1.0,17.0,18.0
United Kingdom,1883,Lore,0.0,0.0,0.0,0.0,0.0,14.5,14.5
United Kingdom,1883,Stewards,0.0,0.0,0.548,0.447,1.0,15.0,16.0
United Kingdom,1883,Craft,0.0,0.0,0.0,0.0,0.0,15.0,15.0
United Kingdom,1883,Hands,0.0,0.0,0.0,0.0,0.0,7.0,7.0
United Kingdom,1883,Archive,0.0,0.548,0.0,0.0,1.0,16.5,17.5
United Kingdom,1883,Flow,0.0,0.447,0.0,0.0,1.0,17.5,18.5
United Kingdom,1884,Helm,0.0,0.0,0.0,0.0,0.0,15.5,15.5
United Kingdom,1884,Shield,0.0,0.447,0.0,0.447,1.0,17.0,18.0
United Kingdom,1884,Lore,0.0,0.0,0.0,0.0,0.0,14.5,14.5
United Kingdom,1884,Stewards,0.0,0.0,0.548,0.447,1.0,15.0,16.0
United Kingdom,1884,Craft,0.0,0.0,0.0,0.0,0.0,15.0,15.0
United Kingdom,1884,Hands,0.0,0.0,0.0,0.0,0.0,8.0,8.0
United Kingdom,1884,Archive,0.0,0.548,0.0,0.0,1.0,16.5,17.5
United Kingdom,1884,Flow,0.0,0.447,0.0,0.0,1.0,17.5,18.5
United Kingdom,1885,Helm,0.0,0.0,0.0,0.0,0.0,12.5,12.5
United Kingdom,1885,Shield,0.0,0.447,0.0,0.447,1.0,17.0,18.0
United Kingdom,1885,Lore,0.0,0.0,0.0,0.0,0.0,14.5,14.5
United Kingdom,1885,Stewards,0.0,0.0,0.548,0.447,1.0,15.0,16.0
United Kingdom,1885,Craft,0.0,0.0,0.0,0.0,0.0,15.0,15.0
United Kingdom,1885,Hands,0.0,0.0,0.0,0.0,0.0,7.0,7.0
United Kingdom,1885,Archive,0.0,0.548,0.0,0.0,1.0,16.5,17.5
United Kingdom,1885,Flow,0.0,0.447,0.0,0.0,1.0,17.5,18.5
United Kingdom,1886,Helm,0.0,0.0,0.0,0.0,0.0,11.5,11.5
United Kingdom,1886,Shield,0.0,0.447,0.0,0.447,1.0,17.0,18.0
United Kingdom,1886,Lore,0.0,0.0,0.0,0.0,0.0,14.5,14.5
United Kingdom,1886,Stewards,0.0,0.0,0.548,0.447,1.0,15.0,16.0
United Kingdom,1886,Craft,0.0,0.0,0.0,0.0,0.0,14.0,14.0
United Kingdom,1886,Hands,0.0,0.0,0.0,0.0,0.0,7.0,7.0
United Kingdom,1886,Archive,0.0,0.548,0.0,0.0,1.0,16.5,17.5
United Kingdom,1886,Flow,0.0,0.447,0.0,0.0,1.0,15.5,16.5
United Kingdom,1887,Helm,0.0,0.0,0.0,0.0,0.0,15.5,15.5
United Kingdom,1887,Shield,0.0,0.447,0.0,0.447,1.0,17.0,18.0
United Kingdom,1887,Lore,0.0,0.0,0.0,0.0,0.0,14.5,14.5
United Kingdom,1887,Stewards,0.0,0.0,0.548,0.447,1.0,15.0,16.0
United Kingdom,1887,Craft,0.0,0.0,0.0,0.0,0.0,15.0,15.0
United Kingdom,1887,Hands,0.0,0.0,0.0,0.0,0.0,7.0,7.0
United Kingdom,1887,Archive,0.0,0.548,0.0,0.0,1.0,16.5,17.5
United Kingdom,1887,Flow,0.0,0.447,0.0,0.0,1.0,17.5,18.5
United Kingdom,1888,Helm,0.0,0.0,0.0,0.0,0.0,15.5,15.5
United Kingdom,1888,Shield,0.0,0.447,0.0,0.447,1.0,17.0,18.0
United Kingdom,1888,Lore,0.0,0.0,0.0,0.0,0.0,14.5,14.5
United Kingdom,1888,Stewards,0.0,0.0,0.548,0.447,1.0,15.0,16.0
United Kingdom,1888,Craft,0.0,0.0,0.0,0.0,0.0,15.0,15.0
United Kingdom,1888,Hands,0.0,0.0,0.0,0.0,0.0,7.0,7.0
United Kingdom,1888,Archive,0.0,0.548,0.0,0.0,1.0,16.5,17.5
United Kingdom,1888,Flow,0.0,0.447,0.0,0.0,1.0,17.5,18.5
United Kingdom,1889,Helm,0.0,0.0,0.0,0.0,0.0,15.5,15.5
United Kingdom,1889,Shield,0.0,0.447,0.0,0.447,1.0,17.0,18.0
United Kingdom,1889,Lore,0.0,0.0,0.0,0.0,0.0,14.5,14.5
United Kingdom,1889,Stewards,0.0,0.0,0.548,0.447,1.0,15.0,16.0
United Kingdom,1889,Craft,0.0,0.0,0.0,0.0,0.0,15.0,15.0
United Kingdom,1889,Hands,0.0,0.0,0.0,0.0,0.0,7.0,7.0
United Kingdom,1889,Archive,0.0,0.548,0.0,0.0,1.0,16.5,17.5
United Kingdom,1889,Flow,0.0,0.447,0.0,0.0,1.0,17.5,18.5
United Kingdom,1890,Helm,0.0,0.0,0.0,0.0,0.0,15.5,15.5
United Kingdom,1890,Shield,0.0,0.447,0.0,0.447,1.0,17.0,18.0
United Kingdom,1890,Lore,0.0,0.0,0.0,0.0,0.0,14.5,14.5
United Kingdom,1890,Stewards,0.0,0.0,0.548,0.447,1.0,15.0,16.0
United Kingdom,1890,Craft,0.0,0.0,0.0,0.0,0.0,15.0,15.0
United Kingdom,1890,Hands,0.0,0.0,0.0,0.0,0.0,6.0,6.0
United Kingdom,1890,Archive,0.0,0.548,0.0,0.0,1.0,16.5,17.5
United Kingdom,1890,Flow,0.0,0.447,0.0,0.0,1.0,17.5,18.5
United Kingdom,1891,Helm,0.0,0.0,0.0,0.0,0.0,15.5,15.5
United Kingdom,1891,Shield,0.0,0.447,0.0,0.447,1.0,17.0,18.0
United Kingdom,1891,Lore,0.0,0.0,0.0,0.0,0.0,14.5,14.5
United Kingdom,1891,Stewards,0.0,0.0,0.548,0.447,1.0,15.0,16.0
United Kingdom,1891,Craft,0.0,0.0,0.0,0.0,0.0,15.0,15.0
United Kingdom,1891,Hands,0.0,0.0,0.0,0.0,0.0,6.0,6.0
United Kingdom,1891,Archive,0.0,0.548,0.0,0.0,1.0,16.5,17.5
United Kingdom,1891,Flow,0.0,0.447,0.0,0.0,1.0,17.5,18.5
United Kingdom,1892,Helm,0.0,0.0,0.0,0.0,0.0,12.5,12.5
United Kingdom,1892,Shield,0.0,0.447,0.0,0.447,1.0,17.0,18.0
United Kingdom,1892,Lore,0.0,0.0,0.0,0.0,0.0,14.5,14.5
United Kingdom,1892,Stewards,0.0,0.0,0.548,0.447,1.0,15.0,16.0
United Kingdom,1892,Craft,0.0,0.0,0.0,0.0,0.0,15.0,15.0
United Kingdom,1892,Hands,0.0,0.0,0.0,0.0,0.0,6.0,6.0
United Kingdom,1892,Archive,0.0,0.548,0.0,0.0,1.0,16.5,17.5
United Kingdom,1892,Flow,0.0,0.447,0.0,0.0,1.0,17.5,18.5
United Kingdom,1893,Helm,0.0,0.0,0.0,0.0,0.0,12.5,12.5
United Kingdom,1893,Shield,0.0,0.447,0.0,0.447,1.0,17.0,18.0
United Kingdom,1893,Lore,0.0,0.0,0.0,0.0,0.0,14.5,14.5
United Kingdom,1893,Stewards,0.0,0.0,0.548,0.447,1.0,15.0,16.0
United Kingdom,1893,Craft,0.0,0.0,0.0,0.0,0.0,15.0,15.0
United Kingdom,1893,Hands,0.0,0.0,0.0,0.0,0.0,6.0,6.0
United Kingdom,1893,Archive,0.0,0.548,0.0,0.0,1.0,16.5,17.5
United Kingdom,1893,Flow,0.0,0.0,0.0,0.0,0.0,16.5,16.5
United Kingdom,1894,Helm,0.0,0.0,0.0,0.0,0.0,15.5,15.5
United Kingdom,1894,Shield,0.0,0.447,0.0,0.447,1.0,17.0,18.0
United Kingdom,1894,Lore,0.0,0.0,0.0,0.0,0.0,14.5,14.5
United Kingdom,1894,Stewards,0.0,0.0,0.548,0.447,1.0,15.0,16.0
United Kingdom,1894,Craft,0.0,0.0,0.0,0.0,0.0,15.0,15.0
United Kingdom,1894,Hands,0.0,0.0,0.0,0.0,0.0,6.0,6.0
United Kingdom,1894,Archive,0.0,0.548,0.0,0.0,1.0,16.5,17.5
United Kingdom,1894,Flow,0.0,0.447,0.0,0.0,1.0,17.5,18.5
United Kingdom,1895,Helm,0.0,0.0,0.0,0.0,0.0,15.5,15.5
United Kingdom,1895,Shield,0.0,0.447,0.0,0.447,1.0,17.0,18.0
United Kingdom,1895,Lore,0.0,0.0,0.0,0.0,0.0,14.5,14.5
United Kingdom,1895,Stewards,0.0,0.0,0.548,0.447,1.0,15.0,16.0
United Kingdom,1895,Craft,0.0,0.0,0.0,0.0,0.0,15.0,15.0
United Kingdom,1895,Hands,0.0,0.0,0.0,0.0,0.0,7.0,7.0
United Kingdom,1895,Archive,0.0,0.548,0.0,0.0,1.0,16.5,17.5
United Kingdom,1895,Flow,0.0,0.447,0.0,0.0,1.0,17.5,18.5
United Kingdom,1896,Helm,0.0,0.0,0.0,0.0,0.0,15.5,15.5
United Kingdom,1896,Shield,0.0,0.447,0.0,0.447,1.0,17.0,18.0
United Kingdom,1896,Lore,0.0,0.0,0.0,0.0,0.0,14.5,14.5
United Kingdom,1896,Stewards,0.0,0.0,0.548,0.447,1.0,15.0,16.0
United Kingdom,1896,Craft,0.0,0.0,0.0,0.0,0.0,15.0,15.0
United Kingdom,1896,Hands,0.0,0.0,0.0,0.0,0.0,7.0,7.0
United Kingdom,1896,Archive,0.0,0.548,0.0,0.0,1.0,16.5,17.5
United Kingdom,1896,Flow,0.0,0.447,0.0,0.0,1.0,17.5,18.5
United Kingdom,1897,Helm,0.0,0.0,0.0,0.0,0.0,15.5,15.5
United Kingdom,1897,Shield,0.0,0.447,0.0,0.447,1.0,17.0,18.0
United Kingdom,1897,Lore,0.0,0.0,0.0,0.0,0.0,14.5,14.5
United Kingdom,1897,Stewards,0.0,0.0,0.548,0.447,1.0,15.0,16.0
United Kingdom,1897,Craft,0.0,0.0,0.0,0.0,0.0,15.0,15.0
United Kingdom,1897,Hands,0.0,0.0,0.0,0.0,0.0,7.0,7.0
United Kingdom,1897,Archive,0.0,0.548,0.0,0.0,1.0,16.5,17.5
United Kingdom,1897,Flow,0.0,0.447,0.0,0.0,1.0,17.5,18.5
United Kingdom,1898,Helm,0.0,0.0,0.0,0.0,0.0,15.5,15.5
United Kingdom,1898,Shield,0.0,0.447,0.0,0.447,1.0,17.0,18.0
United Kingdom,1898,Lore,0.0,0.0,0.0,0.0,0.0,14.5,14.5
United Kingdom,1898,Stewards,0.0,0.0,0.548,0.447,1.0,15.0,16.0
United Kingdom,1898,Craft,0.0,0.0,0.0,0.0,0.0,15.0,15.0
United Kingdom,1898,Hands,0.0,0.0,0.0,0.0,0.0,7.0,7.0
United Kingdom,1898,Archive,0.0,0.548,0.0,0.0,1.0,16.5,17.5
United Kingdom,1898,Flow,0.0,0.447,0.0,0.0,1.0,17.5,18.5
United Kingdom,1899,Helm,0.0,0.0,0.0,0.0,0.0,15.5,15.5
United Kingdom,1899,Shield,0.0,0.447,0.0,0.447,1.0,16.0,17.0
United Kingdom,1899,Lore,0.0,0.0,0.0,0.0,0.0,14.5,14.5
United Kingdom,1899,Stewards,0.0,0.0,0.548,0.447,1.0,15.0,16.0
United Kingdom,1899,Craft,0.0,0.0,0.0,0.0,0.0,15.0,15.0
United Kingdom,1899,Hands,0.0,0.0,0.0,0.0,0.0,7.0,7.0
United Kingdom,1899,Archive,0.0,0.548,0.0,0.0,1.0,16.5,17.5
United Kingdom,1899,Flow,0.0,0.447,0.0,0.0,1.0,16.5,17.5
United Kingdom,1900,Helm,0.0,0.0,0.0,0.0,0.0,15.5,15.5
United Kingdom,1900,Shield,0.0,0.447,0.0,0.447,1.0,15.0,16.0
United Kingdom,1900,Lore,0.0,0.0,0.0,0.0,0.0,14.5,14.5
United Kingdom,1900,Stewards,0.0,0.0,0.548,0.447,1.0,15.0,16.0
United Kingdom,1900,Craft,0.0,0.0,0.0,0.0,0.0,15.0,15.0
United Kingdom,1900,Hands,0.0,0.0,0.0,0.0,0.0,7.0,7.0
United Kingdom,1900,Archive,0.0,0.548,0.0,0.0,1.0,16.5,17.5
United Kingdom,1900,Flow,0.0,0.447,0.0,0.0,1.0,16.5,17.5
United Kingdom,1901,Helm,0.0,0.0,0.0,0.0,0.0,15.5,15.5
United Kingdom,1901,Shield,0.0,0.447,0.0,0.447,1.0,15.0,16.0
United Kingdom,1901,Lore,0.0,0.0,0.0,0.0,0.0,14.5,14.5
United Kingdom,1901,Stewards,0.0,0.0,0.548,0.447,1.0,15.0,16.0
United Kingdom,1901,Craft,0.0,0.0,0.0,0.0,0.0,15.0,15.0
United Kingdom,1901,Hands,0.0,0.0,0.0,0.0,0.0,7.0,7.0
United Kingdom,1901,Archive,0.0,0.548,0.0,0.0,1.0,16.5,17.5
United Kingdom,1901,Flow,0.0,0.447,0.0,0.0,1.0,17.5,18.5
United Kingdom,1902,Helm,0.0,0.0,0.0,0.0,0.0,15.5,15.5
United Kingdom,1902,Shield,0.0,0.447,0.0,0.447,1.0,16.0,17.0
United Kingdom,1902,Lore,0.0,0.0,0.0,0.0,0.0,14.5,14.5
United Kingdom,1902,Stewards,0.0,0.0,0.548,0.447,1.0,15.0,16.0
United Kingdom,1902,Craft,0.0,0.0,0.0,0.0,0.0,15.0,15.0
United Kingdom,1902,Hands,0.0,0.0,0.0,0.0,0.0,7.0,7.0
United Kingdom,1902,Archive,0.0,0.548,0.0,0.0,1.0,16.5,17.5
United Kingdom,1902,Flow,0.0,0.447,0.0,0.0,1.0,17.5,18.5
United Kingdom,1903,Helm,0.0,0.0,0.0,0.0,0.0,15.5,15.5
United Kingdom,1903,Shield,0.0,0.447,0.0,0.447,1.0,17.0,18.0
United Kingdom,1903,Lore,0.0,0.0,0.0,0.0,0.0,14.5,14.5
United Kingdom,1903,Stewards,0.0,0.0,0.548,0.447,1.0,15.0,16.0
United Kingdom,1903,Craft,0.0,0.0,0.0,0.0,0.0,15.0,15.0
United Kingdom,1903,Hands,0.0,0.0,0.0,0.0,0.0,7.0,7.0
United Kingdom,1903,Archive,0.0,0.548,0.0,0.0,1.0,16.5,17.5
United Kingdom,1903,Flow,0.0,0.447,0.0,0.0,1.0,17.5,18.5
United Kingdom,1904,Helm,0.0,0.0,0.0,0.0,0.0,15.5,15.5
United Kingdom,1904,Shield,0.0,0.447,0.0,0.447,1.0,17.0,18.0
United Kingdom,1904,Lore,0.0,0.0,0.0,0.0,0.0,14.5,14.5
United Kingdom,1904,Stewards,0.0,0.0,0.548,0.447,1.0,15.0,16.0
United Kingdom,1904,Craft,0.0,0.0,0.0,0.0,0.0,15.0,15.0
United Kingdom,1904,Hands,0.0,0.0,0.0,0.0,0.0,7.0,7.0
United Kingdom,1904,Archive,0.0,0.548,0.0,0.0,1.0,16.5,17.5
United Kingdom,1904,Flow,0.0,0.447,0.0,0.0,1.0,17.5,18.5
United Kingdom,1905,Helm,0.0,0.0,0.0,0.0,0.0,15.5,15.5
United Kingdom,1905,Shield,0.0,0.447,0.0,0.447,1.0,17.0,18.0
United Kingdom,1905,Lore,0.0,0.0,0.0,0.0,0.0,14.5,14.5
United Kingdom,1905,Stewards,0.0,0.0,0.548,0.447,1.0,15.0,16.0
United Kingdom,1905,Craft,0.0,0.0,0.0,0.0,0.0,15.0,15.0
United Kingdom,1905,Hands,0.0,0.0,0.0,0.0,0.0,7.0,7.0
United Kingdom,1905,Archive,0.0,0.548,0.0,0.0,1.0,16.5,17.5
United Kingdom,1905,Flow,0.0,0.447,0.0,0.0,1.0,17.5,18.5
United Kingdom,1906,Helm,0.0,0.0,0.0,0.0,0.0,15.5,15.5
United Kingdom,1906,Shield,0.0,0.447,0.0,0.447,1.0,17.0,18.0
United Kingdom,1906,Lore,0.0,0.0,0.0,0.0,0.0,14.5,14.5
United Kingdom,1906,Stewards,0.447,0.0,0.548,0.447,2.0,14.0,16.0
United Kingdom,1906,Craft,0.0,0.0,0.0,0.0,0.0,15.0,15.0
United Kingdom,1906,Hands,0.0,0.0,0.0,0.0,0.0,7.0,7.0
United Kingdom,1906,Archive,0.0,0.548,0.0,0.0,1.0,16.5,17.5
United Kingdom,1906,Flow,0.0,0.447,0.0,0.0,1.0,17.5,18.5
United Kingdom,1907,Helm,0.0,0.0,0.0,0.0,0.0,15.5,15.5
United Kingdom,1907,Shield,0.0,0.447,0.0,0.447,1.0,17.0,18.0
United Kingdom,1907,Lore,0.0,0.0,0.0,0.0,0.0,14.5,14.5
United Kingdom,1907,Stewards,0.447,0.0,0.548,0.447,2.0,14.0,16.0
United Kingdom,1907,Craft,0.0,0.0,0.0,0.0,0.0,15.0,15.0
United Kingdom,1907,Hands,0.0,0.0,0.0,0.0,0.0,7.0,7.0
United Kingdom,1907,Archive,0.0,0.548,0.0,0.0,1.0,16.5,17.5
United Kingdom,1907,Flow,0.0,0.447,0.0,0.0,1.0,17.5,18.5
United Kingdom,1908,Helm,0.0,0.0,0.0,0.0,0.0,15.5,15.5
United Kingdom,1908,Shield,0.0,0.447,0.0,0.447,1.0,17.0,18.0
United Kingdom,1908,Lore,0.0,0.0,0.0,0.0,0.0,14.5,14.5
United Kingdom,1908,Stewards,0.0,0.0,0.548,0.447,1.0,15.0,16.0
United Kingdom,1908,Craft,0.0,0.0,0.0,0.0,0.0,14.0,14.0
United Kingdom,1908,Hands,0.0,0.0,0.0,0.0,0.0,6.0,6.0
United Kingdom,1908,Archive,0.0,0.548,0.0,0.0,1.0,16.5,17.5
United Kingdom,1908,Flow,0.0,0.447,0.0,0.0,1.0,17.5,18.5
United Kingdom,1909,Helm,0.0,0.0,0.0,0.0,0.0,14.5,14.5
United Kingdom,1909,Shield,0.0,0.447,0.0,0.447,1.0,17.0,18.0
United Kingdom,1909,Lore,0.0,0.0,0.0,0.0,0.0,14.5,14.5
United Kingdom,1909,Stewards,0.0,0.0,0.0,0.447,0.5,13.0,13.5
United Kingdom,1909,Craft,0.0,0.0,0.0,0.0,0.0,14.0,14.0
United Kingdom,1909,Hands,0.0,0.0,0.0,0.0,0.0,6.0,6.0
United Kingdom,1909,Archive,0.0,0.548,0.0,0.0,1.0,16.5,17.5
United Kingdom,1909,Flow,0.0,0.447,0.0,0.0,1.0,17.5,18.5
United Kingdom,1910,Helm,0.0,0.0,0.0,0.0,0.0,11.5,11.5
United Kingdom,1910,Shield,0.0,0.447,0.0,0.447,1.0,17.0,18.0
United Kingdom,1910,Lore,0.0,0.0,0.0,0.0,0.0,14.5,14.5
United Kingdom,1910,Stewards,0.0,0.0,0.0,0.447,0.5,13.0,13.5
United Kingdom,1910,Craft,0.0,0.0,0.0,0.0,0.0,14.0,14.0
United Kingdom,1910,Hands,0.0,0.0,0.0,0.0,0.0,6.0,6.0
United Kingdom,1910,Archive,0.0,0.548,0.0,0.0,1.0,16.5,17.5
United Kingdom,1910,Flow,0.0,0.447,0.0,0.0,1.0,17.5,18.5
United Kingdom,1911,Helm,0.0,0.0,0.0,0.0,0.0,11.5,11.5
United Kingdom,1911,Shield,0.0,0.447,0.0,0.447,1.0,17.0,18.0
United Kingdom,1911,Lore,0.0,0.0,0.0,0.0,0.0,14.5,14.5
United Kingdom,1911,Stewards,0.0,0.0,0.0,0.447,0.5,13.0,13.5
United Kingdom,1911,Craft,0.0,0.0,0.0,0.0,0.0,14.0,14.0
United Kingdom,1911,Hands,0.0,0.0,0.0,0.0,0.0,5.0,5.0
United Kingdom,1911,Archive,0.0,0.548,0.0,0.0,1.0,16.5,17.5
United Kingdom,1911,Flow,0.0,0.447,0.0,0.0,1.0,17.5,18.5
United Kingdom,1912,Helm,0.0,0.0,0.0,0.0,0.0,11.5,11.5
United Kingdom,1912,Shield,0.0,0.447,0.0,0.447,1.0,17.0,18.0
United Kingdom,1912,Lore,0.0,0.0,0.0,0.0,0.0,14.5,14.5
United Kingdom,1912,Stewards,0.0,0.0,0.0,0.447,0.5,13.0,13.5
United Kingdom,1912,Craft,0.0,0.0,0.0,0.0,0.0,14.0,14.0
United Kingdom,1912,Hands,0.0,0.0,0.0,0.0,0.0,5.0,5.0
United Kingdom,1912,Archive,0.0,0.548,0.0,0.0,1.0,16.5,17.5
United Kingdom,1912,Flow,0.0,0.447,0.0,0.0,1.0,17.5,18.5
United Kingdom,1913,Helm,0.0,0.0,0.0,0.0,0.0,14.5,14.5
United Kingdom,1913,Shield,0.0,0.447,0.0,0.447,1.0,17.0,18.0
United Kingdom,1913,Lore,0.0,0.0,0.0,0.0,0.0,14.5,14.5
United Kingdom,1913,Stewards,0.0,0.0,0.548,0.447,1.0,15.0,16.0
United Kingdom,1913,Craft,0.0,0.0,0.0,0.0,0.0,15.0,15.0
United Kingdom,1913,Hands,0.0,0.0,0.0,0.0,0.0,7.0,7.0
United Kingdom,1913,Archive,0.0,0.548,0.0,0.0,1.0,16.5,17.5
United Kingdom,1913,Flow,0.0,0.447,0.0,0.0,1.0,17.5,18.5
United Kingdom,1914,Helm,0.0,0.0,0.0,0.0,0.0,12.5,12.5
United Kingdom,1914,Shield,0.0,0.447,0.0,0.0,1.0,14.5,15.5
United Kingdom,1914,Lore,0.0,0.0,0.0,0.0,0.0,12.5,12.5
United Kingdom,1914,Stewards,0.0,0.0,0.0,0.447,0.5,14.0,14.5
United Kingdom,1914,Craft,0.0,0.0,0.0,0.0,0.0,13.0,13.0
United Kingdom,1914,Hands,0.0,0.0,0.0,0.0,0.0,7.0,7.0
United Kingdom,1914,Archive,0.0,0.0,0.0,0.0,0.0,15.5,15.5
United Kingdom,1914,Flow,0.0,0.0,0.0,0.0,0.0,12.5,12.5
United Kingdom,1915,Helm,0.0,0.0,0.0,0.0,0.0,11.5,11.5
United Kingdom,1915,Shield,0.0,0.447,0.0,0.0,1.0,12.5,13.5
United Kingdom,1915,Lore,0.0,0.0,0.0,0.0,0.0,11.5,11.5
United Kingdom,1915,Stewards,0.0,0.0,0.0,0.447,0.5,13.0,13.5
United Kingdom,1915,Craft,0.0,0.0,0.0,0.0,0.0,12.0,12.0
United Kingdom,1915,Hands,0.0,0.0,0.0,0.0,0.0,7.0,7.0
United Kingdom,1915,Archive,0.0,0.0,0.0,0.0,0.0,14.5,14.5
United Kingdom,1915,Flow,0.0,0.0,0.0,0.0,0.0,11.5,11.5
United Kingdom,1916,Helm,0.0,0.0,0.0,0.0,0.0,10.5,10.5
United Kingdom,1916,Shield,0.0,0.447,0.0,0.0,1.0,12.5,13.5
United Kingdom,1916,Lore,0.0,0.0,0.0,0.0,0.0,11.5,11.5
United Kingdom,1916,Stewards,0.0,0.0,0.0,0.447,0.5,13.0,13.5
United Kingdom,1916,Craft,0.0,0.0,0.0,0.548,0.5,12.0,12.5
United Kingdom,1916,Hands,0.0,0.0,0.0,0.0,0.0,6.0,6.0
United Kingdom,1916,Archive,0.0,0.0,0.0,0.0,0.0,14.5,14.5
United Kingdom,1916,Flow,0.0,0.0,0.0,0.0,0.0,11.5,11.5
United Kingdom,1917,Helm,0.0,0.0,0.0,0.0,0.0,9.5,9.5
United Kingdom,1917,Shield,0.0,0.447,0.0,0.0,1.0,12.5,13.5
United Kingdom,1917,Lore,0.0,0.0,0.0,0.0,0.0,9.0,9.0
United Kingdom,1917,Stewards,0.0,0.0,0.0,0.447,0.5,12.0,12.5
United Kingdom,1917,Craft,0.0,0.0,0.0,0.0,0.0,11.5,11.5
United Kingdom,1917,Hands,0.0,0.0,0.0,0.0,0.0,5.0,5.0
United Kingdom,1917,Archive,0.0,0.0,0.0,0.0,0.0,13.5,13.5
United Kingdom,1917,Flow,0.0,0.0,0.0,0.0,0.0,8.0,8.0
United Kingdom,1918,Helm,0.0,0.0,0.0,0.0,0.0,11.5,11.5
United Kingdom,1918,Shield,0.0,0.447,0.0,0.0,1.0,12.5,13.5
United Kingdom,1918,Lore,0.0,0.0,0.0,0.0,0.0,11.5,11.5
United Kingdom,1918,Stewards,0.0,0.0,0.0,0.447,0.5,13.0,13.5
United Kingdom,1918,Craft,0.0,0.0,0.0,0.0,0.0,12.5,12.5
United Kingdom,1918,Hands,0.0,0.0,0.0,0.0,0.0,7.0,7.0
United Kingdom,1918,Archive,0.0,0.0,0.0,0.0,0.0,14.5,14.5
United Kingdom,1918,Flow,0.0,0.0,0.0,0.0,0.0,12.5,12.5
United Kingdom,1919,Helm,0.0,0.0,0.0,0.0,0.0,10.5,10.5
United Kingdom,1919,Shield,0.0,0.0,0.894,0.0,2.0,12.0,14.0
United Kingdom,1919,Lore,0.0,0.0,0.0,0.0,0.0,13.5,13.5
United Kingdom,1919,Stewards,0.0,0.0,0.0,0.447,0.5,14.0,14.5
United Kingdom,1919,Craft,0.0,0.0,0.0,0.0,0.0,12.0,12.0
United Kingdom,1919,Hands,0.0,0.0,0.0,0.0,0.0,5.0,5.0
United Kingdom,1919,Archive,0.0,0.0,0.0,0.0,0.0,15.5,15.5
United Kingdom,1919,Flow,0.0,0.0,0.0,0.0,0.0,12.5,12.5
United Kingdom,1920,Helm,0.0,0.0,0.0,0.0,0.0,10.5,10.5
United Kingdom,1920,Shield,0.0,0.0,0.894,0.0,2.0,13.0,15.0
United Kingdom,1920,Lore,0.0,0.0,0.0,0.0,0.0,13.5,13.5
United Kingdom,1920,Stewards,0.0,0.0,0.0,0.447,0.5,13.0,13.5
United Kingdom,1920,Craft,0.0,0.0,0.0,0.0,0.0,12.0,12.0
United Kingdom,1920,Hands,0.0,0.0,0.0,0.0,0.0,5.0,5.0
United Kingdom,1920,Archive,0.0,0.0,0.0,0.0,0.0,15.5,15.5
United Kingdom,1920,Flow,0.0,0.0,0.0,0.0,0.0,11.0,11.0
United Kingdom,1921,Helm,0.0,0.0,0.0,0.0,0.0,10.5,10.5
United Kingdom,1921,Shield,0.0,0.0,0.447,0.0,1.0,14.0,15.0
United Kingdom,1921,Lore,0.0,0.0,0.0,0.0,0.0,13.5,13.5
United Kingdom,1921,Stewards,0.0,0.0,0.0,0.447,0.5,13.0,13.5
United Kingdom,1921,Craft,0.0,0.0,0.0,0.0,0.0,8.5,8.5
United Kingdom,1921,Hands,0.0,0.0,0.0,0.0,0.0,1.5,1.5
United Kingdom,1921,Archive,0.0,0.0,0.0,0.0,0.0,15.5,15.5
United Kingdom,1921,Flow,0.0,0.0,0.0,0.0,0.0,8.0,8.0
United Kingdom,1922,Helm,0.0,0.0,0.0,0.0,0.0,11.5,11.5
United Kingdom,1922,Shield,0.0,0.0,0.447,0.0,1.0,14.0,15.0
United Kingdom,1922,Lore,0.0,0.0,0.0,0.0,0.0,14.5,14.5
United Kingdom,1922,Stewards,0.0,0.0,0.0,0.447,0.5,14.0,14.5
United Kingdom,1922,Craft,0.0,0.0,0.0,0.0,0.0,10.5,10.5
United Kingdom,1922,Hands,0.0,0.0,0.0,0.0,0.0,3.5,3.5
United Kingdom,1922,Archive,0.0,0.0,0.0,0.0,0.0,15.5,15.5
United Kingdom,1922,Flow,0.0,0.0,0.0,0.0,0.0,12.0,12.0
United Kingdom,1923,Helm,0.0,0.0,0.0,0.0,0.0,11.5,11.5
United Kingdom,1923,Shield,0.0,0.0,0.447,0.0,1.0,14.0,15.0
United Kingdom,1923,Lore,0.0,0.0,0.0,0.0,0.0,14.5,14.5
United Kingdom,1923,Stewards,0.0,0.0,0.0,0.447,0.5,14.0,14.5
United Kingdom,1923,Craft,0.0,0.0,0.0,0.0,0.0,10.5,10.5
United Kingdom,1923,Hands,0.0,0.0,0.0,0.0,0.0,3.5,3.5
United Kingdom,1923,Archive,0.0,0.0,0.0,0.0,0.0,16.5,16.5
United Kingdom,1923,Flow,0.0,0.0,0.0,0.0,0.0,12.0,12.0
United Kingdom,1924,Helm,0.0,0.0,0.0,0.0,0.0,12.5,12.5
United Kingdom,1924,Shield,0.0,0.0,0.447,0.0,1.0,14.0,15.0
United Kingdom,1924,Lore,0.0,0.0,0.0,0.0,0.0,14.5,14.5
United Kingdom,1924,Stewards,0.0,0.0,0.0,0.447,0.5,14.0,14.5
United Kingdom,1924,Craft,0.0,0.0,0.0,0.0,0.0,11.5,11.5
United Kingdom,1924,Hands,0.0,0.0,0.0,0.0,0.0,5.5,5.5
United Kingdom,1924,Archive,0.0,0.0,0.0,0.0,0.0,16.5,16.5
United Kingdom,1924,Flow,0.0,0.0,0.0,0.0,0.0,12.0,12.0
United Kingdom,1925,Helm,0.0,0.0,0.0,0.0,0.0,13.5,13.5
United Kingdom,1925,Shield,0.0,0.0,0.447,0.0,1.0,14.0,15.0
United Kingdom,1925,Lore,0.0,0.0,0.0,0.0,0.0,14.5,14.5
United Kingdom,1925,Stewards,0.0,0.0,0.0,0.447,0.5,14.0,14.5
United Kingdom,1925,Craft,0.0,0.0,0.0,0.0,0.0,11.5,11.5
United Kingdom,1925,Hands,0.0,0.0,0.0,0.0,0.0,5.5,5.5
United Kingdom,1925,Archive,0.0,0.0,0.0,0.0,0.0,16.5,16.5
United Kingdom,1925,Flow,0.0,0.0,0.0,0.0,0.0,14.0,14.0
United Kingdom,1926,Helm,0.0,0.0,0.0,0.0,0.0,9.5,9.5
United Kingdom,1926,Shield,0.0,0.0,0.0,0.0,0.0,13.0,13.0
United Kingdom,1926,Lore,0.0,0.0,0.0,0.0,0.0,11.0,11.0
United Kingdom,1926,Stewards,0.0,0.0,0.0,0.447,0.5,13.0,13.5
United Kingdom,1926,Craft,0.0,0.0,0.0,0.0,0.0,5.5,5.5
United Kingdom,1926,Hands,0.0,0.0,0.0,0.0,0.0,0.5,0.5
United Kingdom,1926,Archive,0.0,0.0,0.0,0.0,0.0,15.5,15.5
United Kingdom,1926,Flow,0.0,0.0,0.0,0.0,0.0,10.0,10.0
United Kingdom,1927,Helm,0.0,0.0,0.0,0.0,0.0,13.5,13.5
United Kingdom,1927,Shield,0.0,0.0,0.0,0.0,0.0,14.0,14.0
United Kingdom,1927,Lore,0.0,0.0,0.0,0.0,0.0,14.5,14.5
United Kingdom,1927,Stewards,0.0,0.0,0.0,0.447,0.5,14.0,14.5
United Kingdom,1927,Craft,0.0,0.0,0.0,0.0,0.0,9.5,9.5
United Kingdom,1927,Hands,0.0,0.0,0.0,0.0,0.0,5.5,5.5
United Kingdom,1927,Archive,0.0,0.0,0.0,0.0,0.0,16.5,16.5
United Kingdom,1927,Flow,0.0,0.0,0.0,0.0,0.0,14.0,14.0
United Kingdom,1928,Helm,0.0,0.0,0.0,0.0,0.0,13.5,13.5
United Kingdom,1928,Shield,0.0,0.0,0.0,0.0,0.0,14.0,14.0
United Kingdom,1928,Lore,0.0,0.0,0.0,0.0,0.0,14.5,14.5
United Kingdom,1928,Stewards,0.0,0.0,0.0,0.447,0.5,14.0,14.5
United Kingdom,1928,Craft,0.0,0.0,0.0,0.0,0.0,11.5,11.5
United Kingdom,1928,Hands,0.0,0.0,0.0,0.0,0.0,5.5,5.5
United Kingdom,1928,Archive,0.0,0.0,0.0,0.0,0.0,16.5,16.5
United Kingdom,1928,Flow,0.0,0.0,0.0,0.0,0.0,14.0,14.0
United Kingdom,1929,Helm,0.0,0.0,0.0,0.0,0.0,13.5,13.5
United Kingdom,1929,Shield,0.0,0.0,0.0,0.0,0.0,14.0,14.0
United Kingdom,1929,Lore,0.0,0.0,0.0,0.0,0.0,14.5,14.5
United Kingdom,1929,Stewards,0.0,0.0,0.0,0.447,0.5,14.0,14.5
United Kingdom,1929,Craft,0.0,0.0,0.0,0.0,0.0,11.5,11.5
United Kingdom,1929,Hands,0.0,0.0,0.0,0.0,0.0,5.5,5.5
United Kingdom,1929,Archive,0.0,0.0,0.0,0.0,0.0,16.5,16.5
United Kingdom,1929,Flow,0.0,0.0,0.0,0.0,0.0,13.0,13.0
United Kingdom,1930,Helm,0.0,0.0,0.0,0.0,0.0,11.5,11.5
United Kingdom,1930,Shield,0.0,0.0,0.0,0.0,0.0,14.0,14.0
United Kingdom,1930,Lore,0.0,0.0,0.0,0.0,0.0,14.5,14.5
United Kingdom,1930,Stewards,0.0,0.0,0.0,0.447,0.5,12.0,12.5
United Kingdom,1930,Craft,0.0,0.0,0.0,0.0,0.0,8.5,8.5
United Kingdom,1930,Hands,0.0,0.0,0.0,0.0,0.0,2.5,2.5
United Kingdom,1930,Archive,0.0,0.0,0.0,0.0,0.0,16.5,16.5
United Kingdom,1930,Flow,0.0,0.0,0.0,0.0,0.0,8.0,8.0
United Kingdom,1931,Helm,0.0,0.0,0.0,0.0,0.0,7.5,7.5
United Kingdom,1931,Shield,0.0,0.0,0.0,0.0,0.0,14.0,14.0
United Kingdom,1931,Lore,0.0,0.0,0.0,0.0,0.0,12.5,12.5
United Kingdom,1931,Stewards,0.548,0.0,0.447,0.447,2.0,8.0,10.0
United Kingdom,1931,Craft,0.0,0.0,0.0,0.0,0.0,6.5,6.5
United Kingdom,1931,Hands,0.0,0.0,0.0,0.0,0.0,0.5,0.5
United Kingdom,1931,Archive,0.0,0.0,0.0,0.0,0.0,14.5,14.5
United Kingdom,1931,Flow,0.0,0.0,0.0,0.0,0.0,4.5,4.5
United Kingdom,1932,Helm,0.0,0.0,0.0,0.0,0.0,11.5,11.5
United Kingdom,1932,Shield,0.0,0.0,0.0,0.0,0.0,14.0,14.0
United Kingdom,1932,Lore,0.0,0.0,0.0,0.0,0.0,12.5,12.5
United Kingdom,1932,Stewards,0.0,0.0,0.0,0.447,0.5,11.0,11.5
United Kingdom,1932,Craft,0.0,0.0,0.0,0.0,0.0,7.5,7.5
United Kingdom,1932,Hands,0.0,0.0,0.0,0.0,0.0,0.5,0.5
United Kingdom,1932,Archive,0.0,0.0,0.0,0.0,0.0,14.5,14.5
United Kingdom,1932,Flow,0.0,0.0,0.0,0.0,0.0,6.5,6.5
United Kingdom,1933,Helm,0.0,0.0,0.0,0.0,0.0,12.5,12.5
United Kingdom,1933,Shield,0.0,0.0,0.0,0.0,0.0,14.0,14.0
United Kingdom,1933,Lore,0.0,0.0,0.0,0.0,0.0,13.5,13.5
United Kingdom,1933,Stewards,0.0,0.0,0.0,0.447,0.5,12.0,12.5
United Kingdom,1933,Craft,0.0,0.0,0.0,0.0,0.0,8.5,8.5
United Kingdom,1933,Hands,0.0,0.0,0.0,0.0,0.0,0.5,0.5
United Kingdom,1933,Archive,0.0,0.0,0.0,0.0,0.0,15.5,15.5
United Kingdom,1933,Flow,0.0,0.0,0.0,0.0,0.0,8.5,8.5
United Kingdom,1934,Helm,0.0,0.0,0.0,0.0,0.0,13.5,13.5
United Kingdom,1934,Shield,0.0,0.0,0.0,0.0,0.0,14.0,14.0
United Kingdom,1934,Lore,0.0,0.0,0.0,0.0,0.0,14.5,14.5
United Kingdom,1934,Stewards,0.0,0.0,0.0,0.447,0.5,14.0,14.5
United Kingdom,1934,Craft,0.0,0.0,0.0,0.0,0.0,9.5,9.5
United Kingdom,1934,Hands,0.0,0.0,0.0,0.0,0.0,2.5,2.5
United Kingdom,1934,Archive,0.0,0.0,0.0,0.0,0.0,16.5,16.5
United Kingdom,1934,Flow,0.0,0.0,0.0,0.0,0.0,10.5,10.5
United Kingdom,1935,Helm,0.0,0.0,0.0,0.0,0.0,13.5,13.5
United Kingdom,1935,Shield,0.0,0.0,0.0,0.0,0.0,13.0,13.0
United Kingdom,1935,Lore,0.0,0.0,0.0,0.0,0.0,14.5,14.5
United Kingdom,1935,Stewards,0.0,0.0,0.0,0.447,0.5,14.0,14.5
United Kingdom,1935,Craft,0.0,0.0,0.0,0.0,0.0,9.5,9.5
United Kingdom,1935,Hands,0.0,0.0,0.0,0.0,0.0,3.5,3.5
United Kingdom,1935,Archive,0.0,0.0,0.0,0.0,0.0,16.5,16.5
United Kingdom,1935,Flow,0.0,0.0,0.0,0.0,0.0,11.5,11.5
United Kingdom,1936,Helm,0.0,0.0,0.0,0.0,0.0,11.5,11.5
United Kingdom,1936,Shield,0.0,0.0,0.0,0.0,0.0,12.0,12.0
United Kingdom,1936,Lore,0.0,0.0,0.0,0.0,0.0,14.5,14.5
United Kingdom,1936,Stewards,0.0,0.0,0.0,0.447,0.5,14.0,14.5
United Kingdom,1936,Craft,0.0,0.0,0.0,0.0,0.0,9.5,9.5
United Kingdom,1936,Hands,0.0,0.0,0.0,0.0,0.0,3.5,3.5
United Kingdom,1936,Archive,0.0,0.0,0.0,0.0,0.0,16.5,16.5
United Kingdom,1936,Flow,0.0,0.0,0.0,0.0,0.0,11.5,11.5
United Kingdom,1937,Helm,0.0,0.0,0.0,0.0,0.0,13.5,13.5
United Kingdom,1937,Shield,0.0,0.0,0.0,0.0,0.0,13.5,13.5
United Kingdom,1937,Lore,0.0,0.0,0.0,0.0,0.0,14.5,14.5
United Kingdom,1937,Stewards,0.0,0.0,0.0,0.447,0.5,14.0,14.5
United Kingdom,1937,Craft,0.0,0.0,0.0,0.0,0.0,11.5,11.5
United Kingdom,1937,Hands,0.0,0.0,0.0,0.0,0.0,5.5,5.5
United Kingdom,1937,Archive,0.0,0.0,0.0,0.0,0.0,16.5,16.5
United Kingdom,1937,Flow,0.0,0.0,0.0,0.0,0.0,14.0,14.0
United Kingdom,1938,Helm,0.0,0.0,0.0,0.0,0.0,11.5,11.5
United Kingdom,1938,Shield,0.0,0.0,0.0,0.0,0.0,11.5,11.5
United Kingdom,1938,Lore,0.0,0.0,0.0,0.0,0.0,13.5,13.5
United Kingdom,1938,Stewards,0.0,0.0,0.0,0.447,0.5,14.0,14.5
United Kingdom,1938,Craft,0.0,0.0,0.0,0.0,0.0,11.5,11.5
United Kingdom,1938,Hands,0.0,0.0,0.0,0.0,0.0,6.5,6.5
United Kingdom,1938,Archive,0.0,0.0,0.0,0.0,0.0,16.5,16.5
United Kingdom,1938,Flow,0.0,0.0,0.0,0.0,0.0,14.0,14.0
United Kingdom,1939,Helm,0.0,0.0,0.0,0.0,0.0,12.5,12.5
United Kingdom,1939,Shield,0.0,0.447,0.0,0.0,1.0,12.5,13.5
United Kingdom,1939,Lore,0.0,0.0,0.0,0.0,0.0,12.5,12.5
United Kingdom,1939,Stewards,0.0,0.0,0.0,0.447,0.5,13.0,13.5
United Kingdom,1939,Craft,0.0,0.0,0.0,0.0,0.0,12.0,12.0
United Kingdom,1939,Hands,0.0,0.0,0.0,0.0,0.0,7.0,7.0
United Kingdom,1939,Archive,0.0,0.0,0.0,0.0,0.0,15.5,15.5
United Kingdom,1939,Flow,0.0,0.0,0.0,0.0,0.0,13.5,13.5
United Kingdom,1940,Helm,0.0,0.0,0.0,0.0,0.0,12.0,12.0
United Kingdom,1940,Shield,0.0,0.447,0.0,0.447,0.5,12.0,12.5
United Kingdom,1940,Lore,0.0,0.0,0.0,0.0,0.0,12.0,12.0
United Kingdom,1940,Stewards,0.0,0.0,0.0,0.447,0.5,12.0,12.5
United Kingdom,1940,Craft,0.0,0.0,0.0,0.0,0.0,11.5,11.5
United Kingdom,1940,Hands,0.0,0.0,0.0,0.0,0.0,7.5,7.5
United Kingdom,1940,Archive,0.0,0.0,0.0,0.0,0.0,13.5,13.5
United Kingdom,1940,Flow,0.0,0.0,0.0,0.0,0.0,10.5,10.5
United Kingdom,1941,Helm,0.0,0.0,0.0,0.0,0.0,12.0,12.0
United Kingdom,1941,Shield,0.0,0.447,0.0,0.447,0.5,12.0,12.5
United Kingdom,1941,Lore,0.0,0.0,0.0,0.0,0.0,12.0,12.0
United Kingdom,1941,Stewards,0.0,0.0,0.0,0.447,0.5,12.0,12.5
United Kingdom,1941,Craft,0.0,0.0,0.0,0.0,0.0,11.5,11.5
United Kingdom,1941,Hands,0.0,0.0,0.0,0.0,0.0,8.5,8.5
United Kingdom,1941,Archive,0.0,0.0,0.0,0.0,0.0,13.5,13.5
United Kingdom,1941,Flow,0.0,0.0,0.0,0.0,0.0,10.5,10.5
United Kingdom,1942,Helm,0.0,0.0,0.0,0.0,0.0,12.0,12.0
United Kingdom,1942,Shield,0.0,0.447,0.0,0.447,1.0,11.5,12.5
United Kingdom,1942,Lore,0.0,0.0,0.0,0.0,0.0,12.0,12.0
United Kingdom,1942,Stewards,0.0,0.0,0.0,0.447,0.5,12.0,12.5
United Kingdom,1942,Craft,0.0,0.0,0.0,0.0,0.0,11.5,11.5
United Kingdom,1942,Hands,0.0,0.0,0.0,0.0,0.0,8.5,8.5
United Kingdom,1942,Archive,0.0,0.0,0.0,0.0,0.0,13.5,13.5
United Kingdom,1942,Flow,0.0,0.0,0.0,0.0,0.0,10.5,10.5
United Kingdom,1943,Helm,0.0,0.0,0.0,0.0,0.0,12.0,12.0
United Kingdom,1943,Shield,0.0,0.447,0.0,0.447,1.0,11.5,12.5
United Kingdom,1943,Lore,0.0,0.0,0.0,0.0,0.0,12.0,12.0
United Kingdom,1943,Stewards,0.0,0.0,0.0,0.0,0.0,12.0,12.0
United Kingdom,1943,Craft,0.0,0.0,0.0,0.0,0.0,11.5,11.5
United Kingdom,1943,Hands,0.0,0.0,0.0,0.0,0.0,8.5,8.5
United Kingdom,1943,Archive,0.0,0.0,0.0,0.0,0.0,13.5,13.5
United Kingdom,1943,Flow,0.0,0.0,0.0,0.0,0.0,10.5,10.5
United Kingdom,1944,Helm,0.0,0.0,0.0,0.0,0.0,13.0,13.0
United Kingdom,1944,Shield,0.0,0.447,0.0,0.447,1.0,12.5,13.5
United Kingdom,1944,Lore,0.0,0.0,0.0,0.0,0.0,13.0,13.0
United Kingdom,1944,Stewards,0.0,0.0,0.0,0.0,0.0,12.0,12.0
United Kingdom,1944,Craft,0.0,0.0,0.0,0.0,0.0,11.5,11.5
United Kingdom,1944,Hands,0.0,0.0,0.0,0.0,0.0,9.5,9.5
United Kingdom,1944,Archive,0.0,0.0,0.0,0.0,0.0,14.5,14.5
United Kingdom,1944,Flow,0.0,0.0,0.0,0.0,0.0,12.5,12.5
United Kingdom,1945,Helm,0.0,0.0,0.0,0.0,0.0,14.0,14.0
United Kingdom,1945,Shield,0.0,0.447,0.0,0.447,1.0,13.5,14.5
United Kingdom,1945,Lore,0.0,0.0,0.0,0.0,0.0,14.0,14.0
United Kingdom,1945,Stewards,0.0,0.0,0.0,0.0,0.0,12.0,12.0
United Kingdom,1945,Craft,0.0,0.0,0.0,0.0,0.0,11.0,11.0
United Kingdom,1945,Hands,0.0,0.0,0.0,0.0,0.0,8.5,8.5
United Kingdom,1945,Archive,0.0,0.0,0.0,0.0,0.0,14.5,14.5
United Kingdom,1945,Flow,0.0,0.0,0.0,0.0,0.0,12.5,12.5
United Kingdom,1946,Helm,0.0,0.0,0.0,0.0,0.0,13.5,13.5
United Kingdom,1946,Shield,0.0,0.894,0.0,0.0,2.0,13.0,15.0
United Kingdom,1946,Lore,0.0,0.0,0.0,0.0,0.0,15.0,15.0
United Kingdom,1946,Stewards,0.0,0.0,0.0,0.0,0.0,13.0,13.0
United Kingdom,1946,Craft,0.0,0.0,0.0,0.0,0.0,12.0,12.0
United Kingdom,1946,Hands,0.0,0.0,0.0,0.0,0.0,9.5,9.5
United Kingdom,1946,Archive,0.0,0.0,0.0,0.0,0.0,15.5,15.5
United Kingdom,1946,Flow,0.0,0.0,0.0,0.0,0.0,12.5,12.5
United Kingdom,1947,Helm,0.0,0.0,0.0,0.0,0.0,12.5,12.5
United Kingdom,1947,Shield,0.0,0.894,0.0,0.0,2.0,13.0,15.0
United Kingdom,1947,Lore,0.0,0.0,0.0,0.0,0.0,13.5,13.5
United Kingdom,1947,Stewards,0.0,0.0,0.0,0.0,0.0,13.0,13.0
United Kingdom,1947,Craft,0.0,0.0,0.0,0.0,0.0,12.0,12.0
United Kingdom,1947,Hands,0.0,0.0,0.0,0.0,0.0,9.5,9.5
United Kingdom,1947,Archive,0.0,0.0,0.0,0.0,0.0,15.5,15.5
United Kingdom,1947,Flow,0.0,0.0,0.0,0.0,0.0,11.0,11.0
United Kingdom,1948,Helm,0.0,0.0,0.0,0.0,0.0,12.5,12.5
United Kingdom,1948,Shield,0.0,0.0,0.0,0.0,0.0,13.0,13.0
United Kingdom,1948,Lore,0.0,0.0,0.0,0.0,0.0,13.5,13.5
United Kingdom,1948,Stewards,0.0,0.0,0.0,0.0,0.0,13.0,13.0
United Kingdom,1948,Craft,0.0,0.0,0.0,0.0,0.0,13.0,13.0
United Kingdom,1948,Hands,0.0,0.0,0.0,0.0,0.0,9.5,9.5
United Kingdom,1948,Archive,0.0,0.0,0.0,0.0,0.0,15.5,15.5
United Kingdom,1948,Flow,0.0,0.0,0.0,0.0,0.0,12.0,12.0
United Kingdom,1949,Helm,0.0,0.0,0.0,0.0,0.0,12.5,12.5
United Kingdom,1949,Shield,0.0,0.0,0.0,0.0,0.0,13.0,13.0
United Kingdom,1949,Lore,0.0,0.0,0.0,0.0,0.0,14.5,14.5
United Kingdom,1949,Stewards,0.0,0.0,0.0,0.0,0.0,13.0,13.0
United Kingdom,1949,Craft,0.0,0.0,0.0,0.0,0.0,13.0,13.0
United Kingdom,1949,Hands,0.0,0.0,0.0,0.0,0.0,9.5,9.5
United Kingdom,1949,Archive,0.0,0.0,0.0,0.0,0.0,15.5,15.5
United Kingdom,1949,Flow,0.0,0.0,0.0,0.0,0.0,13.0,13.0
United Kingdom,1950,Helm,0.0,0.0,0.0,0.0,0.0,13.5,13.5
United Kingdom,1950,Shield,0.0,0.0,0.0,0.0,0.0,13.0,13.0
United Kingdom,1950,Lore,0.0,0.0,0.0,0.0,0.0,14.5,14.5
United Kingdom,1950,Stewards,0.0,0.0,0.0,0.0,0.0,13.0,13.0
United Kingdom,1950,Craft,0.0,0.0,0.0,0.0,0.0,13.0,13.0
United Kingdom,1950,Hands,0.0,0.0,0.0,0.0,0.0,10.5,10.5
United Kingdom,1950,Archive,0.0,0.0,0.0,0.0,0.0,15.5,15.5
United Kingdom,1950,Flow,0.0,0.0,0.0,0.0,0.0,14.0,14.0
United Kingdom,1951,Helm,0.0,0.0,0.0,0.0,0.0,13.5,13.5
United Kingdom,1951,Shield,0.0,0.0,0.0,0.0,0.0,13.0,13.0
United Kingdom,1951,Lore,0.0,0.0,0.0,0.0,0.0,14.5,14.5
United Kingdom,1951,Stewards,0.0,0.0,0.0,0.0,0.0,14.0,14.0
United Kingdom,1951,Craft,0.0,0.0,0.0,0.0,0.0,13.0,13.0
United Kingdom,1951,Hands,0.0,0.0,0.0,0.0,0.0,10.5,10.5
United Kingdom,1951,Archive,0.0,0.0,0.0,0.0,0.0,15.5,15.5
United Kingdom,1951,Flow,0.0,0.0,0.0,0.0,0.0,14.0,14.0
United Kingdom,1952,Helm,0.0,0.0,0.0,0.0,0.0,14.5,14.5
United Kingdom,1952,Shield,0.0,0.0,0.0,0.0,0.0,14.0,14.0
United Kingdom,1952,Lore,0.0,0.0,0.0,0.0,0.0,14.5,14.5
United Kingdom,1952,Stewards,0.0,0.0,0.0,0.0,0.0,14.0,14.0
United Kingdom,1952,Craft,0.0,0.0,0.0,0.0,0.0,14.0,14.0
United Kingdom,1952,Hands,0.0,0.0,0.0,0.0,0.0,10.5,10.5
United Kingdom,1952,Archive,0.0,0.0,0.0,0.0,0.0,16.5,16.5
United Kingdom,1952,Flow,0.0,0.0,0.0,0.0,0.0,14.0,14.0
United Kingdom,1953,Helm,0.0,0.0,0.0,0.0,0.0,14.5,14.5
United Kingdom,1953,Shield,0.0,0.0,0.0,0.0,0.0,14.0,14.0
United Kingdom,1953,Lore,0.0,0.0,0.0,0.0,0.0,14.5,14.5
United Kingdom,1953,Stewards,0.0,0.0,0.0,0.0,0.0,14.0,14.0
United Kingdom,1953,Craft,0.0,0.0,0.0,0.0,0.0,14.0,14.0
United Kingdom,1953,Hands,0.0,0.0,0.0,0.0,0.0,10.5,10.5
United Kingdom,1953,Archive,0.0,0.0,0.0,0.0,0.0,16.5,16.5
United Kingdom,1953,Flow,0.0,0.0,0.0,0.0,0.0,14.0,14.0
United Kingdom,1954,Helm,0.0,0.0,0.0,0.0,0.0,14.5,14.5
United Kingdom,1954,Shield,0.0,0.0,0.0,0.0,0.0,14.0,14.0
United Kingdom,1954,Lore,0.0,0.0,0.0,0.0,0.0,14.5,14.5
United Kingdom,1954,Stewards,0.0,0.0,0.0,0.0,0.0,14.0,14.0
United Kingdom,1954,Craft,0.0,0.0,0.0,0.0,0.0,14.0,14.0
United Kingdom,1954,Hands,0.0,0.0,0.0,0.0,0.0,10.5,10.5
United Kingdom,1954,Archive,0.0,0.0,0.0,0.0,0.0,16.5,16.5
United Kingdom,1954,Flow,0.0,0.0,0.0,0.0,0.0,14.0,14.0
United Kingdom,1955,Helm,0.0,0.0,0.0,0.0,0.0,14.5,14.5
United Kingdom,1955,Shield,0.0,0.0,0.0,0.0,0.0,14.0,14.0
United Kingdom,1955,Lore,0.0,0.0,0.0,0.0,0.0,14.5,14.5
United Kingdom,1955,Stewards,0.0,0.0,0.0,0.0,0.0,14.0,14.0
United Kingdom,1955,Craft,0.0,0.0,0.0,0.0,0.0,14.0,14.0
United Kingdom,1955,Hands,0.0,0.0,0.0,0.0,0.0,10.5,10.5
United Kingdom,1955,Archive,0.0,0.0,0.0,0.0,0.0,16.5,16.5
United Kingdom,1955,Flow,0.0,0.0,0.0,0.0,0.0,14.0,14.0
United Kingdom,1956,Helm,0.0,0.0,0.0,0.0,0.0,11.5,11.5
United Kingdom,1956,Shield,0.0,0.0,0.0,0.0,0.0,13.0,13.0
United Kingdom,1956,Lore,0.0,0.0,0.0,0.0,0.0,13.5,13.5
United Kingdom,1956,Stewards,0.0,0.0,0.0,0.0,0.0,14.0,14.0
United Kingdom,1956,Craft,0.0,0.0,0.0,0.0,0.0,14.0,14.0
United Kingdom,1956,Hands,0.0,0.0,0.0,0.0,0.0,10.5,10.5
United Kingdom,1956,Archive,0.0,0.0,0.0,0.0,0.0,16.5,16.5
United Kingdom,1956,Flow,0.0,0.0,0.0,0.0,0.0,14.0,14.0
United Kingdom,1957,Helm,0.0,0.0,0.0,0.0,0.0,13.5,13.5
United Kingdom,1957,Shield,0.0,0.0,0.0,0.0,0.0,13.0,13.0
United Kingdom,1957,Lore,0.0,0.0,0.0,0.0,0.0,14.5,14.5
United Kingdom,1957,Stewards,0.0,0.0,0.0,0.0,0.0,14.0,14.0
United Kingdom,1957,Craft,0.0,0.0,0.0,0.0,0.0,14.0,14.0
United Kingdom,1957,Hands,0.0,0.0,0.0,0.0,0.0,10.5,10.5
United Kingdom,1957,Archive,0.0,0.0,0.0,0.0,0.0,16.5,16.5
United Kingdom,1957,Flow,0.0,0.0,0.0,0.0,0.0,14.0,14.0
United Kingdom,1958,Helm,0.0,0.0,0.0,0.0,0.0,11.5,11.5
United Kingdom,1958,Shield,0.0,0.0,0.0,0.0,0.0,14.0,14.0
United Kingdom,1958,Lore,0.0,0.0,0.0,0.0,0.0,14.5,14.5
United Kingdom,1958,Stewards,0.0,0.0,0.0,0.0,0.0,14.0,14.0
United Kingdom,1958,Craft,0.0,0.0,0.0,0.0,0.0,13.0,13.0
United Kingdom,1958,Hands,0.0,0.0,0.0,0.0,0.0,8.5,8.5
United Kingdom,1958,Archive,0.0,0.0,0.0,0.0,0.0,16.5,16.5
United Kingdom,1958,Flow,0.0,0.0,0.0,0.0,0.0,13.0,13.0
United Kingdom,1959,Helm,0.0,0.0,0.0,0.0,0.0,13.5,13.5
United Kingdom,1959,Shield,0.0,0.0,0.0,0.0,0.0,14.0,14.0
United Kingdom,1959,Lore,0.0,0.0,0.0,0.0,0.0,14.5,14.5
United Kingdom,1959,Stewards,0.0,0.0,0.0,0.0,0.0,14.0,14.0
United Kingdom,1959,Craft,0.0,0.0,0.0,0.0,0.0,14.0,14.0
United Kingdom,1959,Hands,0.0,0.0,0.0,0.0,0.0,10.5,10.5
United Kingdom,1959,Archive,0.0,0.0,0.0,0.0,0.0,16.5,16.5
United Kingdom,1959,Flow,0.0,0.0,0.0,0.0,0.0,14.0,14.0
United Kingdom,1960,Helm,0.0,0.0,0.0,0.0,0.0,13.5,13.5
United Kingdom,1960,Shield,0.0,0.0,0.0,0.0,0.0,14.0,14.0
United Kingdom,1960,Lore,0.0,0.0,0.0,0.0,0.0,14.5,14.5
United Kingdom,1960,Stewards,0.0,0.0,0.0,0.0,0.0,14.0,14.0
United Kingdom,1960,Craft,0.0,0.0,0.0,0.0,0.0,14.0,14.0
United Kingdom,1960,Hands,0.0,0.0,0.0,0.0,0.0,10.5,10.5
United Kingdom,1960,Archive,0.0,0.0,0.0,0.0,0.0,16.5,16.5
United Kingdom,1960,Flow,0.0,0.0,0.0,0.0,0.0,14.0,14.0
United Kingdom,1961,Helm,0.0,0.0,0.0,0.0,0.0,13.5,13.5
United Kingdom,1961,Shield,0.0,0.0,0.0,0.0,0.0,14.0,14.0
United Kingdom,1961,Lore,0.0,0.0,0.0,0.0,0.0,14.5,14.5
United Kingdom,1961,Stewards,0.0,0.0,0.0,0.0,0.0,14.0,14.0
United Kingdom,1961,Craft,0.0,0.0,0.0,0.0,0.0,14.0,14.0
United Kingdom,1961,Hands,0.0,0.0,0.0,0.0,0.0,10.5,10.5
United Kingdom,1961,Archive,0.0,0.0,0.0,0.0,0.0,16.5,16.5
United Kingdom,1961,Flow,0.0,0.0,0.0,0.0,0.0,14.0,14.0
United Kingdom,1962,Helm,0.0,0.0,0.0,0.0,0.0,13.5,13.5
United Kingdom,1962,Shield,0.0,0.0,0.0,0.0,0.0,14.0,14.0
United Kingdom,1962,Lore,0.0,0.0,0.0,0.0,0.0,14.5,14.5
United Kingdom,1962,Stewards,0.0,0.0,0.0,0.0,0.0,14.0,14.0
United Kingdom,1962,Craft,0.0,0.0,0.0,0.0,0.0,14.0,14.0
United Kingdom,1962,Hands,0.0,0.0,0.0,0.0,0.0,10.5,10.5
United Kingdom,1962,Archive,0.0,0.0,0.0,0.0,0.0,16.5,16.5
United Kingdom,1962,Flow,0.0,0.0,0.0,0.0,0.0,14.0,14.0
United Kingdom,1963,Helm,0.0,0.0,0.0,0.0,0.0,11.5,11.5
United Kingdom,1963,Shield,0.0,0.0,0.0,0.0,0.0,14.0,14.0
United Kingdom,1963,Lore,0.0,0.0,0.0,0.0,0.0,14.5,14.5
United Kingdom,1963,Stewards,0.0,0.0,0.0,0.0,0.0,14.0,14.0
United Kingdom,1963,Craft,0.0,0.0,0.0,0.0,0.0,14.0,14.0
United Kingdom,1963,Hands,0.0,0.0,0.0,0.0,0.0,10.5,10.5
United Kingdom,1963,Archive,0.0,0.0,0.0,0.0,0.0,16.5,16.5
United Kingdom,1963,Flow,0.0,0.0,0.0,0.0,0.0,14.0,14.0
United Kingdom,1964,Helm,0.0,0.0,0.0,0.0,0.0,13.5,13.5
United Kingdom,1964,Shield,0.0,0.0,0.0,0.0,0.0,14.0,14.0
United Kingdom,1964,Lore,0.0,0.0,0.0,0.0,0.0,14.5,14.5
United Kingdom,1964,Stewards,0.0,0.0,0.0,0.0,0.0,14.0,14.0
United Kingdom,1964,Craft,0.0,0.0,0.0,0.0,0.0,14.0,14.0
United Kingdom,1964,Hands,0.0,0.0,0.0,0.0,0.0,10.5,10.5
United Kingdom,1964,Archive,0.0,0.0,0.0,0.0,0.0,16.5,16.5
United Kingdom,1964,Flow,0.0,0.0,0.0,0.0,0.0,14.0,14.0
United Kingdom,1965,Helm,0.0,0.0,0.0,0.0,0.0,13.5,13.5
United Kingdom,1965,Shield,0.0,0.0,0.0,0.0,0.0,14.0,14.0
United Kingdom,1965,Lore,0.0,0.0,0.0,0.0,0.0,14.5,14.5
United Kingdom,1965,Stewards,0.0,0.0,0.0,0.0,0.0,14.0,14.0
United Kingdom,1965,Craft,0.0,0.0,0.0,0.0,0.0,14.0,14.0
United Kingdom,1965,Hands,0.0,0.0,0.0,0.0,0.0,10.5,10.5
United Kingdom,1965,Archive,0.0,0.0,0.0,0.0,0.0,16.5,16.5
United Kingdom,1965,Flow,0.0,0.0,0.0,0.0,0.0,14.0,14.0
United Kingdom,1966,Helm,0.0,0.0,0.0,0.0,0.0,11.5,11.5
United Kingdom,1966,Shield,0.0,0.0,0.0,0.0,0.0,14.0,14.0
United Kingdom,1966,Lore,0.0,0.0,0.0,0.0,0.0,14.5,14.5
United Kingdom,1966,Stewards,0.0,0.0,0.0,0.0,0.0,12.0,12.0
United Kingdom,1966,Craft,0.0,0.0,0.0,0.0,0.0,13.0,13.0
United Kingdom,1966,Hands,0.0,0.0,0.0,0.0,0.0,8.0,8.0
United Kingdom,1966,Archive,0.0,0.0,0.0,0.0,0.0,16.5,16.5
United Kingdom,1966,Flow,0.0,0.0,0.0,0.0,0.0,12.0,12.0
United Kingdom,1967,Helm,0.0,0.0,0.0,0.0,0.0,11.5,11.5
United Kingdom,1967,Shield,0.0,0.0,0.0,0.0,0.0,14.0,14.0
United Kingdom,1967,Lore,0.0,0.0,0.0,0.0,0.0,14.5,14.5
United Kingdom,1967,Stewards,0.0,0.0,0.0,0.0,0.0,11.0,11.0
United Kingdom,1967,Craft,0.0,0.0,0.0,0.0,0.0,13.0,13.0
United Kingdom,1967,Hands,0.0,0.0,0.0,0.0,0.0,7.0,7.0
United Kingdom,1967,Archive,0.0,0.0,0.0,0.0,0.0,16.5,16.5
United Kingdom,1967,Flow,0.0,0.0,0.0,0.0,0.0,10.0,10.0
United Kingdom,1968,Helm,0.0,0.0,0.0,0.0,0.0,11.5,11.5
United Kingdom,1968,Shield,0.0,0.0,0.0,0.0,0.0,14.0,14.0
United Kingdom,1968,Lore,0.0,0.0,0.0,0.0,0.0,12.5,12.5
United Kingdom,1968,Stewards,0.0,0.0,0.0,0.0,0.0,11.0,11.0
United Kingdom,1968,Craft,0.0,0.0,0.0,0.0,0.0,13.0,13.0
United Kingdom,1968,Hands,0.0,0.0,0.0,0.0,0.0,7.0,7.0
United Kingdom,1968,Archive,0.0,0.0,0.0,0.0,0.0,16.5,16.5
United Kingdom,1968,Flow,0.0,0.0,0.0,0.0,0.0,12.0,12.0
United Kingdom,1969,Helm,0.0,0.0,0.0,0.0,0.0,11.5,11.5
United Kingdom,1969,Shield,0.0,0.0,0.0,0.0,0.0,12.0,12.0
United Kingdom,1969,Lore,0.0,0.0,0.0,0.0,0.0,12.5,12.5
United Kingdom,1969,Stewards,0.0,0.0,0.0,0.0,0.0,11.0,11.0
United Kingdom,1969,Craft,0.0,0.0,0.0,0.0,0.0,13.0,13.0
United Kingdom,1969,Hands,0.0,0.0,0.0,0.0,0.0,7.0,7.0
United Kingdom,1969,Archive,0.0,0.0,0.0,0.0,0.0,16.5,16.5
United Kingdom,1969,Flow,0.0,0.0,0.0,0.0,0.0,12.0,12.0
United Kingdom,1970,Helm,0.0,0.0,0.0,0.0,0.0,11.5,11.5
United Kingdom,1970,Shield,0.0,0.0,0.0,0.0,0.0,11.0,11.0
United Kingdom,1970,Lore,0.0,0.0,0.0,0.0,0.0,12.5,12.5
United Kingdom,1970,Stewards,0.0,0.0,0.0,0.0,0.0,11.0,11.0
United Kingdom,1970,Craft,0.0,0.0,0.0,0.0,0.0,13.0,13.0
United Kingdom,1970,Hands,0.0,0.0,0.0,0.0,0.0,6.0,6.0
United Kingdom,1970,Archive,0.0,0.0,0.0,0.0,0.0,16.5,16.5
United Kingdom,1970,Flow,0.0,0.0,0.0,0.0,0.0,12.0,12.0
United Kingdom,1971,Helm,0.0,0.0,0.0,0.0,0.0,11.5,11.5
United Kingdom,1971,Shield,0.0,0.0,0.0,0.0,0.0,11.0,11.0
United Kingdom,1971,Lore,0.0,0.0,0.0,0.0,0.0,12.5,12.5
United Kingdom,1971,Stewards,0.0,0.0,0.0,0.0,0.0,11.0,11.0
United Kingdom,1971,Craft,0.0,0.0,0.0,0.0,0.0,11.0,11.0
United Kingdom,1971,Hands,0.0,0.0,0.0,0.0,0.0,6.0,6.0
United Kingdom,1971,Archive,0.0,0.0,0.0,0.0,0.0,16.5,16.5
United Kingdom,1971,Flow,0.0,0.0,0.0,0.0,0.0,10.0,10.0
United Kingdom,1972,Helm,0.0,0.0,0.0,0.0,0.0,8.5,8.5
United Kingdom,1972,Shield,0.0,0.0,0.0,0.0,0.0,11.0,11.0
United Kingdom,1972,Lore,0.0,0.0,0.0,0.0,0.0,12.5,12.5
United Kingdom,1972,Stewards,0.0,0.0,0.0,0.0,0.0,11.0,11.0
United Kingdom,1972,Craft,0.0,0.0,0.0,0.0,0.0,8.5,8.5
United Kingdom,1972,Hands,0.0,0.0,0.0,0.0,0.0,3.5,3.5
United Kingdom,1972,Archive,0.0,0.0,0.0,0.0,0.0,14.5,14.5
United Kingdom,1972,Flow,0.0,0.0,0.0,0.0,0.0,8.0,8.0
United Kingdom,1973,Helm,0.0,0.0,0.0,0.0,0.0,10.5,10.5
United Kingdom,1973,Shield,0.0,0.0,0.0,0.0,0.0,11.0,11.0
United Kingdom,1973,Lore,0.0,0.0,0.0,0.0,0.0,12.5,12.5
United Kingdom,1973,Stewards,0.0,0.0,0.0,0.0,0.0,11.0,11.0
United Kingdom,1973,Craft,0.0,0.0,0.0,0.0,0.0,9.5,9.5
United Kingdom,1973,Hands,0.0,0.0,0.0,0.0,0.0,6.0,6.0
United Kingdom,1973,Archive,0.0,0.0,0.0,0.0,0.0,14.5,14.5
United Kingdom,1973,Flow,0.0,0.0,0.0,0.0,0.0,10.0,10.0
United Kingdom,1974,Helm,0.0,0.0,0.0,0.0,0.0,7.0,7.0
United Kingdom,1974,Shield,0.0,0.0,0.0,0.0,0.0,11.0,11.0
United Kingdom,1974,Lore,0.0,0.0,0.0,0.0,0.0,12.5,12.5
United Kingdom,1974,Stewards,0.0,0.0,0.0,0.0,0.0,10.0,10.0
United Kingdom,1974,Craft,0.0,0.0,0.0,0.0,0.0,6.5,6.5
United Kingdom,1974,Hands,0.0,0.0,0.0,0.0,0.0,2.5,2.5
United Kingdom,1974,Archive,0.0,0.0,0.0,0.0,0.0,14.5,14.5
United Kingdom,1974,Flow,0.0,0.0,0.0,0.0,0.0,5.5,5.5
United Kingdom,1975,Helm,0.0,0.0,0.0,0.0,0.0,7.0,7.0
United Kingdom,1975,Shield,0.0,0.0,0.0,0.0,0.0,11.0,11.0
United Kingdom,1975,Lore,0.0,0.0,0.0,0.0,0.0,11.5,11.5
United Kingdom,1975,Stewards,0.0,0.0,0.0,0.0,0.0,10.0,10.0
United Kingdom,1975,Craft,0.0,0.0,0.0,0.0,0.0,5.5,5.5
United Kingdom,1975,Hands,0.0,0.0,0.0,0.0,0.0,1.5,1.5
United Kingdom,1975,Archive,0.0,0.0,0.0,0.0,0.0,14.5,14.5
United Kingdom,1975,Flow,0.0,0.0,0.0,0.0,0.0,4.5,4.5
United Kingdom,1976,Helm,0.0,0.0,0.0,0.0,0.0,7.0,7.0
United Kingdom,1976,Shield,0.0,0.0,0.0,0.0,0.0,11.0,11.0
United Kingdom,1976,Lore,0.0,0.0,0.0,0.0,0.0,11.5,11.5
United Kingdom,1976,Stewards,0.0,0.0,0.0,0.0,0.0,10.0,10.0
United Kingdom,1976,Craft,0.0,0.0,0.0,0.0,0.0,5.5,5.5
United Kingdom,1976,Hands,0.0,0.0,0.0,0.0,0.0,1.5,1.5
United Kingdom,1976,Archive,0.0,0.0,0.0,0.0,0.0,14.5,14.5
United Kingdom,1976,Flow,0.0,0.0,0.0,0.0,0.0,4.5,4.5
United Kingdom,1977,Helm,0.0,0.0,0.0,0.0,0.0,7.0,7.0
United Kingdom,1977,Shield,0.0,0.0,0.0,0.0,0.0,11.0,11.0
United Kingdom,1977,Lore,0.0,0.0,0.0,0.0,0.0,11.5,11.5
United Kingdom,1977,Stewards,0.0,0.0,0.0,0.0,0.0,10.0,10.0
United Kingdom,1977,Craft,0.0,0.0,0.0,0.0,0.0,5.5,5.5
United Kingdom,1977,Hands,0.0,0.0,0.0,0.0,0.0,1.5,1.5
United Kingdom,1977,Archive,0.0,0.0,0.0,0.0,0.0,14.5,14.5
United Kingdom,1977,Flow,0.0,0.0,0.0,0.0,0.0,4.5,4.5
United Kingdom,1978,Helm,0.0,0.0,0.0,0.0,0.0,7.0,7.0
United Kingdom,1978,Shield,0.0,0.0,0.0,0.0,0.0,11.0,11.0
United Kingdom,1978,Lore,0.0,0.0,0.0,0.0,0.0,10.5,10.5
United Kingdom,1978,Stewards,0.0,0.0,0.0,0.0,0.0,10.0,10.0
United Kingdom,1978,Craft,0.0,0.0,0.0,0.0,0.0,5.5,5.5
United Kingdom,1978,Hands,0.0,0.0,0.0,0.0,0.0,1.5,1.5
United Kingdom,1978,Archive,0.0,0.0,0.0,0.0,0.0,14.5,14.5
United Kingdom,1978,Flow,0.0,0.0,0.0,0.0,0.0,4.5,4.5
United Kingdom,1979,Helm,0.0,0.0,0.0,0.548,0.5,10.0,10.5
United Kingdom,1979,Shield,0.0,0.0,0.0,0.0,0.0,11.0,11.0
United Kingdom,1979,Lore,0.0,0.0,0.0,0.0,0.0,10.5,10.5
United Kingdom,1979,Stewards,0.0,0.0,0.0,0.0,0.0,11.0,11.0
United Kingdom,1979,Craft,0.0,0.0,0.0,0.0,0.0,5.5,5.5
United Kingdom,1979,Hands,0.0,0.0,0.0,0.0,0.0,0.5,0.5
United Kingdom,1979,Archive,0.0,0.0,0.0,0.0,0.0,14.5,14.5
United Kingdom,1979,Flow,0.0,0.0,0.0,0.0,0.0,4.5,4.5
United Kingdom,1980,Helm,0.0,0.0,0.0,0.548,0.5,11.0,11.5
United Kingdom,1980,Shield,0.0,0.0,0.0,0.0,0.0,11.0,11.0
United Kingdom,1980,Lore,0.0,0.0,0.0,0.0,0.0,10.5,10.5
United Kingdom,1980,Stewards,0.0,0.0,0.0,0.0,0.0,13.0,13.0
United Kingdom,1980,Craft,0.0,0.0,0.0,0.0,0.0,5.5,5.5
United Kingdom,1980,Hands,0.0,0.0,0.0,0.0,0.0,-0.5,-0.5
United Kingdom,1980,Archive,0.0,0.0,0.0,0.0,0.0,14.5,14.5
United Kingdom,1980,Flow,0.0,0.0,0.0,0.0,0.0,5.5,5.5
United Kingdom,1981,Helm,0.0,0.0,0.0,0.548,0.5,9.0,9.5
United Kingdom,1981,Shield,0.0,0.0,0.0,0.0,0.0,11.0,11.0
United Kingdom,1981,Lore,0.0,0.0,0.0,0.0,0.0,10.5,10.5
United Kingdom,1981,Stewards,0.0,0.0,0.0,0.0,0.0,13.0,13.0
United Kingdom,1981,Craft,0.0,0.0,0.0,0.0,0.0,5.5,5.5
United Kingdom,1981,Hands,0.0,0.0,0.0,0.0,0.0,-0.5,-0.5
United Kingdom,1981,Archive,0.0,0.0,0.0,0.0,0.0,14.5,14.5
United Kingdom,1981,Flow,0.0,0.0,0.0,0.0,0.0,5.5,5.5
United Kingdom,1982,Helm,0.0,0.0,0.0,0.0,0.0,12.5,12.5
United Kingdom,1982,Shield,0.0,0.0,0.0,1.095,1.0,12.5,13.5
United Kingdom,1982,Lore,0.0,0.0,0.0,0.0,0.0,12.5,12.5
United Kingdom,1982,Stewards,0.0,0.0,0.0,0.0,0.0,14.0,14.0
United Kingdom,1982,Craft,0.0,0.0,0.0,0.0,0.0,7.5,7.5
United Kingdom,1982,Hands,0.0,0.0,0.0,0.0,0.0,2.5,2.5
United Kingdom,1982,Archive,0.0,0.0,0.0,0.0,0.0,15.5,15.5
United Kingdom,1982,Flow,0.0,0.0,0.0,0.0,0.0,8.5,8.5
United Kingdom,1983,Helm,0.0,0.0,0.0,0.0,0.0,13.5,13.5
United Kingdom,1983,Shield,0.0,0.0,0.0,0.548,0.5,12.5,13.0
United Kingdom,1983,Lore,0.0,0.0,0.0,0.0,0.0,12.5,12.5
United Kingdom,1983,Stewards,0.0,0.0,0.0,0.0,0.0,14.0,14.0
United Kingdom,1983,Craft,0.0,0.0,0.0,0.0,0.0,9.5,9.5
United Kingdom,1983,Hands,0.0,0.0,0.0,0.0,0.0,2.5,2.5
United Kingdom,1983,Archive,0.0,0.0,0.0,0.0,0.0,15.5,15.5
United Kingdom,1983,Flow,0.0,0.0,0.0,0.0,0.0,9.5,9.5
United Kingdom,1984,Helm,0.0,0.0,0.0,0.0,0.0,13.5,13.5
United Kingdom,1984,Shield,0.0,0.0,0.0,0.548,0.5,12.5,13.0
United Kingdom,1984,Lore,0.0,0.0,0.0,0.0,0.0,12.5,12.5
United Kingdom,1984,Stewards,0.0,0.0,0.0,0.0,0.0,14.0,14.0
United Kingdom,1984,Craft,0.0,0.0,0.0,0.0,0.0,7.5,7.5
United Kingdom,1984,Hands,0.0,0.0,0.0,0.0,0.0,-0.5,-0.5
United Kingdom,1984,Archive,0.0,0.0,0.0,0.0,0.0,15.5,15.5
United Kingdom,1984,Flow,0.0,0.0,0.0,0.0,0.0,9.5,9.5
United Kingdom,1985,Helm,0.0,0.0,0.0,0.0,0.0,13.5,13.5
United Kingdom,1985,Shield,0.0,0.0,0.0,0.548,0.5,12.5,13.0
United Kingdom,1985,Lore,0.0,0.0,0.0,0.0,0.0,12.5,12.5
United Kingdom,1985,Stewards,0.0,0.0,0.0,0.0,0.0,15.0,15.0
United Kingdom,1985,Craft,0.0,0.0,0.0,0.0,0.0,9.5,9.5
United Kingdom,1985,Hands,0.0,0.0,0.0,0.0,0.0,2.5,2.5
United Kingdom,1985,Archive,0.0,0.0,0.0,0.0,0.0,15.5,15.5
United Kingdom,1985,Flow,0.0,0.0,0.0,0.0,0.0,11.0,11.0
United Kingdom,1986,Helm,0.0,0.0,0.0,0.0,0.0,13.5,13.5
United Kingdom,1986,Shield,0.0,0.0,0.0,0.0,0.0,14.0,14.0
United Kingdom,1986,Lore,0.0,0.0,0.0,0.0,0.0,12.5,12.5
United Kingdom,1986,Stewards,0.0,0.0,0.0,0.0,0.0,15.0,15.0
United Kingdom,1986,Craft,0.0,0.0,0.0,0.0,0.0,9.5,9.5
United Kingdom,1986,Hands,0.0,0.0,0.0,0.0,0.0,3.5,3.5
United Kingdom,1986,Archive,0.0,0.0,0.0,0.0,0.0,15.5,15.5
United Kingdom,1986,Flow,0.0,0.0,0.0,0.0,0.0,13.0,13.0
United Kingdom,1987,Helm,0.0,0.0,0.0,0.0,0.0,14.5,14.5
United Kingdom,1987,Shield,0.0,0.0,0.0,0.0,0.0,14.0,14.0
United Kingdom,1987,Lore,0.0,0.0,0.0,0.0,0.0,13.5,13.5
United Kingdom,1987,Stewards,0.0,0.0,0.0,0.0,0.0,16.0,16.0
United Kingdom,1987,Craft,0.0,0.0,0.0,0.0,0.0,12.5,12.5
United Kingdom,1987,Hands,0.0,0.0,0.0,0.0,0.0,3.5,3.5
United Kingdom,1987,Archive,0.0,0.0,0.0,0.0,0.0,16.5,16.5
United Kingdom,1987,Flow,0.0,0.0,0.0,0.0,0.0,14.0,14.0
United Kingdom,1988,Helm,0.0,0.0,0.0,0.0,0.0,14.5,14.5
United Kingdom,1988,Shield,0.0,0.0,0.0,0.0,0.0,14.0,14.0
United Kingdom,1988,Lore,0.0,0.0,0.0,0.0,0.0,13.5,13.5
United Kingdom,1988,Stewards,0.0,0.0,0.0,0.0,0.0,16.0,16.0
United Kingdom,1988,Craft,0.0,0.0,0.0,0.0,0.0,12.5,12.5
United Kingdom,1988,Hands,0.0,0.0,0.0,0.0,0.0,6.5,6.5
United Kingdom,1988,Archive,0.0,0.0,0.0,0.0,0.0,16.5,16.5
United Kingdom,1988,Flow,0.0,0.0,0.0,0.0,0.0,15.0,15.0
United Kingdom,1989,Helm,0.0,0.0,0.0,0.0,0.0,14.5,14.5
United Kingdom,1989,Shield,0.0,0.0,0.0,0.0,0.0,14.0,14.0
United Kingdom,1989,Lore,0.0,0.0,0.0,0.0,0.0,13.5,13.5
United Kingdom,1989,Stewards,0.0,0.0,0.0,0.0,0.0,16.0,16.0
United Kingdom,1989,Craft,0.0,0.0,0.0,0.0,0.0,12.5,12.5
United Kingdom,1989,Hands,0.0,0.0,0.0,0.0,0.0,7.5,7.5
United Kingdom,1989,Archive,0.0,0.0,0.0,0.0,0.0,16.5,16.5
United Kingdom,1989,Flow,0.0,0.0,0.0,0.0,0.0,15.0,15.0
United Kingdom,1990,Helm,0.0,0.0,0.0,0.0,0.0,11.5,11.5
United Kingdom,1990,Shield,0.0,0.0,0.0,0.0,0.0,14.0,14.0
United Kingdom,1990,Lore,0.0,0.0,0.0,0.0,0.0,13.5,13.5
United Kingdom,1990,Stewards,0.0,0.0,0.0,0.0,0.0,14.0,14.0
United Kingdom,1990,Craft,0.0,0.0,0.0,0.0,0.0,12.5,12.5
United Kingdom,1990,Hands,0.0,0.0,0.0,0.0,0.0,5.5,5.5
United Kingdom,1990,Archive,0.0,0.0,0.0,0.0,0.0,16.5,16.5
United Kingdom,1990,Flow,0.0,0.0,0.0,0.0,0.0,11.0,11.0
United Kingdom,1991,Helm,0.0,0.0,0.0,0.0,0.0,11.5,11.5
United Kingdom,1991,Shield,0.0,0.0,0.0,0.0,0.0,13.0,13.0
United Kingdom,1991,Lore,0.0,0.0,0.0,0.0,0.0,13.5,13.5
United Kingdom,1991,Stewards,0.0,0.0,0.0,0.0,0.0,13.0,13.0
United Kingdom,1991,Craft,0.0,0.0,0.0,0.0,0.0,9.5,9.5
United Kingdom,1991,Hands,0.0,0.0,0.0,0.0,0.0,5.5,5.5
United Kingdom,1991,Archive,0.0,0.0,0.0,0.0,0.0,16.5,16.5
United Kingdom,1991,Flow,0.0,0.0,0.0,0.0,0.0,10.0,10.0
United Kingdom,1992,Helm,0.0,0.0,0.0,0.0,0.0,7.5,7.5
United Kingdom,1992,Shield,0.0,0.0,0.0,0.0,0.0,13.0,13.0
United Kingdom,1992,Lore,0.0,0.0,0.0,0.0,0.0,13.5,13.5
United Kingdom,1992,Stewards,0.0,0.0,0.0,0.0,0.0,11.0,11.0
United Kingdom,1992,Craft,0.0,0.0,0.0,0.0,0.0,9.5,9.5
United Kingdom,1992,Hands,0.0,0.0,0.0,0.0,0.0,3.5,3.5
United Kingdom,1992,Archive,0.0,0.0,0.0,0.0,0.0,14.5,14.5
United Kingdom,1992,Flow,0.0,0.0,0.0,0.0,0.0,7.5,7.5
United Kingdom,1993,Helm,0.0,0.0,0.0,0.0,0.0,11.5,11.5
United Kingdom,1993,Shield,0.0,0.0,0.0,0.0,0.0,13.0,13.0
United Kingdom,1993,Lore,0.0,0.0,0.0,0.0,0.0,13.5,13.5
United Kingdom,1993,Stewards,0.0,0.0,0.0,0.0,0.0,11.0,11.0
United Kingdom,1993,Craft,0.0,0.0,0.0,0.0,0.0,9.5,9.5
United Kingdom,1993,Hands,0.0,0.0,0.0,0.0,0.0,3.5,3.5
United Kingdom,1993,Archive,0.0,0.0,0.0,0.0,0.0,14.5,14.5
United Kingdom,1993,Flow,0.0,0.0,0.0,0.0,0.0,10.0,10.0
United Kingdom,1994,Helm,0.0,0.0,0.0,0.0,0.0,13.5,13.5
United Kingdom,1994,Shield,0.0,0.0,0.0,0.0,0.0,14.0,14.0
United Kingdom,1994,Lore,0.0,0.0,0.0,0.0,0.0,14.5,14.5
United Kingdom,1994,Stewards,0.0,0.0,0.0,0.0,0.0,13.0,13.0
United Kingdom,1994,Craft,0.0,0.0,0.0,0.0,0.0,11.5,11.5
United Kingdom,1994,Hands,0.0,0.0,0.0,0.0,0.0,5.5,5.5
United Kingdom,1994,Archive,0.0,0.0,0.0,0.0,0.0,16.5,16.5
United Kingdom,1994,Flow,0.0,0.0,0.0,0.0,0.0,13.0,13.0
United Kingdom,1995,Helm,0.0,0.0,0.0,0.0,0.0,13.5,13.5
United Kingdom,1995,Shield,0.0,0.0,0.0,0.0,0.0,14.0,14.0
United Kingdom,1995,Lore,0.0,0.0,0.0,0.0,0.0,14.5,14.5
United Kingdom,1995,Stewards,0.0,0.0,0.0,0.0,0.0,13.0,13.0
United Kingdom,1995,Craft,0.0,0.0,0.0,0.0,0.0,12.5,12.5
United Kingdom,1995,Hands,0.0,0.0,0.0,0.0,0.0,5.5,5.5
United Kingdom,1995,Archive,0.0,0.0,0.0,0.0,0.0,16.5,16.5
United Kingdom,1995,Flow,0.0,0.0,0.0,0.0,0.0,13.0,13.0
United Kingdom,1996,Helm,0.0,0.0,0.0,0.0,0.0,13.5,13.5
United Kingdom,1996,Shield,0.0,0.0,0.0,0.0,0.0,14.0,14.0
United Kingdom,1996,Lore,0.0,0.0,0.0,0.0,0.0,14.5,14.5
United Kingdom,1996,Stewards,0.0,0.0,0.0,0.0,0.0,13.0,13.0
United Kingdom,1996,Craft,0.0,0.0,0.0,0.0,0.0,12.5,12.5
United Kingdom,1996,Hands,0.0,0.0,0.0,0.0,0.0,5.5,5.5
United Kingdom,1996,Archive,0.0,0.0,0.0,0.0,0.0,16.5,16.5
United Kingdom,1996,Flow,0.0,0.0,0.0,0.0,0.0,13.0,13.0
United Kingdom,1997,Helm,0.0,0.0,0.0,0.548,0.5,14.5,15.0
United Kingdom,1997,Shield,0.0,0.0,0.0,0.548,0.5,13.5,14.0
United Kingdom,1997,Lore,0.0,0.0,0.0,0.0,0.0,14.5,14.5
United Kingdom,1997,Stewards,0.0,0.0,0.0,0.0,0.0,14.0,14.0
United Kingdom,1997,Craft,0.0,0.0,0.0,0.0,0.0,13.5,13.5
United Kingdom,1997,Hands,0.0,0.0,0.0,0.0,0.0,9.0,9.0
United Kingdom,1997,Archive,0.0,0.0,0.0,0.0,0.0,16.5,16.5
United Kingdom,1997,Flow,0.0,0.0,0.0,0.0,0.0,15.0,15.0
United Kingdom,1998,Helm,0.0,0.0,0.0,0.548,0.5,14.5,15.0
United Kingdom,1998,Shield,0.0,0.0,0.0,0.548,0.5,13.5,14.0
United Kingdom,1998,Lore,0.0,0.0,0.0,0.0,0.0,14.5,14.5
United Kingdom,1998,Stewards,0.0,0.0,0.0,0.0,0.0,15.0,15.0
United Kingdom,1998,Craft,0.0,0.0,0.0,0.0,0.0,13.5,13.5
United Kingdom,1998,Hands,0.0,0.0,0.0,0.0,0.0,10.0,10.0
United Kingdom,1998,Archive,0.0,0.0,0.0,0.0,0.0,16.5,16.5
United Kingdom,1998,Flow,0.0,0.0,0.0,0.0,0.0,15.0,15.0
United Kingdom,1999,Helm,0.0,0.0,0.0,0.548,0.5,14.5,15.0
United Kingdom,1999,Shield,0.0,0.0,0.0,0.548,0.5,13.5,14.0
United Kingdom,1999,Lore,0.0,0.0,0.0,0.0,0.0,14.5,14.5
United Kingdom,1999,Stewards,0.0,0.0,0.0,0.0,0.0,15.0,15.0
United Kingdom,1999,Craft,0.0,0.0,0.0,0.0,0.0,13.5,13.5
United Kingdom,1999,Hands,0.0,0.0,0.0,0.0,0.0,10.0,10.0
United Kingdom,1999,Archive,0.0,0.0,0.0,0.0,0.0,16.5,16.5
United Kingdom,1999,Flow,0.0,0.0,0.0,0.0,0.0,15.0,15.0
United Kingdom,2000,Helm,0.0,0.0,0.0,0.548,0.5,14.5,15.0
United Kingdom,2000,Shield,0.0,0.0,0.0,0.548,0.5,13.5,14.0
United Kingdom,2000,Lore,0.0,0.0,0.0,0.0,0.0,14.5,14.5
United Kingdom,2000,Stewards,0.0,0.0,0.0,0.0,0.0,15.0,15.0
United Kingdom,2000,Craft,0.0,0.0,0.0,0.0,0.0,13.5,13.5
United Kingdom,2000,Hands,0.0,0.0,0.0,0.0,0.0,10.0,10.0
United Kingdom,2000,Archive,0.0,0.0,0.0,0.0,0.0,16.5,16.5
United Kingdom,2000,Flow,0.0,0.0,0.0,0.0,0.0,15.0,15.0
United Kingdom,2001,Helm,0.0,0.0,0.0,0.0,0.0,13.0,13.0
United Kingdom,2001,Shield,0.0,0.0,0.0,0.548,0.5,12.5,13.0
United Kingdom,2001,Lore,0.0,0.0,0.0,0.0,0.0,13.5,13.5
United Kingdom,2001,Stewards,0.0,0.0,0.0,0.0,0.0,15.0,15.0
United Kingdom,2001,Craft,0.0,0.0,0.0,0.0,0.0,13.5,13.5
United Kingdom,2001,Hands,0.0,0.0,0.0,0.0,0.0,9.0,9.0
United Kingdom,2001,Archive,0.0,0.0,0.0,0.0,0.0,16.5,16.5
United Kingdom,2001,Flow,0.0,0.0,0.0,0.0,0.0,13.0,13.0
United Kingdom,2002,Helm,0.0,0.0,0.0,0.0,0.0,15.0,15.0
United Kingdom,2002,Shield,0.0,0.0,0.0,0.548,0.5,12.5,13.0
United Kingdom,2002,Lore,0.0,0.0,0.0,0.0,0.0,13.5,13.5
United Kingdom,2002,Stewards,0.0,0.0,0.0,0.0,0.0,15.0,15.0
United Kingdom,2002,Craft,0.0,0.0,0.0,0.0,0.0,13.5,13.5
United Kingdom,2002,Hands,0.0,0.0,0.0,0.0,0.0,10.0,10.0
United Kingdom,2002,Archive,0.0,0.0,0.0,0.0,0.0,16.5,16.5
United Kingdom,2002,Flow,0.0,0.0,0.0,0.0,0.0,15.0,15.0
United Kingdom,2003,Helm,0.0,0.0,0.0,0.0,0.0,10.5,10.5
United Kingdom,2003,Shield,0.0,0.0,0.0,0.548,0.5,11.5,12.0
United Kingdom,2003,Lore,0.0,0.0,0.0,0.0,0.0,11.5,11.5
United Kingdom,2003,Stewards,0.0,0.0,0.0,0.0,0.0,14.0,14.0
United Kingdom,2003,Craft,0.0,0.0,0.0,0.0,0.0,13.5,13.5
United Kingdom,2003,Hands,0.0,0.0,0.0,0.0,0.0,10.0,10.0
United Kingdom,2003,Archive,0.0,0.0,0.0,0.0,0.0,16.5,16.5
United Kingdom,2003,Flow,0.0,0.0,0.0,0.0,0.0,13.0,13.0
United Kingdom,2004,Helm,0.0,0.0,0.0,0.0,0.0,11.5,11.5
United Kingdom,2004,Shield,0.0,0.0,0.0,0.548,0.5,11.5,12.0
United Kingdom,2004,Lore,0.0,0.0,0.0,0.0,0.0,11.5,11.5
United Kingdom,2004,Stewards,0.0,0.0,0.0,0.0,0.0,14.0,14.0
United Kingdom,2004,Craft,0.0,0.0,0.0,0.0,0.0,13.5,13.5
United Kingdom,2004,Hands,0.0,0.0,0.0,0.0,0.0,10.0,10.0
United Kingdom,2004,Archive,0.0,0.0,0.0,0.0,0.0,16.5,16.5
United Kingdom,2004,Flow,0.0,0.0,0.0,0.0,0.0,13.0,13.0
United Kingdom,2005,Helm,0.0,0.0,0.0,0.0,0.0,11.5,11.5
United Kingdom,2005,Shield,0.0,0.0,0.0,0.548,0.5,11.5,12.0
United Kingdom,2005,Lore,0.0,0.0,0.0,0.0,0.0,11.5,11.5
United Kingdom,2005,Stewards,0.0,0.0,0.0,0.0,0.0,14.0,14.0
United Kingdom,2005,Craft,0.0,0.0,0.0,0.0,0.0,13.5,13.5
United Kingdom,2005,Hands,0.0,0.0,0.0,0.0,0.0,10.0,10.0
United Kingdom,2005,Archive,0.0,0.0,0.0,0.0,0.0,16.5,16.5
United Kingdom,2005,Flow,0.0,0.0,0.0,0.0,0.0,13.0,13.0
United Kingdom,2006,Helm,0.0,0.0,0.0,0.0,0.0,13.5,13.5
United Kingdom,2006,Shield,0.0,0.0,0.0,0.548,0.5,12.5,13.0
United Kingdom,2006,Lore,0.0,0.0,0.0,0.0,0.0,11.5,11.5
United Kingdom,2006,Stewards,0.0,0.0,0.0,0.0,0.0,14.0,14.0
United Kingdom,2006,Craft,0.0,0.0,0.0,0.0,0.0,13.5,13.5
United Kingdom,2006,Hands,0.0,0.0,0.0,0.0,0.0,10.0,10.0
United Kingdom,2006,Archive,0.0,0.0,0.0,0.0,0.0,16.5,16.5
United Kingdom,2006,Flow,0.0,0.0,0.0,0.0,0.0,14.0,14.0
United Kingdom,2007,Helm,0.0,0.0,0.0,0.0,0.0,13.5,13.5
United Kingdom,2007,Shield,0.0,0.0,0.0,0.548,0.5,13.5,14.0
United Kingdom,2007,Lore,0.0,0.0,0.0,0.0,0.0,13.5,13.5
United Kingdom,2007,Stewards,0.0,0.0,0.0,0.0,0.0,14.0,14.0
United Kingdom,2007,Craft,0.0,0.0,0.0,0.0,0.0,13.5,13.5
United Kingdom,2007,Hands,0.0,0.0,0.0,0.0,0.0,10.0,10.0
United Kingdom,2007,Archive,0.0,0.0,0.0,0.0,0.0,16.5,16.5
United Kingdom,2007,Flow,0.0,0.0,0.0,0.0,0.0,15.0,15.0
United Kingdom,2008,Helm,0.0,0.0,0.0,0.0,0.0,10.5,10.5
United Kingdom,2008,Shield,0.0,0.0,0.0,0.548,0.5,12.5,13.0
United Kingdom,2008,Lore,0.0,0.0,0.0,0.0,0.0,11.5,11.5
United Kingdom,2008,Stewards,0.0,0.0,0.0,0.0,0.0,7.0,7.0
United Kingdom,2008,Craft,0.0,0.0,0.0,0.0,0.0,9.5,9.5
United Kingdom,2008,Hands,0.0,0.0,0.0,0.0,0.0,7.0,7.0
United Kingdom,2008,Archive,0.0,0.0,0.0,0.0,0.0,14.5,14.5
United Kingdom,2008,Flow,0.0,0.548,0.548,0.0,2.0,5.0,7.0
United Kingdom,2009,Helm,0.0,0.0,0.0,0.0,0.0,9.5,9.5
United Kingdom,2009,Shield,0.0,0.0,0.0,0.548,0.5,13.5,14.0
United Kingdom,2009,Lore,0.0,0.0,0.0,0.0,0.0,11.5,11.5
United Kingdom,2009,Stewards,0.0,0.0,0.0,0.0,0.0,6.0,6.0
United Kingdom,2009,Craft,0.0,0.0,0.0,0.0,0.0,7.5,7.5
United Kingdom,2009,Hands,0.0,0.0,0.0,0.0,0.0,5.0,5.0
United Kingdom,2009,Archive,0.0,0.0,0.0,0.0,0.0,14.5,14.5
United Kingdom,2009,Flow,0.0,0.0,0.0,0.0,0.0,4.5,4.5
United Kingdom,2010,Helm,0.0,0.0,0.0,0.0,0.0,11.5,11.5
United Kingdom,2010,Shield,0.0,0.0,0.0,0.548,0.5,13.5,14.0
United Kingdom,2010,Lore,0.0,0.0,0.0,0.0,0.0,11.5,11.5
United Kingdom,2010,Stewards,0.0,0.0,0.0,0.0,0.0,10.0,10.0
United Kingdom,2010,Craft,0.0,0.0,0.0,0.0,0.0,9.5,9.5
United Kingdom,2010,Hands,0.0,0.0,0.0,0.0,0.0,6.0,6.0
United Kingdom,2010,Archive,0.0,0.0,0.0,0.0,0.0,14.5,14.5
United Kingdom,2010,Flow,0.0,0.0,0.0,0.0,0.0,9.5,9.5
United Kingdom,2011,Helm,0.0,0.0,0.0,0.0,0.0,11.5,11.5
United Kingdom,2011,Shield,0.0,0.0,0.0,0.548,0.5,12.5,13.0
United Kingdom,2011,Lore,0.0,0.0,0.0,0.0,0.0,11.5,11.5
United Kingdom,2011,Stewards,0.0,0.0,0.0,0.0,0.0,10.0,10.0
United Kingdom,2011,Craft,0.0,0.0,0.0,0.0,0.0,9.5,9.5
United Kingdom,2011,Hands,0.0,0.0,0.0,0.0,0.0,4.0,4.0
United Kingdom,2011,Archive,0.0,0.0,0.0,0.0,0.0,14.5,14.5
United Kingdom,2011,Flow,0.0,0.0,0.0,0.0,0.0,9.5,9.5
United Kingdom,2012,Helm,0.0,0.0,0.0,0.0,0.0,11.5,11.5
United Kingdom,2012,Shield,0.0,0.0,0.0,0.548,0.5,13.5,14.0
United Kingdom,2012,Lore,0.0,0.0,0.0,0.0,0.0,13.5,13.5
United Kingdom,2012,Stewards,0.0,0.0,0.0,0.0,0.0,11.0,11.0
United Kingdom,2012,Craft,0.0,0.0,0.0,0.0,0.0,9.5,9.5
United Kingdom,2012,Hands,0.0,0.0,0.0,0.0,0.0,6.0,6.0
United Kingdom,2012,Archive,0.0,0.0,0.0,0.0,0.0,14.5,14.5
United Kingdom,2012,Flow,0.0,0.0,0.0,0.0,0.0,9.5,9.5
United Kingdom,2013,Helm,0.0,0.0,0.0,0.0,0.0,11.5,11.5
United Kingdom,2013,Shield,0.0,0.0,0.0,0.548,0.5,13.5,14.0
United Kingdom,2013,Lore,0.0,0.0,0.0,0.0,0.0,13.5,13.5
United Kingdom,2013,Stewards,0.0,0.0,0.0,0.0,0.0,12.0,12.0
United Kingdom,2013,Craft,0.0,0.0,0.0,0.0,0.0,9.5,9.5
United Kingdom,2013,Hands,0.0,0.0,0.0,0.0,0.0,6.0,6.0
United Kingdom,2013,Archive,0.0,0.0,0.0,0.0,0.0,14.5,14.5
United Kingdom,2013,Flow,0.0,0.0,0.0,0.0,0.0,11.5,11.5
United Kingdom,2014,Helm,0.0,0.0,0.0,0.0,0.0,11.5,11.5
United Kingdom,2014,Shield,0.0,0.0,0.0,0.548,0.5,13.5,14.0
United Kingdom,2014,Lore,0.0,0.0,0.0,0.0,0.0,13.5,13.5
United Kingdom,2014,Stewards,0.0,0.0,0.0,0.0,0.0,12.0,12.0
United Kingdom,2014,Craft,0.0,0.0,0.0,0.0,0.0,11.5,11.5
United Kingdom,2014,Hands,0.0,0.0,0.0,0.0,0.0,7.0,7.0
United Kingdom,2014,Archive,0.0,0.0,0.0,0.0,0.0,15.5,15.5
United Kingdom,2014,Flow,0.0,0.0,0.0,0.0,0.0,12.5,12.5
United Kingdom,2015,Helm,0.0,0.0,0.0,0.0,0.0,11.5,11.5
United Kingdom,2015,Shield,0.0,0.0,0.0,0.548,0.5,12.5,13.0
United Kingdom,2015,Lore,0.0,0.0,0.0,0.0,0.0,13.5,13.5
United Kingdom,2015,Stewards,0.0,0.0,0.0,0.0,0.0,12.0,12.0
United Kingdom,2015,Craft,0.0,0.0,0.0,0.0,0.0,12.5,12.5
United Kingdom,2015,Hands,0.0,0.0,0.0,0.0,0.0,7.0,7.0
United Kingdom,2015,Archive,0.0,0.0,0.0,0.0,0.0,15.5,15.5
United Kingdom,2015,Flow,0.0,0.0,0.0,0.0,0.0,12.5,12.5
United Kingdom,2016,Helm,0.0,0.0,0.0,0.0,0.0,7.5,7.5
United Kingdom,2016,Shield,0.0,0.0,0.0,0.548,0.5,12.5,13.0
United Kingdom,2016,Lore,0.0,0.0,0.0,0.0,0.0,10.5,10.5
United Kingdom,2016,Stewards,0.0,0.0,0.0,0.0,0.0,12.0,12.0
United Kingdom,2016,Craft,0.0,0.0,0.0,0.0,0.0,12.5,12.5
United Kingdom,2016,Hands,0.0,0.0,0.0,0.0,0.0,7.0,7.0
United Kingdom,2016,Archive,0.0,0.0,0.0,0.0,0.0,14.5,14.5
United Kingdom,2016,Flow,0.0,0.0,0.0,0.0,0.0,10.5,10.5
United Kingdom,2017,Helm,0.0,0.0,0.0,0.0,0.0,5.5,5.5
United Kingdom,2017,Shield,0.0,0.0,0.0,0.548,0.5,10.5,11.0
United Kingdom,2017,Lore,0.0,0.0,0.0,0.0,0.0,9.5,9.5
United Kingdom,2017,Stewards,0.0,0.0,0.0,0.0,0.0,12.0,12.0
United Kingdom,2017,Craft,0.0,0.0,0.0,0.0,0.0,12.5,12.5
United Kingdom,2017,Hands,0.0,0.0,0.0,0.0,0.0,6.0,6.0
United Kingdom,2017,Archive,0.0,0.0,0.0,0.0,0.0,14.5,14.5
United Kingdom,2017,Flow,0.0,0.0,0.0,0.0,0.0,10.5,10.5
United Kingdom,2018,Helm,0.447,0.0,0.0,0.0,1.0,2.5,3.5
United Kingdom,2018,Shield,0.0,0.0,0.0,0.548,0.5,10.5,11.0
United Kingdom,2018,Lore,0.0,0.0,0.0,0.0,0.0,9.5,9.5
United Kingdom,2018,Stewards,0.0,0.0,0.0,0.0,0.0,12.0,12.0
United Kingdom,2018,Craft,0.0,0.0,0.0,0.0,0.0,12.5,12.5
United Kingdom,2018,Hands,0.0,0.0,0.0,0.0,0.0,6.0,6.0
United Kingdom,2018,Archive,0.0,0.0,0.0,0.0,0.0,14.5,14.5
United Kingdom,2018,Flow,0.0,0.0,0.0,0.0,0.0,10.5,10.5
United Kingdom,2019,Helm,0.0,0.548,0.0,0.0,1.0,2.5,3.5
United Kingdom,2019,Shield,0.0,0.0,0.0,0.548,0.5,10.5,11.0
United Kingdom,2019,Lore,0.0,0.0,0.0,0.0,0.0,7.5,7.5
United Kingdom,2019,Stewards,0.0,0.0,0.0,0.0,0.0,12.0,12.0
United Kingdom,2019,Craft,0.0,0.0,0.0,0.0,0.0,12.5,12.5
United Kingdom,2019,Hands,0.0,0.0,0.0,0.0,0.0,6.0,6.0
United Kingdom,2019,Archive,0.0,0.0,0.0,0.0,0.0,12.5,12.5
United Kingdom,2019,Flow,0.0,0.0,0.0,0.0,0.0,10.5,10.5
United Kingdom,2020,Helm,0.0,0.0,0.0,0.0,0.0,7.5,7.5
United Kingdom,2020,Shield,0.0,0.0,0.0,0.548,0.5,8.5,9.0
United Kingdom,2020,Lore,0.0,0.0,0.0,0.0,0.0,7.5,7.5
United Kingdom,2020,Stewards,0.0,0.0,0.0,0.0,0.0,9.0,9.0
United Kingdom,2020,Craft,0.0,0.0,0.0,0.0,0.0,5.5,5.5
United Kingdom,2020,Hands,0.0,0.0,0.0,0.0,0.0,2.5,2.5
United Kingdom,2020,Archive,0.0,0.0,0.0,0.0,0.0,13.5,13.5
United Kingdom,2020,Flow,0.0,0.0,0.0,0.0,0.0,3.5,3.5
United Kingdom,2021,Helm,0.0,0.0,0.0,0.0,0.0,9.5,9.5
United Kingdom,2021,Shield,0.0,0.0,0.0,0.548,0.5,9.5,10.0
United Kingdom,2021,Lore,0.0,0.0,0.0,0.0,0.0,8.5,8.5
United Kingdom,2021,Stewards,0.0,0.0,0.0,0.0,0.0,11.0,11.0
United Kingdom,2021,Craft,0.0,0.0,0.0,0.0,0.0,9.5,9.5
United Kingdom,2021,Hands,0.0,0.0,0.0,0.0,0.0,5.0,5.0
United Kingdom,2021,Archive,0.0,0.0,0.0,0.0,0.0,14.5,14.5
United Kingdom,2021,Flow,0.0,0.0,0.0,0.0,0.0,6.5,6.5
United Kingdom,2022,Helm,0.0,0.0,0.0,0.0,0.0,5.5,5.5
United Kingdom,2022,Shield,0.0,0.0,0.0,0.548,0.5,10.5,11.0
United Kingdom,2022,Lore,0.0,0.0,0.0,0.0,0.0,8.5,8.5
United Kingdom,2022,Stewards,0.0,0.0,0.0,0.0,0.0,11.0,11.0
United Kingdom,2022,Craft,0.0,0.0,0.0,0.0,0.0,9.5,9.5
United Kingdom,2022,Hands,0.0,0.0,0.0,0.0,0.0,4.0,4.0
United Kingdom,2022,Archive,0.0,0.0,0.0,0.0,0.0,14.5,14.5
United Kingdom,2022,Flow,0.0,0.0,0.0,0.0,0.0,6.5,6.5
United Kingdom,2023,Helm,0.0,0.0,0.0,0.0,0.0,7.5,7.5
United Kingdom,2023,Shield,0.0,0.0,0.0,0.548,0.5,10.5,11.0
United Kingdom,2023,Lore,0.0,0.0,0.0,0.0,0.0,8.5,8.5
United Kingdom,2023,Stewards,0.0,0.0,0.0,0.0,0.0,11.0,11.0
United Kingdom,2023,Craft,0.0,0.0,0.0,0.0,0.0,9.5,9.5
United Kingdom,2023,Hands,0.0,0.0,0.0,0.0,0.0,4.0,4.0
United Kingdom,2023,Archive,0.0,0.0,0.0,0.0,0.0,14.5,14.5
United Kingdom,2023,Flow,0.0,0.0,0.0,0.0,0.0,6.5,6.5
United Kingdom,2024,Helm,0.0,0.0,0.0,0.0,0.0,9.5,9.5
United Kingdom,2024,Shield,0.0,0.0,0.0,0.548,0.5,10.5,11.0
United Kingdom,2024,Lore,0.0,0.0,0.0,0.0,0.0,8.5,8.5
United Kingdom,2024,Stewards,0.0,0.0,0.0,0.0,0.0,12.0,12.0
United Kingdom,2024,Craft,0.0,0.0,0.0,0.0,0.0,9.5,9.5
United Kingdom,2024,Hands,0.0,0.0,0.0,0.0,0.0,6.0,6.0
United Kingdom,2024,Archive,0.0,0.0,0.0,0.0,0.0,14.5,14.5
United Kingdom,2024,Flow,0.0,0.0,0.0,0.0,0.0,8.5,8.5
United Kingdom,2025,Helm,0.0,0.0,0.0,0.0,0.0,9.5,9.5
United Kingdom,2025,Shield,0.0,0.0,0.0,0.548,0.5,11.5,12.0
United Kingdom,2025,Lore,0.0,0.0,0.0,0.0,0.0,10.5,10.5
United Kingdom,2025,Stewards,0.0,0.0,0.0,0.0,0.0,12.0,12.0
United Kingdom,2025,Craft,0.0,0.0,0.0,0.0,0.0,9.5,9.5
United Kingdom,2025,Hands,0.0,0.0,0.0,0.0,0.0,7.0,7.0
United Kingdom,2025,Archive,0.0,0.0,0.0,0.0,0.0,14.5,14.5
United Kingdom,2025,Flow,0.0,0.0,0.0,0.0,0.0,10.5,10.5
United Kingdom,2026,Helm,0.0,0.0,0.0,0.0,0.0,9.5,9.5
United Kingdom,2026,Shield,0.0,0.0,0.0,0.548,0.5,11.5,12.0
United Kingdom,2026,Lore,0.0,0.0,0.0,0.0,0.0,10.5,10.5
United Kingdom,2026,Stewards,0.0,0.0,0.0,0.0,0.0,12.0,12.0
United Kingdom,2026,Craft,0.0,0.0,0.0,0.0,0.0,9.5,9.5
United Kingdom,2026,Hands,0.0,0.0,0.0,0.0,0.0,7.0,7.0
United Kingdom,2026,Archive,0.0,0.0,0.0,0.0,0.0,14.5,14.5
United Kingdom,2026,Flow,0.0,0.0,0.0,0.0,0.0,10.5,10.5
