Country,Year,Node,Coherence,Capacity,Stress,Abstraction,Capacity+Coherence,Coherence+Abstraction
Canada,1800,Army,4,3,-4,3,12.5,8.5
Canada,1800,Priests,6,5,-2,5,16.5,13.5
Canada,1800,Property Owners,5,4,-3,4,14,11
Canada,1800,Professions,4,3,-4,3,12.5,8.5
Canada,1800,Proletariat,3,2,-5,2,12,6
Canada,1800,Memory,7,6,-1,6,19,15
Canada,1800,Merchants/Storekeepers,4,3,-4,3,12.5,8.5
Canada,1805,Executive,5.5,4.5,-2.5,4.5,15,12
Canada,1805,Army,4.5,3.5,-3.5,3.5,13,9
Canada,1805,Priests,6.5,5.5,-1.5,5.5,17.5,14.5
Canada,1805,Property Owners,5.5,4.5,-2.5,4.5,15,12
Canada,1805,Professions,4.5,3.5,-3.5,3.5,13,9
Canada,1805,Proletariat,3.5,2.5,-4.5,2.5,12.5,6.5
Canada,1805,Memory,7.5,6.5,-0.5,6.5,20,16
Canada,1805,Merchants/Storekeepers,4.5,3.5,-3.5,3.5,13,9
Canada,1810,Executive,6,5,-2,5,16,13
Canada,1810,Army,5,4,-3,4,14,10
Canada,1810,Priests,7,6,-1,6,18,15
Canada,1810,Property Owners,6,5,-2,5,16,13
Canada,1810,Professions,5,4,-3,4,14,10
Canada,1810,Proletariat,4,3,-4,3,13,7
Canada,1810,Memory,8,7,0,7,21,17
Canada,1810,Merchants/Storekeepers,5,4,-3,4,14,10
Canada,1815,Executive,6.5,5.5,-1.5,5.5,17,14
Canada,1815,Army,5.5,4.5,-2.5,4.5,14.5,11
Canada,1815,Priests,7.5,6.5,-0.5,6.5,19,16
Canada,1815,Property Owners,6.5,5.5,-1.5,5.5,17,14
Canada,1815,Professions,5.5,4.5,-2.5,4.5,14.5,11
Canada,1815,Proletariat,4.5,3.5,-3.5,3.5,13.5,7.5
Canada,1815,Memory,8.5,7.5,0.5,7.5,22,18
Canada,1815,Merchants/Storekeepers,5.5,4.5,-2.5,4.5,14.5,11
Canada,1820,Executive,7,6,-1,6,18,15
Canada,1820,Army,6,5,-2,5,15,12
Canada,1820,Priests,8,7,0,7,20,17
Canada,1820,Property Owners,7,6,-1,6,18,15
Canada,1820,Professions,6,5,-2,5,15,12
Canada,1820,Proletariat,5,4,-3,4,14,8
Canada,1820,Memory,9,8,1,8,23,19
Canada,1820,Merchants/Storekeepers,6,5,-2,5,15,12
Canada,1825,Executive,7.5,6.5,-0.5,6.5,19,16
Canada,1825,Army,6.5,5.5,-1.5,5.5,15.5,13
Canada,1825,Priests,8.5,7.5,0.5,7.5,21,18
Canada,1825,Property Owners,7.5,6.5,-0.5,6.5,19,16
Canada,1825,Professions,6.5,5.5,-1.5,5.5,15.5,13
Canada,1825,Proletariat,5.5,4.5,-2.5,4.5,14.5,8.5
Canada,1825,Memory,9.5,8.5,1.5,8.5,24,20
Canada,1825,Merchants/Storekeepers,6.5,5.5,-1.5,5.5,15.5,13
Canada,1830,Executive,8,7,0,7,20,17
Canada,1830,Army,7,6,-1,6,16,14
Canada,1830,Priests,9,8,1,8,22,19
Canada,1830,Property Owners,8,7,0,7,20,17
Canada,1830,Professions,7,6,-1,6,16,14
Canada,1830,Proletariat,6,5,-2,5,15,9
Canada,1830,Memory,10,9,2,9,25,21
Canada,1830,Merchants/Storekeepers,7,6,-1,6,16,14
Canada,1835,Executive,8.5,7.5,0.5,7.5,21,18
Canada,1835,Army,7.5,6.5,-0.5,6.5,16.5,15
Canada,1835,Priests,9.5,8.5,1.5,8.5,23,20
Canada,1835,Property Owners,8.5,7.5,0.5,7.5,21,18
Canada,1835,Professions,7.5,6.5,-0.5,6.5,16.5,15
Canada,1835,Proletariat,6.5,5.5,-1.5,5.5,15.5,9.5
Canada,1835,Memory,10.5,9.5,2.5,9.5,26,22
Canada,1835,Merchants/Storekeepers,7.5,6.5,-0.5,6.5,16.5,15
Canada,1840,Executive,9,8,1,8,22,19
Canada,1840,Army,8,7,0,7,17,16
Canada,1840,Priests,10,9,2,9,24,21
Canada,1840,Property Owners,9,8,1,8,22,19
Canada,1840,Professions,8,7,0,7,17,16
Canada,1840,Proletariat,7,6,-1,6,16,10
Canada,1840,Memory,11,10,3,10,27,23
Canada,1840,Merchants/Storekeepers,8,7,0,7,17,16
Canada,1845,Executive,9.5,8.5,1.5,8.5,23,20
Canada,1845,Army,8.5,7.5,0.5,7.5,17.5,17
Canada,1845,Priests,10.5,9.5,2.5,9.5,25,22
Canada,1845,Property Owners,9.5,8.5,1.5,8.5,23,20
Canada,1845,Professions,8.5,7.5,0.5,7.5,17.5,17
Canada,1845,Proletariat,7.5,6.5,-0.5,6.5,16.5,10.5
Canada,1845,Memory,11.5,10.5,3.5,10.5,28,24
Canada,1845,Merchants/Storekeepers,8.5,7.5,0.5,7.5,17.5,17
Canada,1850,Executive,10,9,2,9,24,21
Canada,1850,Army,9,8,1,8,18,18
Canada,1850,Priests,11,10,3,10,26,23
Canada,1850,Property Owners,10,9,2,9,24,21
Canada,1850,Professions,9,8,1,8,18,18
Canada,1850,Proletariat,8,7,0,7,17,11
Canada,1850,Memory,12,11,4,11,29,25
Canada,1850,Merchants/Storekeepers,9,8,1,8,18,18
Canada,1855,Executive,10,9,2,9,24,21
Canada,1855,Army,9,8,1,8,18,18
Canada,1855,Priests,11,10,3,10,26,23
Canada,1855,Property Owners,10,9,2,9,24,21
Canada,1855,Professions,9,8,1,8,18,18
Canada,1855,Proletariat,8,7,0,7,17,11
Canada,1855,Memory,12,11,4,11,29,25
Canada,1855,Merchants/Storekeepers,9,8,1,8,18,18
Canada,1860,Executive,10,9,2,9,24,21
Canada,1860,Army,9,8,1,8,18,18
Canada,1860,Priests,11,10,3,10,26,23
Canada,1860,Property Owners,10,9,2,9,24,21
Canada,1860,Professions,9,8,1,8,18,18
Canada,1860,Proletariat,8,7,0,7,17,11
Canada,1860,Memory,12,11,4,11,29,25
Canada,1860,Merchants/Storekeepers,9,8,1,8,18,18
Canada,1865,Executive,10,9,2,9,24,21
Canada,1865,Army,9,8,1,8,18,18
Canada,1865,Priests,11,10,3,10,26,23
Canada,1865,Property Owners,10,9,2,9,24,21
Canada,1865,Professions,9,8,1,8,18,18
Canada,1865,Proletariat,8,7,0,7,17,11
Canada,1865,Memory,12,11,4,11,29,25
Canada,1865,Merchants/Storekeepers,9,8,1,8,18,18
Canada,1870,Executive,10,9,2,9,24,21
Canada,1870,Army,9,8,1,8,18,18
Canada,1870,Priests,11,10,3,10,26,23
Canada,1870,Property Owners,10,9,2,9,24,21
Canada,1870,Professions,9,8,1,8,18,18
Canada,1870,Proletariat,8,7,0,7,17,11
Canada,1870,Memory,12,11,4,11,29,25
Canada,1870,Merchants/Storekeepers,9,8,1,8,18,18
Canada,1875,Executive,10,9,2,9,24,21
Canada,1875,Army,9,8,1,8,18,18
Canada,1875,Priests,11,10,3,10,26,23
Canada,1875,Property Owners,10,9,2,9,24,21
Canada,1875,Professions,9,8,1,8,18,18
Canada,1875,Proletariat,8,7,0,7,17,11
Canada,1875,Memory,12,11,4,11,29,25
Canada,1875,Merchants/Storekeepers,9,8,1,8,18,18
Canada,1880,Executive,10,9,2,9,24,21
Canada,1880,Army,9,8,1,8,18,18
Canada,1880,Priests,11,10,3,10,26,23
Canada,1880,Property Owners,10,9,2,9,24,21
Canada,1880,Professions,9,8,1,8,18,18
Canada,1880,Proletariat,8,7,0,7,17,11
Canada,1880,Memory,12,11,4,11,29,25
Canada,1880,Merchants/Storekeepers,9,8,1,8,18,18
Canada,1885,Executive,10,9,2,9,24,21
Canada,1885,Army,9,8,1,8,18,18
Canada,1885,Priests,11,10,3,10,26,23
Canada,1885,Property Owners,10,9,2,9,24,21
Canada,1885,Professions,9,8,1,8,18,18
Canada,1885,Proletariat,8,7,0,7,17,11
Canada,1885,Memory,12,11,4,11,29,25
Canada,1885,Merchants/Storekeepers,9,8,1,8,18,18
Canada,1890,Executive,10,9,2,9,24,21
Canada,1890,Army,9,8,1,8,18,18
Canada,1890,Priests,11,10,3,10,26,23
Canada,1890,Property Owners,10,9,2,9,24,21
Canada,1890,Professions,9,8,1,8,18,18
Canada,1890,Proletariat,8,7,0,7,17,11
Canada,1890,Memory,12,11,4,11,29,25
Canada,1890,Merchants/Storekeepers,9,8,1,8,18,18
Canada,1895,Executive,10,9,2,9,24,21
Canada,1895,Army,9,8,1,8,18,18
Canada,1895,Priests,11,10,3,10,26,23
Canada,1895,Property Owners,10,9,2,9,24,21
Canada,1895,Professions,9,8,1,8,18,18
Canada,1895,Proletariat,8,7,0,7,17,11
Canada,1895,Memory,12,11,4,11,29,25
Canada,1895,Merchants/Storekeepers,9,8,1,8,18,18
Canada,1900,Army,5,4,4,4,7,2.4
Canada,1900,Executive,7,6,5,6,12,2.943
Canada,1900,Merchants/Storekeepers,6,6,4,4,9,2.571
Canada,1900,Priests,6,6,4,5,10.5,2.743
Canada,1900,Proletariat,4,3,5,3,6.5,2.257
Canada,1900,Property Owners,6,7,5,5,11,2.771
Canada,1900,Memory,5,5,4,5,9.5,2.629
Canada,1900,Professions,5,5,5,4,7.5,2.429
Canada,1901,Army,5,4,4,4,7,2.4
Canada,1901,Executive,7,6,5,6,12,2.943
Canada,1901,Merchants/Storekeepers,6,6,4,4,9,2.571
Canada,1901,Priests,6,6,4,5,10.5,2.743
Canada,1901,Proletariat,4,3,5,3,6.5,2.257
Canada,1901,Property Owners,6,7,5,5,11,2.771
Canada,1901,Memory,5,5,4,5,9.5,2.629
Canada,1901,Professions,5,5,5,4,7.5,2.429
Canada,1902,Army,5,4,4,4,7,2.4
Canada,1902,Executive,7,6,5,6,12,2.943
Canada,1902,Merchants/Storekeepers,6,6,4,4,9,2.571
Canada,1902,Priests,6,6,4,5,10.5,2.743
Canada,1902,Proletariat,4,3,5,3,6.5,2.257
Canada,1902,Property Owners,6,7,5,5,11,2.771
Canada,1902,Memory,5,5,4,5,9.5,2.629
Canada,1902,Professions,5,5,5,4,7.5,2.429
Canada,1903,Army,5,4,4,4,7,2.4
Canada,1903,Executive,7,6,5,6,12,2.943
Canada,1903,Merchants/Storekeepers,6,6,4,4,9,2.571
Canada,1903,Priests,6,6,4,5,10.5,2.743
Canada,1903,Proletariat,4,4,5,3,7,2.314
Canada,1903,Property Owners,6,7,5,5,11,2.771
Canada,1903,Memory,5,5,4,5,9.5,2.629
Canada,1903,Professions,5,5,5,4,7.5,2.429
Canada,1904,Army,5,4,4,4,7,2.4
Canada,1904,Executive,7,6,5,6,12,2.943
Canada,1904,Merchants/Storekeepers,6,6,4,4,9,2.571
Canada,1904,Priests,6,6,4,5,10.5,2.743
Canada,1904,Proletariat,4,4,5,3,7,2.314
Canada,1904,Property Owners,6,7,5,5,11,2.771
Canada,1904,Memory,5,5,4,5,9.5,2.629
Canada,1904,Professions,5,5,5,4,7.5,2.429
Canada,1905,Army,5,5,4,4,8,2.486
Canada,1905,Executive,7,7,4,6,14,3.086
Canada,1905,Merchants/Storekeepers,6,6,4,5,9.5,2.629
Canada,1905,Priests,6,6,4,5,10.5,2.743
Canada,1905,Proletariat,4,4,5,4,7.5,2.371
Canada,1905,Property Owners,7,7,4,6,13,2.971
Canada,1905,Memory,6,6,4,5,10,2.743
Canada,1905,Professions,5,5,4,5,8.5,2.486
Canada,1906,Army,5,5,4,4,8,2.486
Canada,1906,Executive,7,7,4,6,14,3.086
Canada,1906,Merchants/Storekeepers,6,6,4,5,9.5,2.629
Canada,1906,Priests,6,6,4,5,10.5,2.743
Canada,1906,Proletariat,4,4,5,4,7.5,2.371
Canada,1906,Property Owners,7,7,4,6,13,2.971
Canada,1906,Memory,6,6,4,5,10,2.743
Canada,1906,Professions,5,5,4,5,8.5,2.486
Canada,1907,Army,5,5,4,4,8,2.486
Canada,1907,Executive,7,7,4,6,14,3.086
Canada,1907,Merchants/Storekeepers,6,6,4,5,9.5,2.629
Canada,1907,Priests,6,6,4,5,10.5,2.743
Canada,1907,Proletariat,4,4,5,4,7.5,2.371
Canada,1907,Property Owners,7,7,4,6,13,2.971
Canada,1907,Memory,6,6,4,5,10,2.743
Canada,1907,Professions,5,5,4,5,8.5,2.486
Canada,1908,Army,5,5,4,4,8,2.486
Canada,1908,Executive,7,7,4,6,14,3.086
Canada,1908,Merchants/Storekeepers,6,6,4,5,9.5,2.629
Canada,1908,Priests,6,6,4,5,10.5,2.743
Canada,1908,Proletariat,4,4,5,4,7.5,2.371
Canada,1908,Property Owners,7,7,4,6,13,2.971
Canada,1908,Memory,6,6,4,5,10,2.743
Canada,1908,Professions,5,5,4,5,8.5,2.486
Canada,1909,Army,5,5,4,4,8,2.486
Canada,1909,Executive,7,7,4,6,14,3.086
Canada,1909,Merchants/Storekeepers,6,6,4,5,9.5,2.629
Canada,1909,Priests,6,6,4,5,10.5,2.743
Canada,1909,Proletariat,4,4,5,4,7.5,2.371
Canada,1909,Property Owners,7,7,4,6,13,2.971
Canada,1909,Memory,6,6,4,5,10,2.743
Canada,1909,Professions,5,5,4,5,8.5,2.486
Canada,1910,Army,5,5,4,4,8,2.486
Canada,1910,Executive,7,7,4,6,14,3.086
Canada,1910,Merchants/Storekeepers,6,6,4,5,9.5,2.629
Canada,1910,Priests,6,6,4,5,10.5,2.743
Canada,1910,Proletariat,4,4,5,4,7.5,2.371
Canada,1910,Property Owners,7,7,4,6,13,2.971
Canada,1910,Memory,6,6,4,5,10,2.743
Canada,1910,Professions,5,5,4,5,8.5,2.486
Canada,1911,Army,5,5,4,4,8,2.486
Canada,1911,Executive,7,7,4,6,14,3.086
Canada,1911,Merchants/Storekeepers,6,6,4,5,9.5,2.629
Canada,1911,Priests,6,6,4,5,10.5,2.743
Canada,1911,Proletariat,4,4,5,4,7.5,2.371
Canada,1911,Property Owners,7,7,4,6,13,2.971
Canada,1911,Memory,6,6,4,5,10,2.743
Canada,1911,Professions,5,5,4,5,8.5,2.486
Canada,1912,Army,5,5,4,4,8,2.486
Canada,1912,Executive,7,7,4,6,14,3.086
Canada,1912,Merchants/Storekeepers,6,6,4,5,9.5,2.629
Canada,1912,Priests,6,6,4,5,10.5,2.743
Canada,1912,Proletariat,4,4,5,4,7.5,2.371
Canada,1912,Property Owners,7,7,4,6,13,2.971
Canada,1912,Memory,6,6,4,5,10,2.743
Canada,1912,Professions,5,5,4,5,8.5,2.486
Canada,1913,Army,5,5,4,4,8,2.486
Canada,1913,Executive,7,7,4,6,14,3.086
Canada,1913,Merchants/Storekeepers,6,6,4,5,9.5,2.629
Canada,1913,Priests,6,6,4,5,10.5,2.743
Canada,1913,Proletariat,4,4,5,4,7.5,2.371
Canada,1913,Property Owners,7,7,4,6,13,2.971
Canada,1913,Memory,6,6,4,5,10,2.743
Canada,1913,Professions,5,5,4,5,8.5,2.486
Canada,1914,Army,5,5,5,5,9,2.571
Canada,1914,Executive,7,7,5,6,13.5,3.029
Canada,1914,Merchants/Storekeepers,6,6,5,5,9,2.571
Canada,1914,Priests,6,6,5,5,10,2.686
Canada,1914,Proletariat,4,4,6,4,7.5,2.371
Canada,1914,Property Owners,7,7,5,6,12.5,2.914
Canada,1914,Memory,6,6,5,5,9.5,2.629
Canada,1914,Professions,5,5,5,5,8.5,2.486
Canada,1915,Army,6,6,6,5,10,2.629
Canada,1915,Executive,7,7,6,6,13,2.971
Canada,1915,Merchants/Storekeepers,6,6,6,5,9,2.571
Canada,1915,Priests,6,6,6,5,9.5,2.629
Canada,1915,Proletariat,5,5,7,4,7,2.143
Canada,1915,Property Owners,7,7,6,6,12,2.857
Canada,1915,Memory,6,6,6,5,9.5,2.629
Canada,1915,Professions,6,6,6,5,9,2.571
Canada,1916,Army,6,6,7,5,9.5,2.486
Canada,1916,Executive,7,7,7,6,12.5,2.857
Canada,1916,Merchants/Storekeepers,6,6,7,5,8.5,2.429
Canada,1916,Priests,6,6,7,5,9,2.486
Canada,1916,Proletariat,5,5,7,4,7,2.143
Canada,1916,Property Owners,7,7,7,6,11.5,2.743
Canada,1916,Memory,6,6,7,5,9,2.486
Canada,1916,Professions,6,6,7,5,8.5,2.429
Canada,1917,Army,6,6,7,5,9.5,2.486
Canada,1917,Executive,7,7,7,6,12.5,2.857
Canada,1917,Merchants/Storekeepers,6,6,7,5,8.5,2.429
Canada,1917,Priests,6,6,7,5,9,2.486
Canada,1917,Proletariat,5,5,7,4,7,2.143
Canada,1917,Property Owners,7,7,7,6,11.5,2.743
Canada,1917,Memory,6,6,7,5,9,2.486
Canada,1917,Professions,6,6,7,5,8.5,2.429
Canada,1918,Army,6,6,7,5,9.5,2.486
Canada,1918,Executive,7,7,7,6,12.5,2.857
Canada,1918,Merchants/Storekeepers,6,6,7,5,8.5,2.429
Canada,1918,Priests,6,6,7,5,9,2.486
Canada,1918,Proletariat,5,5,7,4,7,2.143
Canada,1918,Property Owners,7,7,7,6,11.5,2.743
Canada,1918,Memory,6,6,7,5,9,2.486
Canada,1918,Professions,6,6,7,5,8.5,2.429
Canada,1919,Army,5,5,6,5,8,2.371
Canada,1919,Executive,6,6,6,6,11,2.743
Canada,1919,Merchants/Storekeepers,6,6,6,5,9,2.571
Canada,1919,Priests,6,6,6,5,9.5,2.629
Canada,1919,Proletariat,5,5,6,4,7.5,2.286
Canada,1919,Property Owners,6,6,6,6,11,2.743
Canada,1919,Memory,6,6,6,5,9.5,2.629
Canada,1919,Professions,6,6,6,5,9,2.571
Canada,1920,Army,5,5,6,5,8,2.371
Canada,1920,Executive,6,6,6,6,11,2.743
Canada,1920,Merchants/Storekeepers,6,6,6,5,9,2.571
Canada,1920,Priests,6,6,6,5,9.5,2.629
Canada,1920,Proletariat,5,5,6,4,7.5,2.286
Canada,1920,Property Owners,6,6,6,6,11,2.743
Canada,1920,Memory,6,6,6,5,9.5,2.629
Canada,1920,Professions,6,6,6,5,9,2.571
Canada,1921,Army,5,5,6,5,8,2.371
Canada,1921,Executive,6,6,6,6,11,2.743
Canada,1921,Merchants/Storekeepers,6,6,6,5,9,2.571
Canada,1921,Priests,6,6,6,5,9.5,2.629
Canada,1921,Proletariat,5,5,6,4,7.5,2.286
Canada,1921,Property Owners,6,6,6,6,11,2.743
Canada,1921,Memory,6,6,6,5,9.5,2.629
Canada,1921,Professions,6,6,6,5,9,2.571
Canada,1922,Army,5,5,6,5,8,2.371
Canada,1922,Executive,6,6,6,6,11,2.743
Canada,1922,Merchants/Storekeepers,6,6,6,5,9,2.571
Canada,1922,Priests,6,6,6,5,9.5,2.629
Canada,1922,Proletariat,5,5,6,4,7.5,2.286
Canada,1922,Property Owners,6,6,6,6,11,2.743
Canada,1922,Memory,6,6,6,5,9.5,2.629
Canada,1922,Professions,6,6,6,5,9,2.571
Canada,1923,Army,5,5,6,5,8,2.371
Canada,1923,Executive,6,6,6,6,11,2.743
Canada,1923,Merchants/Storekeepers,6,6,6,5,9,2.571
Canada,1923,Priests,6,6,6,5,9.5,2.629
Canada,1923,Proletariat,5,5,6,4,7.5,2.286
Canada,1923,Property Owners,6,6,6,6,11,2.743
Canada,1923,Memory,6,6,6,5,9.5,2.629
Canada,1923,Professions,6,6,6,5,9,2.571
Canada,1924,Army,5,5,6,5,8,2.371
Canada,1924,Executive,6,6,6,6,11,2.743
Canada,1924,Merchants/Storekeepers,6,6,6,5,9,2.571
Canada,1924,Priests,6,6,6,5,9.5,2.629
Canada,1924,Proletariat,5,5,6,4,7.5,2.286
Canada,1924,Property Owners,6,6,6,6,11,2.743
Canada,1924,Memory,6,6,6,5,9.5,2.629
Canada,1924,Professions,6,6,6,5,9,2.571
Canada,1925,Army,5,5,6,5,8,2.371
Canada,1925,Executive,6,6,6,6,11,2.743
Canada,1925,Merchants/Storekeepers,6,6,6,5,9,2.571
Canada,1925,Priests,6,6,6,5,9.5,2.629
Canada,1925,Proletariat,5,5,6,4,7.5,2.286
Canada,1925,Property Owners,6,6,6,6,11,2.743
Canada,1925,Memory,6,6,6,5,9.5,2.629
Canada,1925,Professions,6,6,6,5,9,2.571
Canada,1926,Army,5,5,6,5,8,2.371
Canada,1926,Executive,6,6,6,6,11,2.743
Canada,1926,Merchants/Storekeepers,6,6,6,5,9,2.571
Canada,1926,Priests,6,6,6,5,9.5,2.629
Canada,1926,Proletariat,5,5,6,4,7.5,2.286
Canada,1926,Property Owners,6,6,6,6,11,2.743
Canada,1926,Memory,6,6,6,5,9.5,2.629
Canada,1926,Professions,6,6,6,5,9,2.571
Canada,1927,Army,5,5,6,5,8,2.371
Canada,1927,Executive,6,6,6,6,11,2.743
Canada,1927,Merchants/Storekeepers,6,6,6,5,9,2.571
Canada,1927,Priests,6,6,6,5,9.5,2.629
Canada,1927,Proletariat,5,5,6,4,7.5,2.286
Canada,1927,Property Owners,6,6,6,6,11,2.743
Canada,1927,Memory,6,6,6,5,9.5,2.629
Canada,1927,Professions,6,6,6,5,9,2.571
Canada,1928,Army,5,5,6,5,8,2.371
Canada,1928,Executive,6,6,6,6,11,2.743
Canada,1928,Merchants/Storekeepers,6,6,6,5,9,2.571
Canada,1928,Priests,6,6,6,5,9.5,2.629
Canada,1928,Proletariat,5,5,6,4,7.5,2.286
Canada,1928,Property Owners,6,6,6,6,11,2.743
Canada,1928,Memory,6,6,6,5,9.5,2.629
Canada,1928,Professions,6,6,6,5,9,2.571
Canada,1929,Army,5,5,6,5,8,2.371
Canada,1929,Executive,6,6,6,6,11,2.743
Canada,1929,Merchants/Storekeepers,6,6,6,5,9,2.571
Canada,1929,Priests,6,6,6,5,9.5,2.629
Canada,1929,Proletariat,5,5,6,4,7.5,2.286
Canada,1929,Property Owners,6,6,6,6,11,2.743
Canada,1929,Memory,6,6,6,5,9.5,2.629
Canada,1929,Professions,6,6,6,5,9,2.571
Canada,1930,Army,5,5,7,5,7.5,2.286
Canada,1930,Executive,6,6,7,6,10.5,2.686
Canada,1930,Merchants/Storekeepers,5,5,7,5,7.5,2.286
Canada,1930,Priests,6,6,7,5,9,2.486
Canada,1930,Proletariat,4,4,8,4,6,1.943
Canada,1930,Property Owners,5,6,7,5,8.5,2.371
Canada,1930,Memory,6,6,7,5,9,2.486
Canada,1930,Professions,5,5,7,5,7.5,2.286
Canada,1931,Army,5,5,7,5,7.5,2.286
Canada,1931,Executive,6,6,7,6,10.5,2.686
Canada,1931,Merchants/Storekeepers,5,5,7,5,7.5,2.286
Canada,1931,Priests,6,6,7,5,9,2.486
Canada,1931,Proletariat,4,4,8,4,6,1.943
Canada,1931,Property Owners,5,6,7,5,8.5,2.371
Canada,1931,Memory,6,6,7,5,9,2.486
Canada,1931,Professions,5,5,7,5,7.5,2.286
Canada,1932,Army,5,5,7,5,7.5,2.286
Canada,1932,Executive,6,6,7,6,10.5,2.686
Canada,1932,Merchants/Storekeepers,5,5,7,5,7.5,2.286
Canada,1932,Priests,6,6,7,5,9,2.486
Canada,1932,Proletariat,4,4,8,4,6,1.943
Canada,1932,Property Owners,5,6,7,5,8.5,2.371
Canada,1932,Memory,6,6,7,5,9,2.486
Canada,1932,Professions,5,5,7,5,7.5,2.286
Canada,1933,Army,5,5,7,5,7.5,2.286
Canada,1933,Executive,6,6,7,6,10.5,2.686
Canada,1933,Merchants/Storekeepers,5,5,7,5,7.5,2.286
Canada,1933,Priests,6,6,7,5,9,2.486
Canada,1933,Proletariat,4,4,8,4,6,1.943
Canada,1933,Property Owners,5,6,7,5,8.5,2.371
Canada,1933,Memory,6,6,7,5,9,2.486
Canada,1933,Professions,5,5,7,5,7.5,2.286
Canada,1934,Army,5,5,7,5,7.5,2.286
Canada,1934,Executive,6,6,7,6,10.5,2.686
Canada,1934,Merchants/Storekeepers,5,5,7,5,7.5,2.286
Canada,1934,Priests,6,6,7,5,9,2.486
Canada,1934,Proletariat,4,4,8,4,6,1.943
Canada,1934,Property Owners,5,6,7,5,8.5,2.371
Canada,1934,Memory,6,6,7,5,9,2.486
Canada,1934,Professions,5,5,7,5,7.5,2.286
Canada,1935,Army,5,5,7,5,7.5,2.286
Canada,1935,Executive,6,6,7,6,10.5,2.686
Canada,1935,Merchants/Storekeepers,5,5,7,5,7.5,2.286
Canada,1935,Priests,6,6,7,5,9,2.486
Canada,1935,Proletariat,4,4,8,4,6,1.943
Canada,1935,Property Owners,5,6,7,5,8.5,2.371
Canada,1935,Memory,6,6,7,5,9,2.486
Canada,1935,Professions,5,5,7,5,7.5,2.286
Canada,1936,Army,5,5,7,5,7.5,2.286
Canada,1936,Executive,6,6,7,6,10.5,2.686
Canada,1936,Merchants/Storekeepers,5,5,7,5,7.5,2.286
Canada,1936,Priests,6,6,7,5,9,2.486
Canada,1936,Proletariat,4,4,8,4,6,1.943
Canada,1936,Property Owners,5,6,7,5,8.5,2.371
Canada,1936,Memory,6,6,7,5,9,2.486
Canada,1936,Professions,5,5,7,5,7.5,2.286
Canada,1937,Army,5,5,7,5,7.5,2.286
Canada,1937,Executive,6,6,7,6,10.5,2.686
Canada,1937,Merchants/Storekeepers,5,5,7,5,7.5,2.286
Canada,1937,Priests,6,6,7,5,9,2.486
Canada,1937,Proletariat,4,4,8,4,6,1.943
Canada,1937,Property Owners,5,6,7,5,8.5,2.371
Canada,1937,Memory,6,6,7,5,9,2.486
Canada,1937,Professions,5,5,7,5,7.5,2.286
Canada,1938,Army,5,5,7,5,7.5,2.286
Canada,1938,Executive,6,6,7,6,10.5,2.686
Canada,1938,Merchants/Storekeepers,5,5,7,5,7.5,2.286
Canada,1938,Priests,6,6,7,5,9,2.486
Canada,1938,Proletariat,4,4,8,4,6,1.943
Canada,1938,Property Owners,5,6,7,5,8.5,2.371
Canada,1938,Memory,6,6,7,5,9,2.486
Canada,1938,Professions,5,5,7,5,7.5,2.286
Canada,1939,Army,5,5,6,5,8,2.371
Canada,1939,Executive,6,6,6,6,11,2.743
Canada,1939,Merchants/Storekeepers,5,5,6,5,8,2.371
Canada,1939,Priests,6,6,6,5,9.5,2.629
Canada,1939,Proletariat,4,4,7,4,5.5,1.829
Canada,1939,Property Owners,6,6,6,6,11,2.743
Canada,1939,Memory,6,6,6,5,9.5,2.629
Canada,1939,Professions,5,5,6,5,8,2.371
Canada,1940,Army,6,6,7,5,9.5,2.486
Canada,1940,Executive,7,7,7,6,12.5,2.857
Canada,1940,Merchants/Storekeepers,6,6,7,5,8.5,2.429
Canada,1940,Priests,6,6,7,5,9,2.486
Canada,1940,Proletariat,5,5,7,4,7,2.143
Canada,1940,Property Owners,7,7,7,6,11.5,2.743
Canada,1940,Memory,6,6,7,5,9,2.486
Canada,1940,Professions,6,6,7,5,8.5,2.429
Canada,1941,Army,6,7,7,6,11.5,2.743
Canada,1941,Executive,7,7,7,7,13,2.8
Canada,1941,Merchants/Storekeepers,6,6,7,6,10.5,2.686
Canada,1941,Priests,6,6,7,6,10.5,2.686
Canada,1941,Proletariat,5,6,7,5,9,2.429
Canada,1941,Property Owners,7,7,7,7,12,2.8
Canada,1941,Memory,6,7,7,6,11.5,2.743
Canada,1941,Professions,6,7,7,6,11.5,2.743
Canada,1942,Army,7,7,7,6,13,2.914
Canada,1942,Executive,7,7,7,7,13,2.8
Canada,1942,Merchants/Storekeepers,6,6,7,6,10.5,2.686
Canada,1942,Priests,6,6,7,6,10.5,2.686
Canada,1942,Proletariat,6,6,7,5,9.5,2.486
Canada,1942,Property Owners,7,7,7,7,12,2.8
Canada,1942,Memory,7,7,7,6,13,2.914
Canada,1942,Professions,7,7,7,6,13,2.914
Canada,1943,Army,7,7,7,6,13,2.914
Canada,1943,Executive,7,7,7,7,13,2.8
Canada,1943,Merchants/Storekeepers,6,6,7,6,10.5,2.686
Canada,1943,Priests,6,6,7,6,10.5,2.686
Canada,1943,Proletariat,6,6,7,5,9.5,2.486
Canada,1943,Property Owners,7,7,7,7,12,2.8
Canada,1943,Memory,7,7,7,6,13,2.914
Canada,1943,Professions,7,7,7,6,13,2.914
Canada,1944,Army,7,7,7,6,13,2.914
Canada,1944,Executive,7,7,7,7,13,2.8
Canada,1944,Merchants/Storekeepers,6,6,7,6,10.5,2.686
Canada,1944,Priests,6,6,7,6,10.5,2.686
Canada,1944,Proletariat,6,6,7,5,9.5,2.486
Canada,1944,Property Owners,7,7,7,7,12,2.8
Canada,1944,Memory,7,7,7,6,13,2.914
Canada,1944,Professions,7,7,7,6,13,2.914
Canada,1945,Army,6,6,6,6,11,2.743
Canada,1945,Executive,7,7,6,7,13.5,2.971
Canada,1945,Merchants/Storekeepers,6,6,6,6,11,2.743
Canada,1945,Priests,6,6,6,6,11,2.743
Canada,1945,Proletariat,5,5,6,5,8.5,2.429
Canada,1945,Property Owners,7,7,6,7,13.5,2.971
Canada,1945,Memory,6,6,6,6,11,2.743
Canada,1945,Professions,6,6,6,6,11,2.743
Canada,1946,Army,6,6,6,6,11,2.743
Canada,1946,Executive,7,7,6,7,13.5,2.971
Canada,1946,Merchants/Storekeepers,6,6,6,6,11,2.743
Canada,1946,Priests,6,6,6,6,11,2.743
Canada,1946,Proletariat,5,5,6,5,8.5,2.429
Canada,1946,Property Owners,7,7,6,7,13.5,2.971
Canada,1946,Memory,6,6,6,6,11,2.743
Canada,1946,Professions,6,6,6,6,11,2.743
Canada,1947,Army,6,6,6,6,11,2.743
Canada,1947,Executive,7,7,6,7,13.5,2.971
Canada,1947,Merchants/Storekeepers,6,6,6,6,11,2.743
Canada,1947,Priests,6,6,6,6,11,2.743
Canada,1947,Proletariat,5,5,6,5,8.5,2.429
Canada,1947,Property Owners,7,7,6,7,13.5,2.971
Canada,1947,Memory,6,6,6,6,11,2.743
Canada,1947,Professions,6,6,6,6,11,2.743
Canada,1948,Army,6,6,6,6,11,2.743
Canada,1948,Executive,7,7,6,7,13.5,2.971
Canada,1948,Merchants/Storekeepers,6,6,6,6,11,2.743
Canada,1948,Priests,6,6,6,6,11,2.743
Canada,1948,Proletariat,5,5,6,5,8.5,2.429
Canada,1948,Property Owners,7,7,6,7,13.5,2.971
Canada,1948,Memory,6,6,6,6,11,2.743
Canada,1948,Professions,6,6,6,6,11,2.743
Canada,1949,Army,6,6,6,6,11,2.743
Canada,1949,Executive,7,7,6,7,13.5,2.971
Canada,1949,Merchants/Storekeepers,6,6,6,6,11,2.743
Canada,1949,Priests,6,6,6,6,11,2.743
Canada,1949,Proletariat,5,5,6,5,8.5,2.429
Canada,1949,Property Owners,7,7,6,7,13.5,2.971
Canada,1949,Memory,6,6,6,6,11,2.743
Canada,1949,Professions,6,6,6,6,11,2.743
Canada,1950,Army,6,6,5,6,11.5,2.743
Canada,1950,Executive,7,7,5,7,14,3.029
Canada,1950,Merchants/Storekeepers,6,6,5,6,10,2.629
Canada,1950,Priests,6,6,5,6,10,2.629
Canada,1950,Proletariat,5,5,5,5,9,2.514
Canada,1950,Property Owners,7,7,5,7,14,3.029
Canada,1950,Memory,6,6,5,6,10,2.629
Canada,1950,Professions,6,6,5,6,10,2.629
Canada,1951,Army,6,6,5,6,11.5,2.743
Canada,1951,Executive,7,7,5,7,14,3.029
Canada,1951,Merchants/Storekeepers,6,6,5,6,10,2.629
Canada,1951,Priests,6,6,5,6,10,2.629
Canada,1951,Proletariat,5,5,5,5,9,2.514
Canada,1951,Property Owners,7,7,5,7,14,3.029
Canada,1951,Memory,6,6,5,6,10,2.629
Canada,1951,Professions,6,6,5,6,10,2.629
Canada,1952,Army,6,6,5,6,11.5,2.743
Canada,1952,Executive,7,7,5,7,14,3.029
Canada,1952,Merchants/Storekeepers,6,6,5,6,10,2.629
Canada,1952,Priests,6,6,5,6,10,2.629
Canada,1952,Proletariat,5,5,5,5,9,2.514
Canada,1952,Property Owners,7,7,5,7,14,3.029
Canada,1952,Memory,6,6,5,6,10,2.629
Canada,1952,Professions,6,6,5,6,10,2.629
Canada,1953,Army,6,6,5,6,11.5,2.743
Canada,1953,Executive,7,7,5,7,14,3.029
Canada,1953,Merchants/Storekeepers,6,6,5,6,10,2.629
Canada,1953,Priests,6,6,5,6,10,2.629
Canada,1953,Proletariat,5,5,5,5,9,2.514
Canada,1953,Property Owners,7,7,5,7,14,3.029
Canada,1953,Memory,6,6,5,6,10,2.629
Canada,1953,Professions,6,6,5,6,10,2.629
Canada,1954,Army,6,6,5,6,11.5,2.743
Canada,1954,Executive,7,7,5,7,14,3.029
Canada,1954,Merchants/Storekeepers,6,6,5,6,10,2.629
Canada,1954,Priests,6,6,5,6,10,2.629
Canada,1954,Proletariat,5,5,5,5,9,2.514
Canada,1954,Property Owners,7,7,5,7,14,3.029
Canada,1954,Memory,6,6,5,6,10,2.629
Canada,1954,Professions,6,6,5,6,10,2.629
Canada,1955,Army,6,6,5,6,11.5,2.743
Canada,1955,Executive,7,7,5,7,14,3.029
Canada,1955,Merchants/Storekeepers,6,6,5,6,10,2.629
Canada,1955,Priests,6,6,5,6,10,2.629
Canada,1955,Proletariat,5,5,5,5,9,2.514
Canada,1955,Property Owners,7,7,5,7,14,3.029
Canada,1955,Memory,6,6,5,6,10,2.629
Canada,1955,Professions,6,6,5,6,10,2.629
Canada,1956,Army,6,6,5,6,11.5,2.743
Canada,1956,Executive,7,7,5,7,14,3.029
Canada,1956,Merchants/Storekeepers,6,6,5,6,10,2.629
Canada,1956,Priests,6,6,5,6,10,2.629
Canada,1956,Proletariat,5,5,5,5,9,2.514
Canada,1956,Property Owners,7,7,5,7,14,3.029
Canada,1956,Memory,6,6,5,6,10,2.629
Canada,1956,Professions,6,6,5,6,10,2.629
Canada,1957,Army,6,6,5,6,11.5,2.743
Canada,1957,Executive,7,7,5,7,14,3.029
Canada,1957,Merchants/Storekeepers,6,6,5,6,10,2.629
Canada,1957,Priests,6,6,5,6,10,2.629
Canada,1957,Proletariat,5,5,5,5,9,2.514
Canada,1957,Property Owners,7,7,5,7,14,3.029
Canada,1957,Memory,6,6,5,6,10,2.629
Canada,1957,Professions,6,6,5,6,10,2.629
Canada,1958,Army,6,6,5,6,11.5,2.743
Canada,1958,Executive,7,7,5,7,14,3.029
Canada,1958,Merchants/Storekeepers,6,6,5,6,10,2.629
Canada,1958,Priests,6,6,5,6,10,2.629
Canada,1958,Proletariat,5,5,5,5,9,2.514
Canada,1958,Property Owners,7,7,5,7,14,3.029
Canada,1958,Memory,6,6,5,6,10,2.629
Canada,1958,Professions,6,6,5,6,10,2.629
Canada,1959,Army,6,6,5,6,11.5,2.743
Canada,1959,Executive,7,7,5,7,14,3.029
Canada,1959,Merchants/Storekeepers,6,6,5,6,10,2.629
Canada,1959,Priests,6,6,5,6,10,2.629
Canada,1959,Proletariat,5,5,5,5,9,2.514
Canada,1959,Property Owners,7,7,5,7,14,3.029
Canada,1959,Memory,6,6,5,6,10,2.629
Canada,1959,Professions,6,6,5,6,10,2.629
Canada,1960,Army,6,6,5,6,11.5,2.743
Canada,1960,Executive,7,7,5,7,14,3.029
Canada,1960,Merchants/Storekeepers,6,6,5,6,10,2.629
Canada,1960,Priests,6,6,5,6,10,2.629
Canada,1960,Proletariat,5,5,5,5,9,2.514
Canada,1960,Property Owners,7,7,5,7,14,3.029
Canada,1960,Memory,6,6,5,6,10,2.629
Canada,1960,Professions,6,6,5,6,10,2.629
Canada,1961,Army,6,6,5,6,11.5,2.743
Canada,1961,Executive,7,7,5,7,14,3.029
Canada,1961,Merchants/Storekeepers,6,6,5,6,10,2.629
Canada,1961,Priests,6,6,5,6,10,2.629
Canada,1961,Proletariat,5,5,5,5,9,2.514
Canada,1961,Property Owners,7,7,5,7,14,3.029
Canada,1961,Memory,6,6,5,6,10,2.629
Canada,1961,Professions,6,6,5,6,10,2.629
Canada,1962,Army,6,6,5,6,11.5,2.743
Canada,1962,Executive,7,7,5,7,14,3.029
Canada,1962,Merchants/Storekeepers,6,6,5,6,10,2.629
Canada,1962,Priests,6,6,5,6,10,2.629
Canada,1962,Proletariat,5,5,5,5,9,2.514
Canada,1962,Property Owners,7,7,5,7,14,3.029
Canada,1962,Memory,6,6,5,6,10,2.629
Canada,1962,Professions,6,6,5,6,10,2.629
Canada,1963,Army,6,6,5,6,11.5,2.743
Canada,1963,Executive,7,7,5,7,14,3.029
Canada,1963,Merchants/Storekeepers,6,6,5,6,10,2.629
Canada,1963,Priests,6,6,5,6,10,2.629
Canada,1963,Proletariat,5,5,5,5,9,2.514
Canada,1963,Property Owners,7,7,5,7,14,3.029
Canada,1963,Memory,6,6,5,6,10,2.629
Canada,1963,Professions,6,6,5,6,10,2.629
Canada,1964,Army,6,6,5,6,11.5,2.743
Canada,1964,Executive,7,7,5,7,14,3.029
Canada,1964,Merchants/Storekeepers,6,6,5,6,10,2.629
Canada,1964,Priests,6,6,5,6,10,2.629
Canada,1964,Proletariat,5,5,5,5,9,2.514
Canada,1964,Property Owners,7,7,5,7,14,3.029
Canada,1964,Memory,6,6,5,6,10,2.629
Canada,1964,Professions,6,6,5,6,10,2.629
Canada,1965,Army,6,6,5,6,11.5,2.743
Canada,1965,Executive,7,7,5,7,14,3.029
Canada,1965,Merchants/Storekeepers,6,6,5,6,10,2.629
Canada,1965,Priests,6,6,5,6,10,2.629
Canada,1965,Proletariat,5,5,5,5,9,2.514
Canada,1965,Property Owners,7,7,5,7,14,3.029
Canada,1965,Memory,6,6,5,6,10,2.629
Canada,1965,Professions,6,6,5,6,10,2.629
Canada,1966,Army,6,6,5,6,11.5,2.743
Canada,1966,Executive,7,7,5,7,14,3.029
Canada,1966,Merchants/Storekeepers,6,6,5,6,10,2.629
Canada,1966,Priests,6,6,5,6,10,2.629
Canada,1966,Proletariat,5,5,5,5,9,2.514
Canada,1966,Property Owners,7,7,5,7,14,3.029
Canada,1966,Memory,6,6,5,6,10,2.629
Canada,1966,Professions,6,6,5,6,10,2.629
Canada,1968,Army,6,6,5,6,11.5,2.743
Canada,1968,Executive,7,7,5,7,14,3.029
Canada,1968,Merchants/Storekeepers,6,6,5,6,10,2.629
Canada,1968,Priests,6,6,5,6,10,2.629
Canada,1968,Proletariat,5,5,5,5,9,2.514
Canada,1968,Property Owners,7,7,5,7,14,3.029
Canada,1968,Memory,6,6,5,6,10,2.629
Canada,1968,Professions,6,6,5,6,10,2.629
Canada,1969,Army,6,6,5,6,11.5,2.743
Canada,1969,Executive,7,7,5,7,14,3.029
Canada,1969,Merchants/Storekeepers,6,6,5,6,10,2.629
Canada,1969,Priests,6,6,5,6,10,2.629
Canada,1969,Proletariat,5,5,5,5,9,2.514
Canada,1969,Property Owners,7,7,5,7,14,3.029
Canada,1969,Memory,6,6,5,6,10,2.629
Canada,1969,Professions,6,6,5,6,10,2.629
Canada,1970,Army,6,6,5,6,11.5,2.743
Canada,1970,Executive,7,7,5,7,14,3.029
Canada,1970,Merchants/Storekeepers,6,6,5,6,10,2.629
Canada,1970,Priests,6,6,5,6,10,2.629
Canada,1970,Proletariat,5,5,5,5,9,2.514
Canada,1970,Property Owners,7,7,5,7,14,3.029
Canada,1970,Memory,6,6,5,6,10,2.629
Canada,1970,Professions,6,6,5,6,10,2.629
Canada,1971,Army,6,6,5,6,11.5,2.743
Canada,1971,Executive,7,7,5,7,14,3.029
Canada,1971,Merchants/Storekeepers,6,6,5,6,10,2.629
Canada,1971,Priests,6,6,5,6,10,2.629
Canada,1971,Proletariat,5,5,5,5,9,2.514
Canada,1971,Property Owners,7,7,5,7,14,3.029
Canada,1971,Memory,6,6,5,6,10,2.629
Canada,1971,Professions,6,6,5,6,10,2.629
Canada,1972,Army,6,6,5,6,11.5,2.743
Canada,1972,Executive,7,7,5,7,14,3.029
Canada,1972,Merchants/Storekeepers,6,6,5,6,10,2.629
Canada,1972,Priests,6,6,5,6,10,2.629
Canada,1972,Proletariat,5,5,5,5,9,2.514
Canada,1972,Property Owners,7,7,5,7,14,3.029
Canada,1972,Memory,6,6,5,6,10,2.629
Canada,1972,Professions,6,6,5,6,10,2.629
Canada,1973,Army,6,6,5,6,11.5,2.743
Canada,1973,Executive,7,7,5,7,14,3.029
Canada,1973,Merchants/Storekeepers,6,6,5,6,10,2.629
Canada,1973,Priests,6,6,5,6,10,2.629
Canada,1973,Proletariat,5,5,5,5,9,2.514
Canada,1973,Property Owners,7,7,5,7,14,3.029
Canada,1973,Memory,6,6,5,6,10,2.629
Canada,1973,Professions,6,6,5,6,10,2.629
Canada,1974,Army,6,6,5,6,11.5,2.743
Canada,1974,Executive,7,7,5,7,14,3.029
Canada,1974,Merchants/Storekeepers,6,6,5,6,10,2.629
Canada,1974,Priests,6,6,5,6,10,2.629
Canada,1974,Proletariat,5,5,5,5,9,2.514
Canada,1974,Property Owners,7,7,5,7,14,3.029
Canada,1974,Memory,6,6,5,6,10,2.629
Canada,1974,Professions,6,6,5,6,10,2.629
Canada,1975,Army,6,6,5,6,11.5,2.743
Canada,1975,Executive,7,7,5,7,14,3.029
Canada,1975,Merchants/Storekeepers,6,6,5,6,10,2.629
Canada,1975,Priests,6,6,5,6,10,2.629
Canada,1975,Proletariat,5,5,5,5,9,2.514
Canada,1975,Property Owners,7,7,5,7,14,3.029
Canada,1975,Memory,6,6,5,6,10,2.629
Canada,1975,Professions,6,6,5,6,10,2.629
Canada,1976,Army,6,6,5,6,11.5,2.743
Canada,1976,Executive,7,7,5,7,14,3.029
Canada,1976,Merchants/Storekeepers,6,6,5,6,10,2.629
Canada,1976,Priests,6,6,5,6,10,2.629
Canada,1976,Proletariat,5,5,5,5,9,2.514
Canada,1976,Property Owners,7,7,5,7,14,3.029
Canada,1976,Memory,6,6,5,6,10,2.629
Canada,1976,Professions,6,6,5,6,10,2.629
Canada,1977,Army,6,6,5,6,11.5,2.743
Canada,1977,Executive,7,7,5,7,14,3.029
Canada,1977,Merchants/Storekeepers,6,6,5,6,10,2.629
Canada,1977,Priests,6,6,5,6,10,2.629
Canada,1977,Proletariat,5,5,5,5,9,2.514
Canada,1977,Property Owners,7,7,5,7,14,3.029
Canada,1977,Memory,6,6,5,6,10,2.629
Canada,1977,Professions,6,6,5,6,10,2.629
Canada,1978,Army,6,6,5,6,11.5,2.743
Canada,1978,Executive,7,7,5,7,14,3.029
Canada,1978,Merchants/Storekeepers,6,6,5,6,10,2.629
Canada,1978,Priests,6,6,5,6,10,2.629
Canada,1978,Proletariat,5,5,5,5,9,2.514
Canada,1978,Property Owners,7,7,5,7,14,3.029
Canada,1978,Memory,6,6,5,6,10,2.629
Canada,1978,Professions,6,6,5,6,10,2.629
Canada,1979,Army,6,6,5,6,11.5,2.743
Canada,1979,Executive,7,7,5,7,14,3.029
Canada,1979,Merchants/Storekeepers,6,6,5,6,10,2.629
Canada,1979,Priests,6,6,5,6,10,2.629
Canada,1979,Proletariat,5,5,5,5,9,2.514
Canada,1979,Property Owners,7,7,5,7,14,3.029
Canada,1979,Memory,6,6,5,6,10,2.629
Canada,1979,Professions,6,6,5,6,10,2.629
Canada,1980,Army,6,6,5,6,11.5,2.743
Canada,1980,Executive,7,7,5,7,14,3.029
Canada,1980,Merchants/Storekeepers,6,6,5,6,10,2.629
Canada,1980,Priests,6,6,5,6,10,2.629
Canada,1980,Proletariat,5,5,5,5,9,2.514
Canada,1980,Property Owners,7,7,5,7,14,3.029
Canada,1980,Memory,6,6,5,6,10,2.629
Canada,1980,Professions,6,6,5,6,10,2.629
Canada,1981,Army,6,6,5,6,11.5,2.743
Canada,1981,Executive,7,7,5,7,14,3.029
Canada,1981,Merchants/Storekeepers,6,6,5,6,10,2.629
Canada,1981,Priests,6,6,5,6,10,2.629
Canada,1981,Proletariat,5,5,5,5,9,2.514
Canada,1981,Property Owners,7,7,5,7,14,3.029
Canada,1981,Memory,6,6,5,6,10,2.629
Canada,1981,Professions,6,6,5,6,10,2.629
Canada,1982,Army,6,6,5,6,11.5,2.743
Canada,1982,Executive,7,7,5,7,14,3.029
Canada,1982,Merchants/Storekeepers,6,6,5,6,10,2.629
Canada,1982,Priests,6,6,5,6,10,2.629
Canada,1982,Proletariat,5,5,5,5,9,2.514
Canada,1982,Property Owners,7,7,5,7,14,3.029
Canada,1982,Memory,6,6,5,6,10,2.629
Canada,1982,Professions,6,6,5,6,10,2.629
Canada,1983,Army,6,6,5,6,11.5,2.743
Canada,1983,Executive,7,7,5,7,14,3.029
Canada,1983,Merchants/Storekeepers,6,6,5,6,10,2.629
Canada,1983,Priests,6,6,5,6,10,2.629
Canada,1983,Proletariat,5,5,5,5,9,2.514
Canada,1983,Property Owners,7,7,5,7,14,3.029
Canada,1983,Memory,6,6,5,6,10,2.629
Canada,1983,Professions,6,6,5,6,10,2.629
Canada,1984,Army,6,6,5,6,11.5,2.743
Canada,1984,Executive,7,7,5,7,14,3.029
Canada,1984,Merchants/Storekeepers,6,6,5,6,10,2.629
Canada,1984,Priests,6,6,5,6,10,2.629
Canada,1984,Proletariat,5,5,5,5,9,2.514
Canada,1984,Property Owners,7,7,5,7,14,3.029
Canada,1984,Memory,6,6,5,6,10,2.629
Canada,1984,Professions,6,6,5,6,10,2.629
Canada,1985,Army,6,6,5,6,11.5,2.743
Canada,1985,Executive,7,7,5,7,14,3.029
Canada,1985,Merchants/Storekeepers,6,6,5,6,10,2.629
Canada,1985,Priests,6,6,5,6,10,2.629
Canada,1985,Proletariat,5,5,5,5,9,2.514
Canada,1985,Property Owners,7,7,5,7,14,3.029
Canada,1985,Memory,6,6,5,6,10,2.629
Canada,1985,Professions,6,6,5,6,10,2.629
Canada,1986,Army,6,6,5,6,11.5,2.743
Canada,1986,Executive,7,7,5,7,14,3.029
Canada,1986,Merchants/Storekeepers,6,6,5,6,10,2.629
Canada,1986,Priests,6,6,5,6,10,2.629
Canada,1986,Proletariat,5,5,5,5,9,2.514
Canada,1986,Property Owners,7,7,5,7,14,3.029
Canada,1986,Memory,6,6,5,6,10,2.629
Canada,1986,Professions,6,6,5,6,10,2.629
Canada,1987,Army,6,6,5,6,11.5,2.743
Canada,1987,Executive,7,7,5,7,14,3.029
Canada,1987,Merchants/Storekeepers,6,6,5,6,10,2.629
Canada,1987,Priests,6,6,5,6,10,2.629
Canada,1987,Proletariat,5,5,5,5,9,2.514
Canada,1987,Property Owners,7,7,5,7,14,3.029
Canada,1987,Memory,6,6,5,6,10,2.629
Canada,1987,Professions,6,6,5,6,10,2.629
Canada,1988,Army,6,6,5,6,11.5,2.743
Canada,1988,Executive,7,7,5,7,14,3.029
Canada,1988,Merchants/Storekeepers,6,6,5,6,10,2.629
Canada,1988,Priests,6,6,5,6,10,2.629
Canada,1988,Proletariat,5,5,5,5,9,2.514
Canada,1988,Property Owners,7,7,5,7,14,3.029
Canada,1988,Memory,6,6,5,6,10,2.629
Canada,1988,Professions,6,6,5,6,10,2.629
Canada,1989,Army,6,6,5,6,11.5,2.743
Canada,1989,Executive,7,7,5,7,14,3.029
Canada,1989,Merchants/Storekeepers,6,6,5,6,10,2.629
Canada,1989,Priests,6,6,5,6,10,2.629
Canada,1989,Proletariat,5,5,5,5,9,2.514
Canada,1989,Property Owners,7,7,5,7,14,3.029
Canada,1989,Memory,6,6,5,6,10,2.629
Canada,1989,Professions,6,6,5,6,10,2.629
Canada,1990,Army,6,6,5,6,11.5,2.743
Canada,1990,Executive,7,7,5,7,14,3.029
Canada,1990,Merchants/Storekeepers,6,6,5,6,10,2.629
Canada,1990,Priests,6,6,5,6,10,2.629
Canada,1990,Proletariat,5,5,5,5,9,2.514
Canada,1990,Property Owners,7,7,5,7,14,3.029
Canada,1990,Memory,6,6,5,6,10,2.629
Canada,1990,Professions,6,6,5,6,10,2.629
Canada,1991,Army,6,6,5,6,11.5,2.743
Canada,1991,Executive,7,7,5,7,14,3.029
Canada,1991,Merchants/Storekeepers,6,6,5,6,10,2.629
Canada,1991,Priests,6,6,5,6,10,2.629
Canada,1991,Proletariat,5,5,5,5,9,2.514
Canada,1991,Property Owners,7,7,5,7,14,3.029
Canada,1991,Memory,6,6,5,6,10,2.629
Canada,1991,Professions,6,6,5,6,10,2.629
Canada,1992,Army,6,6,5,6,11.5,2.743
Canada,1992,Executive,7,7,5,7,14,3.029
Canada,1992,Merchants/Storekeepers,6,6,5,6,10,2.629
Canada,1992,Priests,6,6,5,6,10,2.629
Canada,1992,Proletariat,5,5,5,5,9,2.514
Canada,1992,Property Owners,7,7,5,7,14,3.029
Canada,1992,Memory,6,6,5,6,10,2.629
Canada,1992,Professions,6,6,5,6,10,2.629
Canada,1993,Army,6,6,5,6,11.5,2.743
Canada,1993,Executive,7,7,5,7,14,3.029
Canada,1993,Merchants/Storekeepers,6,6,5,6,10,2.629
Canada,1993,Priests,6,6,5,6,10,2.629
Canada,1993,Proletariat,5,5,5,5,9,2.514
Canada,1993,Property Owners,7,7,5,7,14,3.029
Canada,1993,Memory,6,6,5,6,10,2.629
Canada,1993,Professions,6,6,5,6,10,2.629
Canada,1994,Army,6,6,5,6,11.5,2.743
Canada,1994,Executive,7,7,5,7,14,3.029
Canada,1994,Merchants/Storekeepers,6,6,5,6,10,2.629
Canada,1994,Priests,6,6,5,6,10,2.629
Canada,1994,Proletariat,5,5,5,5,9,2.514
Canada,1994,Property Owners,7,7,5,7,14,3.029
Canada,1994,Memory,6,6,5,6,10,2.629
Canada,1994,Professions,6,6,5,6,10,2.629
Canada,1995,Army,6,6,5,6,11.5,2.743
Canada,1995,Executive,7,7,5,7,14,3.029
Canada,1995,Merchants/Storekeepers,6,6,5,6,10,2.629
Canada,1995,Priests,6,6,5,6,10,2.629
Canada,1995,Proletariat,5,5,5,5,9,2.514
Canada,1995,Property Owners,7,7,5,7,14,3.029
Canada,1995,Memory,6,6,5,6,10,2.629
Canada,1995,Professions,6,6,5,6,10,2.629
Canada,1996,Army,6,6,5,6,11.5,2.743
Canada,1996,Executive,7,7,5,7,14,3.029
Canada,1996,Merchants/Storekeepers,6,6,5,6,10,2.629
Canada,1996,Priests,6,6,5,6,10,2.629
Canada,1996,Proletariat,5,5,5,5,9,2.514
Canada,1996,Property Owners,7,7,5,7,14,3.029
Canada,1996,Memory,6,6,5,6,10,2.629
Canada,1996,Professions,6,6,5,6,10,2.629
Canada,1997,Army,6,6,5,6,11.5,2.743
Canada,1997,Executive,7,7,5,7,14,3.029
Canada,1997,Merchants/Storekeepers,6,6,5,6,10,2.629
Canada,1997,Priests,6,6,5,6,10,2.629
Canada,1997,Proletariat,5,5,5,5,9,2.514
Canada,1997,Property Owners,7,7,5,7,14,3.029
Canada,1997,Memory,6,6,5,6,10,2.629
Canada,1997,Professions,6,6,5,6,10,2.629
Canada,1998,Army,6,6,5,6,11.5,2.743
Canada,1998,Executive,7,7,5,7,14,3.029
Canada,1998,Merchants/Storekeepers,6,6,5,6,10,2.629
Canada,1998,Priests,6,6,5,6,10,2.629
Canada,1998,Proletariat,5,5,5,5,9,2.514
Canada,1998,Property Owners,7,7,5,7,14,3.029
Canada,1998,Memory,6,6,5,6,10,2.629
Canada,1998,Professions,6,6,5,6,10,2.629
Canada,1999,Army,6,6,5,6,11.5,2.743
Canada,1999,Executive,7,7,5,7,14,3.029
Canada,1999,Merchants/Storekeepers,6,6,5,6,10,2.629
Canada,1999,Priests,6,6,5,6,10,2.629
Canada,1999,Proletariat,5,5,5,5,9,2.514
Canada,1999,Property Owners,7,7,5,7,14,3.029
Canada,1999,Memory,6,6,5,6,10,2.629
Canada,1999,Professions,6,6,5,6,10,2.629
Canada,2000,Army,6,6,5,6,11.5,2.743
Canada,2000,Executive,7,7,5,7,14,3.029
Canada,2000,Merchants/Storekeepers,6,6,5,6,10,2.629
Canada,2000,Priests,6,6,5,6,10,2.629
Canada,2000,Proletariat,5,5,5,5,9,2.514
Canada,2000,Property Owners,7,7,5,7,14,3.029
Canada,2000,Memory,6,6,5,6,10,2.629
Canada,2000,Professions,6,6,5,6,10,2.629
Canada,2001,Army,6,6,5,6,11.5,2.743
Canada,2001,Executive,7,7,5,7,14,3.029
Canada,2001,Merchants/Storekeepers,6,6,5,6,10,2.629
Canada,2001,Priests,6,6,5,6,10,2.629
Canada,2001,Proletariat,5,5,5,5,9,2.514
Canada,2001,Property Owners,7,7,5,7,14,3.029
Canada,2001,Memory,6,6,5,6,10,2.629
Canada,2001,Professions,6,6,5,6,10,2.629
Canada,2002,Army,6,6,5,6,11.5,2.743
Canada,2002,Executive,7,7,5,7,14,3.029
Canada,2002,Merchants/Storekeepers,6,6,5,6,10,2.629
Canada,2002,Priests,6,6,5,6,10,2.629
Canada,2002,Proletariat,5,5,5,5,9,2.514
Canada,2002,Property Owners,7,7,5,7,14,3.029
Canada,2002,Memory,6,6,5,6,10,2.629
Canada,2002,Professions,6,6,5,6,10,2.629
Canada,2003,Army,6,6,5,6,11.5,2.743
Canada,2003,Executive,7,7,5,7,14,3.029
Canada,2003,Merchants/Storekeepers,6,6,5,6,10,2.629
Canada,2003,Priests,6,6,5,6,10,2.629
Canada,2003,Proletariat,5,5,5,5,9,2.514
Canada,2003,Property Owners,7,7,5,7,14,3.029
Canada,2003,Memory,6,6,5,6,10,2.629
Canada,2003,Professions,6,6,5,6,10,2.629
Canada,2004,Army,6,6,5,6,11.5,2.743
Canada,2004,Executive,7,7,5,7,14,3.029
Canada,2004,Merchants/Storekeepers,6,6,5,6,10,2.629
Canada,2004,Priests,6,6,5,6,10,2.629
Canada,2004,Proletariat,5,5,5,5,9,2.514
Canada,2004,Property Owners,7,7,5,7,14,3.029
Canada,2004,Memory,6,6,5,6,10,2.629
Canada,2004,Professions,6,6,5,6,10,2.629
Canada,2005,Army,6,6,5,6,11.5,2.743
Canada,2005,Executive,7,7,5,7,14,3.029
Canada,2005,Merchants/Storekeepers,6,6,5,6,10,2.629
Canada,2005,Priests,6,6,5,6,10,2.629
Canada,2005,Proletariat,5,5,5,5,9,2.514
Canada,2005,Property Owners,7,7,5,7,14,3.029
Canada,2005,Memory,6,6,5,6,10,2.629
Canada,2005,Professions,6,6,5,6,10,2.629
Canada,2006,Army,6,6,5,6,11.5,2.743
Canada,2006,Executive,7,7,5,7,14,3.029
Canada,2006,Merchants/Storekeepers,6,6,5,6,10,2.629
Canada,2006,Priests,6,6,5,6,10,2.629
Canada,2006,Proletariat,5,5,5,5,9,2.514
Canada,2006,Property Owners,7,7,5,7,14,3.029
Canada,2006,Memory,6,6,5,6,10,2.629
Canada,2006,Professions,6,6,5,6,10,2.629
Canada,2007,Army,6,6,5,6,11.5,2.743
Canada,2007,Executive,7,7,5,7,14,3.029
Canada,2007,Merchants/Storekeepers,6,6,5,6,10,2.629
Canada,2007,Priests,6,6,5,6,10,2.629
Canada,2007,Proletariat,5,5,5,5,9,2.514
Canada,2007,Property Owners,7,7,5,7,14,3.029
Canada,2007,Memory,6,6,5,6,10,2.629
Canada,2007,Professions,6,6,5,6,10,2.629
Canada,2008,Army,6,6,5,6,11.5,2.743
Canada,2008,Executive,7,7,5,7,14,3.029
Canada,2008,Merchants/Storekeepers,6,6,5,6,10,2.629
Canada,2008,Priests,6,6,5,6,10,2.629
Canada,2008,Proletariat,5,5,5,5,9,2.514
Canada,2008,Property Owners,7,7,5,7,14,3.029
Canada,2008,Memory,6,6,5,6,10,2.629
Canada,2008,Professions,6,6,5,6,10,2.629
Canada,2009,Army,6,6,5,6,11.5,2.743
Canada,2009,Executive,7,7,5,7,14,3.029
Canada,2009,Merchants/Storekeepers,6,6,5,6,10,2.629
Canada,2009,Priests,6,6,5,6,10,2.629
Canada,2009,Proletariat,5,5,5,5,9,2.514
Canada,2009,Property Owners,7,7,5,7,14,3.029
Canada,2009,Memory,6,6,5,6,10,2.629
Canada,2009,Professions,6,6,5,6,10,2.629
Canada,2010,Army,6,6,5,6,11.5,2.743
Canada,2010,Executive,7,7,5,7,14,3.029
Canada,2010,Merchants/Storekeepers,6,6,5,6,10,2.629
Canada,2010,Priests,6,6,5,6,10,2.629
Canada,2010,Proletariat,5,5,5,5,9,2.514
Canada,2010,Property Owners,7,7,5,7,14,3.029
Canada,2010,Memory,6,6,5,6,10,2.629
Canada,2010,Professions,6,6,5,6,10,2.629
Canada,2011,Army,6,6,5,6,11.5,2.743
Canada,2011,Executive,7,7,5,7,14,3.029
Canada,2011,Merchants/Storekeepers,6,6,5,6,10,2.629
Canada,2011,Priests,6,6,5,6,10,2.629
Canada,2011,Proletariat,5,5,5,5,9,2.514
Canada,2011,Property Owners,7,7,5,7,14,3.029
Canada,2011,Memory,6,6,5,6,10,2.629
Canada,2011,Professions,6,6,5,6,10,2.629
Canada,2012,Army,6,6,5,6,11.5,2.743
Canada,2012,Executive,7,7,5,7,14,3.029
Canada,2012,Merchants/Storekeepers,6,6,5,6,10,2.629
Canada,2012,Priests,6,6,5,6,10,2.629
Canada,2012,Proletariat,5,5,5,5,9,2.514
Canada,2012,Property Owners,7,7,5,7,14,3.029
Canada,2012,Memory,6,6,5,6,10,2.629
Canada,2012,Professions,6,6,5,6,10,2.629
Canada,2013,Army,6,6,5,6,11.5,2.743
Canada,2013,Executive,7,7,5,7,14,3.029
Canada,2013,Merchants/Storekeepers,6,6,5,6,10,2.629
Canada,2013,Priests,6,6,5,6,10,2.629
Canada,2013,Proletariat,5,5,5,5,9,2.514
Canada,2013,Property Owners,7,7,5,7,14,3.029
Canada,2013,Memory,6,6,5,6,10,2.629
Canada,2013,Professions,6,6,5,6,10,2.629
Canada,2014,Army,6,6,5,6,11.5,2.743
Canada,2014,Executive,7,7,5,7,14,3.029
Canada,2014,Merchants/Storekeepers,6,6,5,6,10,2.629
Canada,2014,Priests,6,6,5,6,10,2.629
Canada,2014,Proletariat,5,5,5,5,9,2.514
Canada,2014,Property Owners,7,7,5,7,14,3.029
Canada,2014,Memory,6,6,5,6,10,2.629
Canada,2014,Professions,6,6,5,6,10,2.629
Canada,2015,Army,6,6,5,6,11.5,2.743
Canada,2015,Executive,7,7,5,7,14,3.029
Canada,2015,Merchants/Storekeepers,6,6,5,6,10,2.629
Canada,2015,Priests,6,6,5,6,10,2.629
Canada,2015,Proletariat,5,5,5,5,9,2.514
Canada,2015,Property Owners,7,7,5,7,14,3.029
Canada,2015,Memory,6,6,5,6,10,2.629
Canada,2015,Professions,6,6,5,6,10,2.629
Canada,2016,Army,6,6,5,6,11.5,2.743
Canada,2016,Executive,7,7,5,7,14,3.029
Canada,2016,Merchants/Storekeepers,6,6,5,6,10,2.629
Canada,2016,Priests,6,6,5,6,10,2.629
Canada,2016,Proletariat,5,5,5,5,9,2.514
Canada,2016,Property Owners,7,7,5,7,14,3.029
Canada,2016,Memory,6,6,5,6,10,2.629
Canada,2016,Professions,6,6,5,6,10,2.629
Canada,2017,Army,6,6,5,6,11.5,2.743
Canada,2017,Executive,7,7,5,7,14,3.029
Canada,2017,Merchants/Storekeepers,6,6,5,6,10,2.629
Canada,2017,Priests,6,6,5,6,10,2.629
Canada,2017,Proletariat,5,5,5,5,9,2.514
Canada,2017,Property Owners,7,7,5,7,14,3.029
Canada,2017,Memory,6,6,5,6,10,2.629
Canada,2017,Professions,6,6,5,6,10,2.629
Canada,2018,Army,6,6,5,6,11.5,2.743
Canada,2018,Executive,7,7,5,7,14,3.029
Canada,2018,Merchants/Storekeepers,6,6,5,6,10,2.629
Canada,2018,Priests,6,6,5,6,10,2.629
Canada,2018,Proletariat,5,5,5,5,9,2.514
Canada,2018,Property Owners,7,7,5,7,14,3.029
Canada,2018,Memory,6,6,5,6,10,2.629
Canada,2018,Professions,6,6,5,6,10,2.629
Canada,2019,Army,6,6,5,6,11.5,2.743
Canada,2019,Executive,7,7,5,7,14,3.029
Canada,2019,Merchants/Storekeepers,6,6,5,6,10,2.629
Canada,2019,Priests,6,6,5,6,10,2.629
Canada,2019,Proletariat,5,5,5,5,9,2.514
Canada,2019,Property Owners,7,7,5,7,14,3.029
Canada,2019,Memory,6,6,5,6,10,2.629
Canada,2019,Professions,6,6,5,6,10,2.629
Canada,2020,Army,6,6,5,6,11.5,2.743
Canada,2020,Executive,7,7,5,7,14,3.029
Canada,2020,Merchants/Storekeepers,6,6,5,6,10,2.629
Canada,2020,Priests,6,6,5,6,10,2.629
Canada,2020,Proletariat,5,5,5,5,9,2.514
Canada,2020,Property Owners,7,7,5,7,14,3.029
Canada,2020,Memory,6,6,5,6,10,2.629
Canada,2020,Professions,6,6,5,6,10,2.629
Canada,2021,Army,6,6,5,6,11.5,2.743
Canada,2021,Executive,7,7,5,7,14,3.029
Canada,2021,Merchants/Storekeepers,6,6,5,6,10,2.629
Canada,2021,Priests,6,6,5,6,10,2.629
Canada,2021,Proletariat,5,5,5,5,9,2.514
Canada,2021,Property Owners,7,7,5,7,14,3.029
Canada,2021,Memory,6,6,5,6,10,2.629
Canada,2021,Professions,6,6,5,6,10,2.629
Canada,2022,Army,6,6,5,6,11.5,2.743
Canada,2022,Executive,7,7,5,7,14,3.029
Canada,2022,Merchants/Storekeepers,6,6,5,6,10,2.629
Canada,2022,Priests,6,6,5,6,10,2.629
Canada,2022,Proletariat,5,5,5,5,9,2.514
Canada,2022,Property Owners,7,7,5,7,14,3.029
Canada,2022,Memory,6,6,5,6,10,2.629
Canada,2022,Professions,6,6,5,6,10,2.629
Canada,2023,Army,6,6,5,6,11.5,2.743
Canada,2023,Executive,7,7,5,7,14,3.029
Canada,2023,Merchants/Storekeepers,6,6,5,6,10,2.629
Canada,2023,Priests,6,6,5,6,10,2.629
Canada,2023,Proletariat,5,5,5,5,9,2.514
Canada,2023,Property Owners,7,7,5,7,14,3.029
Canada,2023,Memory,6,6,5,6,10,2.629
Canada,2023,Professions,6,6,5,6,10,2.629
Canada,2024,Army,6,6,5,6,11.5,2.743
Canada,2024,Executive,7,7,5,7,14,3.029
Canada,2024,Merchants/Storekeepers,6,6,5,6,10,2.629
Canada,2024,Priests,6,6,5,6,10,2.629
Canada,2024,Proletariat,5,5,5,5,9,2.514
Canada,2024,Property Owners,7,7,5,7,14,3.029
Canada,2024,Memory,6,6,5,6,10,2.629
Canada,2024,Professions,6,6,5,6,10,2.629
Canada,2025,Army,6,6,5,6,11.5,2.743
Canada,2025,Executive,7,7,5,7,14,3.029
Canada,2025,Merchants/Storekeepers,6,6,5,6,10,2.629
Canada,2025,Priests,6,6,5,6,10,2.629
Canada,2025,Proletariat,5,5,5,5,9,2.514
Canada,2025,Property Owners,7,7,5,7,14,3.029
Canada,2025,Memory,6,6,5,6,10,2.629
Canada,2025,Professions,6,6,5,6,10,2.629