Society,Year,Node,C,K,S,A,NV,BS
China,1900,Army,3,4,9,4,0.0,0.612
China,1900,Executive,2,2,10,3,-4.5,0.490
China,1900,Merchants / Shopkeepers,5,4,8,5,3.5,0.778
China,1900,Priesthood / Knowledge Workers,3,4,9,3,0.5,0.638
China,1900,Proletariat,5,3,7,2,1.0,0.902
China,1900,Property Owners,4,5,8,4,3.0,0.739
China,1900,State Memory,6,7,4,6,9.0,1.408
China,1900,Trades / Professions,5,5,7,5,5.5,0.923
China,1901,Army,3,4,9,4,0.0,0.617
China,1901,Executive,2,3,9,3,-2.5,0.569
China,1901,Merchants / Shopkeepers,7,6,6,7,10.5,1.488
China,1901,Priesthood / Knowledge Workers,5,7,6,8,10.0,1.464
China,1901,Proletariat,5,4,7,3,3.5,1.056
China,1901,Property Owners,5,6,6,5,7.5,1.357
China,1901,State Memory,6,7,5,7,11.5,1.761
China,1901,Trades / Professions,7,6,5,7,11.5,1.765
China,1902,Army,3,4,9,4,0.0,0.640
China,1902,Executive,3,3,8,4,1.0,0.767
China,1902,Merchants / Shopkeepers,7,6,6,7,10.5,1.604
China,1902,Priesthood / Knowledge Workers,5,7,6,8,10.0,1.579
China,1902,Proletariat,5,4,7,3,3.5,1.144
China,1902,Property Owners,5,6,6,5,7.5,1.472
China,1902,State Memory,6,7,5,7,11.5,1.905
China,1902,Trades / Professions,7,6,5,7,11.5,1.907
China,1903,Army,5,5,7,5,5.5,1.139
China,1903,Executive,3,3,8,4,1.0,0.887
China,1903,Merchants / Shopkeepers,7,6,6,7,10.5,1.650
China,1903,Priesthood / Knowledge Workers,4,5,7,7,5.5,1.258
China,1903,Proletariat,5,4,7,3,3.5,1.139
China,1903,Property Owners,5,6,6,5,7.5,1.547
China,1903,State Memory,6,7,5,7,11.5,1.956
China,1903,Trades / Professions,7,6,5,7,11.5,1.956
China,1904,Army,5,6,7,6,7.0,1.240
China,1904,Executive,3,3,8,4,1.0,0.941
China,1904,Merchants / Shopkeepers,7,6,6,7,10.5,1.700
China,1904,Priesthood / Knowledge Workers,5,6,7,8,8.0,1.503
China,1904,Proletariat,5,4,7,3,3.5,1.196
China,1904,Property Owners,5,6,6,5,7.5,1.597
China,1904,State Memory,6,7,5,7,11.5,2.016
China,1904,Trades / Professions,7,6,5,7,11.5,2.012
China,1905,Army,5,6,7,6,7.0,1.189
China,1905,Executive,3,4,8,4,1.0,0.901
China,1905,Merchants / Shopkeepers,7,6,6,7,10.5,1.637
China,1905,Priesthood / Knowledge Workers,6,7,8,9,9.5,1.298
China,1905,Proletariat,5,4,7,3,3.5,1.127
China,1905,Property Owners,5,6,6,5,7.5,1.493
China,1905,State Memory,6,7,5,7,11.5,1.953
China,1905,Trades / Professions,7,6,5,7,11.5,1.953
China,1906,Army,5,6,7,6,7.0,1.218
China,1906,Executive,3,4,7,5,2.5,1.026
China,1906,Merchants / Shopkeepers,7,6,6,7,10.5,1.709
China,1906,Priesthood / Knowledge Workers,6,7,8,9,9.5,1.411
China,1906,Proletariat,5,4,7,3,3.5,1.207
China,1906,Property Owners,5,6,6,5,7.5,1.593
China,1906,State Memory,5,6,6,7,8.5,1.590
China,1906,Trades / Professions,7,6,5,7,11.5,1.928
China,1907,Army,5,6,7,6,7.0,1.277
China,1907,Executive,4,4,7,5,4.5,1.210
China,1907,Merchants / Shopkeepers,7,6,6,7,10.5,1.761
China,1907,Priesthood / Knowledge Workers,6,7,8,9,9.5,1.503
China,1907,Proletariat,5,4,7,3,3.5,1.268
China,1907,Property Owners,5,6,6,5,7.5,1.666
China,1907,State Memory,5,6,6,7,8.5,1.661
China,1907,Trades / Professions,7,6,5,7,11.5,2.012
China,1908,Army,5,6,7,6,7.0,1.309
China,1908,Executive,3,3,7,5,1.5,1.050
China,1908,Merchants / Shopkeepers,7,6,6,7,10.5,1.700
China,1908,Priesthood / Knowledge Workers,6,7,8,9,9.5,1.488
China,1908,Proletariat,5,4,7,3,3.5,1.258
China,1908,Property Owners,5,6,6,5,7.5,1.656
China,1908,State Memory,5,6,6,7,8.5,1.656
China,1908,Trades / Professions,7,6,5,7,11.5,2.012
China,1909,Army,5,6,7,6,7.0,1.259
China,1909,Executive,3,3,8,5,0.5,0.963
China,1909,Merchants / Shopkeepers,7,6,6,7,10.5,1.678
China,1909,Priesthood / Knowledge Workers,6,7,8,9,9.5,1.442
China,1909,Proletariat,5,4,7,3,3.5,1.205
China,1909,Property Owners,5,6,6,5,7.5,1.606
China,1909,State Memory,5,6,6,7,8.5,1.637
China,1909,Trades / Professions,7,6,5,7,11.5,1.968
China,1910,Army,5,6,7,6,7.0,1.157
China,1910,Executive,2,2,9,4,-1.0,0.697
China,1910,Merchants / Shopkeepers,7,6,6,7,10.5,1.536
China,1910,Priesthood / Knowledge Workers,6,7,8,9,9.5,1.341
China,1910,Proletariat,4,3,9,2,-1.0,0.691
China,1910,Property Owners,5,6,6,5,7.5,1.401
China,1910,State Memory,5,6,6,7,8.5,1.532
China,1910,Trades / Professions,7,6,5,7,11.5,1.838
China,1911,Army,2,8,10,5,2.5,0.449
China,1911,Executive,1,1,10,2,-7.0,0.354
China,1911,Merchants / Shopkeepers,6,7,6,6,10.0,1.341
China,1911,Priesthood / Knowledge Workers,4,9,4,10,14.0,1.637
China,1911,Proletariat,4,4,9,2,0.0,0.638
China,1911,Property Owners,3,5,8,3,1.5,0.662
China,1911,State Memory,2,3,10,4,-3.0,0.472
China,1911,Trades / Professions,6,8,5,7,12.5,1.603
China,1912,Army,6,8,6,6,11.0,1.666
China,1912,Executive,3,4,7,5,2.5,1.250
China,1912,Merchants / Shopkeepers,6,7,6,6,10.0,1.633
China,1912,Priesthood / Knowledge Workers,4,9,4,10,14.0,1.767
China,1912,Proletariat,4,4,9,2,0.0,0.817
China,1912,Property Owners,3,5,8,3,1.5,0.887
China,1912,State Memory,2,3,9,5,-3.5,0.672
China,1912,Trades / Professions,6,8,5,7,12.5,1.884
China,1913,Army,6,8,6,6,11.0,1.594
China,1913,Executive,2,3,8,4,-1.0,0.774
China,1913,Merchants / Shopkeepers,6,7,6,6,10.0,1.554
China,1913,Priesthood / Knowledge Workers,5,7,7,9,9.5,1.428
China,1913,Proletariat,4,4,9,2,0.0,0.730
China,1913,Property Owners,3,5,8,3,1.5,0.778
China,1913,State Memory,2,3,9,5,-3.5,0.589
China,1913,Trades / Professions,6,8,5,7,12.5,1.766
China,1914,Army,7,9,5,6,14.0,2.112
China,1914,Executive,1,2,9,3,-5.5,0.536
China,1914,Merchants / Shopkeepers,6,7,6,6,10.0,1.696
China,1914,Priesthood / Knowledge Workers,5,7,7,9,9.5,1.579
China,1914,Proletariat,4,4,9,2,0.0,0.817
China,1914,Property Owners,3,5,8,3,1.5,0.887
China,1914,State Memory,2,3,9,5,-3.5,0.702
China,1914,Trades / Professions,6,8,5,7,12.5,1.986
China,1915,Army,7,9,5,6,14.0,1.944
China,1915,Executive,1,1,10,1,-7.5,0.354
China,1915,Merchants / Shopkeepers,6,7,6,6,10.0,1.503
China,1915,Priesthood / Knowledge Workers,5,7,7,9,9.5,1.341
China,1915,Proletariat,4,4,9,2,0.0,0.638
China,1915,Property Owners,3,5,8,3,1.5,0.697
China,1915,State Memory,2,3,9,5,-3.5,0.528
China,1915,Trades / Professions,6,8,5,7,12.5,1.714
China,1916,Army,3,9,9,4,4.0,0.825
China,1916,Executive,2,1,8,2,-3.0,0.540
China,1916,Merchants / Shopkeepers,6,7,6,6,10.0,1.442
China,1916,Priesthood / Knowledge Workers,5,7,7,9,9.5,1.378
China,1916,Proletariat,4,4,9,2,0.0,0.725
China,1916,Property Owners,3,5,8,3,1.5,0.755
China,1916,State Memory,2,3,9,5,-3.5,0.589
China,1916,Trades / Professions,6,8,5,7,12.5,1.734
China,1917,Army,3,9,9,4,5.0,0.963
China,1917,Executive,1,1,9,2,-6.0,0.407
China,1917,Merchants / Shopkeepers,6,7,6,6,10.0,1.488
China,1917,Priesthood / Knowledge Workers,4,9,4,10,14.0,1.637
China,1917,Proletariat,4,4,9,2,0.0,0.730
China,1917,Property Owners,3,5,8,3,1.5,0.778
China,1917,State Memory,2,3,9,5,-3.5,0.589
China,1917,Trades / Professions,6,8,5,7,12.5,1.766
China,1918,Army,3,9,9,4,5.0,0.941
China,1918,Executive,1,1,9,2,-6.0,0.407
China,1918,Merchants / Shopkeepers,6,7,6,6,10.0,1.488
China,1918,Priesthood / Knowledge Workers,4,9,4,10,14.0,1.637
China,1918,Proletariat,4,4,9,2,0.0,0.730
China,1918,Property Owners,3,5,8,3,1.5,0.778
China,1918,State Memory,2,3,9,5,-3.5,0.589
China,1918,Trades / Professions,6,8,5,7,12.5,1.766
China,1919,Army,3,9,9,4,5.0,1.056
China,1919,Executive,1,1,9,2,-6.0,0.526
China,1919,Merchants / Shopkeepers,6,7,6,6,10.0,1.532
China,1919,Priesthood / Knowledge Workers,5,8,5,10,13.0,1.879
China,1919,Proletariat,4,4,9,2,0.0,0.781
China,1919,Property Owners,3,5,8,3,1.5,0.817
China,1919,State Memory,2,3,9,5,-3.5,0.612
China,1919,Trades / Professions,6,8,5,7,12.5,1.838
China,1920,Army,3,9,9,4,5.0,0.919
China,1920,Executive,1,1,10,1,-7.5,0.354
China,1920,Merchants / Shopkeepers,6,7,6,6,10.0,1.472
China,1920,Priesthood / Knowledge Workers,5,8,5,10,13.0,1.805
China,1920,Proletariat,4,4,9,2,0.0,0.697
China,1920,Property Owners,3,5,8,3,1.5,0.730
China,1920,State Memory,2,3,9,5,-3.5,0.570
China,1920,Trades / Professions,6,8,5,7,12.5,1.748
China,1921,Army,3,9,9,4,5.0,0.985
China,1921,Executive,1,1,9,2,-6.0,0.407
China,1921,Merchants / Shopkeepers,6,7,6,6,10.0,1.523
China,1921,Priesthood / Knowledge Workers,6,8,5,10,14.0,2.051
China,1921,Proletariat,4,4,9,2,0.0,0.755
China,1921,Property Owners,3,5,8,3,1.5,0.803
China,1921,State Memory,2,3,9,5,-3.5,0.612
China,1921,Trades / Professions,6,8,5,7,12.5,1.838
China,1922,Army,2,8,10,4,0.0,0.472
China,1922,Executive,1,1,9,2,-6.0,0.380
China,1922,Merchants / Shopkeepers,6,7,6,6,10.0,1.411
China,1922,Priesthood / Knowledge Workers,6,8,5,10,14.0,1.956
China,1922,Proletariat,4,4,9,2,0.0,0.697
China,1922,Property Owners,3,5,8,3,1.5,0.730
China,1922,State Memory,2,3,9,5,-3.5,0.570
China,1922,Trades / Professions,6,8,5,7,12.5,1.748
China,1923,Army,2,8,10,4,0.0,0.449
China,1923,Executive,1,1,10,1,-7.5,0.354
China,1923,Merchants / Shopkeepers,6,7,6,6,10.0,1.341
China,1923,Priesthood / Knowledge Workers,6,8,5,10,14.0,1.907
China,1923,Proletariat,4,4,9,2,0.0,0.638
China,1923,Property Owners,3,5,8,3,1.5,0.697
China,1923,State Memory,2,3,9,5,-3.5,0.528
China,1923,Trades / Professions,6,8,5,7,12.5,1.714
China,1924,Army,3,9,8,5,6.5,1.250
China,1924,Executive,1,1,9,2,-6.0,0.505
China,1924,Merchants / Shopkeepers,5,6,8,5,5.5,0.901
China,1924,Priesthood / Knowledge Workers,6,8,5,10,14.0,1.914
China,1924,Proletariat,4,4,9,2,0.0,0.730
China,1924,Property Owners,3,5,8,3,1.5,0.778
China,1924,State Memory,2,3,9,5,-3.5,0.612
China,1924,Trades / Professions,6,8,5,7,12.5,1.821
China,1925,Army,4,9,7,5,8.5,1.503
China,1925,Executive,1,1,9,2,-6.0,0.552
China,1925,Merchants / Shopkeepers,5,6,8,5,5.5,0.963
China,1925,Priesthood / Knowledge Workers,6,8,5,10,14.0,2.012
China,1925,Proletariat,4,4,9,2,0.0,0.781
China,1925,Property Owners,3,5,8,3,1.5,0.824
China,1925,State Memory,2,3,9,5,-3.5,0.640
China,1925,Trades / Professions,6,8,5,7,12.5,1.869
China,1926,Army,6,8,7,6,10.0,1.498
China,1926,Executive,4,5,8,5,3.5,1.050
China,1926,Merchants / Shopkeepers,6,7,6,6,10.0,1.579
China,1926,Priesthood / Knowledge Workers,6,8,5,10,14.0,2.000
China,1926,Proletariat,4,4,9,2,0.0,0.817
China,1926,Property Owners,3,5,8,3,1.5,0.875
China,1926,State Memory,2,3,9,5,-3.5,0.640
China,1926,Trades / Professions,6,8,5,7,12.5,1.869
China,1927,Army,6,8,9,6,8.0,1.085
China,1927,Executive,5,6,9,5,4.5,0.941
China,1927,Merchants / Shopkeepers,6,7,6,6,10.0,1.503
China,1927,Priesthood / Knowledge Workers,6,8,5,10,14.0,1.944
China,1927,Proletariat,4,4,9,2,0.0,0.803
China,1927,Property Owners,3,5,8,3,1.5,0.803
China,1927,State Memory,2,3,9,5,-3.5,0.603
China,1927,Trades / Professions,6,8,5,7,12.5,1.838
China,1928,Army,8,8,6,6,13.0,1.980
China,1928,Executive,8,8,6,7,13.5,2.043
China,1928,Merchants / Shopkeepers,6,7,6,6,10.0,1.791
China,1928,Priesthood / Knowledge Workers,6,8,5,10,14.0,2.162
China,1928,Proletariat,4,4,9,2,0.0,0.963
China,1928,Property Owners,3,5,8,3,1.5,1.031
China,1928,State Memory,6,5,5,6,9.0,1.968
China,1928,Trades / Professions,6,8,5,7,12.5,2.029
China,1929,Army,7,8,6,6,12.0,1.849
China,1929,Executive,8,8,7,7,12.5,1.815
China,1929,Merchants / Shopkeepers,6,7,6,6,10.0,1.696
China,1929,Priesthood / Knowledge Workers,6,8,5,10,14.0,2.051
China,1929,Proletariat,4,4,9,2,0.0,0.901
China,1929,Property Owners,3,5,8,3,1.5,0.941
China,1929,State Memory,6,5,5,6,9.0,1.879
China,1929,Trades / Professions,6,8,5,7,12.5,1.968
China,1930,Army,6,7,8,5,7.5,1.250
China,1930,Executive,8,8,7,7,12.5,1.766
China,1930,Merchants / Shopkeepers,6,7,6,6,10.0,1.579
China,1930,Priesthood / Knowledge Workers,6,8,5,10,14.0,1.884
China,1930,Proletariat,4,4,9,2,0.0,0.842
China,1930,Property Owners,3,5,8,3,1.5,0.887
China,1930,State Memory,6,5,5,6,9.0,1.748
China,1930,Trades / Professions,6,8,5,7,12.5,1.805
China,1931,Army,6,7,8,5,7.5,1.282
China,1931,Executive,7,7,8,6,9.0,1.378
China,1931,Merchants / Shopkeepers,6,7,6,6,10.0,1.621
China,1931,Priesthood / Knowledge Workers,6,8,5,10,14.0,1.914
China,1931,Proletariat,4,4,9,2,0.0,0.868
China,1931,Property Owners,3,5,8,3,1.5,0.887
China,1931,State Memory,6,5,5,6,9.0,1.766
China,1931,Trades / Professions,6,8,5,7,12.5,1.854
China,1932,Army,6,7,9,5,6.5,1.050
China,1932,Executive,7,7,9,6,6.0,1.085
China,1932,Merchants / Shopkeepers,6,7,6,6,10.0,1.488
China,1932,Priesthood / Knowledge Workers,6,8,5,10,14.0,1.907
China,1932,Proletariat,4,4,9,2,0.0,0.803
China,1932,Property Owners,3,5,8,3,1.5,0.824
China,1932,State Memory,6,5,5,6,9.0,1.714
China,1932,Trades / Professions,6,8,5,7,12.5,1.805
China,1933,Army,6,7,8,5,7.5,1.341
China,1933,Executive,8,8,7,7,12.5,1.869
China,1933,Merchants / Shopkeepers,6,7,6,6,10.0,1.700
China,1933,Priesthood / Knowledge Workers,6,8,5,10,14.0,2.000
China,1933,Proletariat,4,4,9,2,0.0,0.887
China,1933,Property Owners,3,5,8,3,1.5,0.941
China,1933,State Memory,6,5,5,6,9.0,1.838
China,1933,Trades / Professions,6,8,5,7,12.5,1.914
China,1934,Army,6,7,8,5,7.5,1.157
China,1934,Executive,8,8,7,7,12.5,1.633
China,1934,Merchants / Shopkeepers,6,7,6,6,10.0,1.523
China,1934,Priesthood / Knowledge Workers,6,8,5,10,14.0,1.805
China,1934,Proletariat,4,3,9,2,-1.0,0.691
China,1934,Property Owners,3,5,8,3,1.5,0.803
China,1934,State Memory,6,5,5,6,9.0,1.714
China,1934,Trades / Professions,6,8,5,7,12.5,1.785
China,1935,Army,6,7,6,5,9.5,1.638
China,1935,Executive,7,8,6,7,12.5,1.953
China,1935,Merchants / Shopkeepers,6,7,6,6,10.0,1.791
China,1935,Priesthood / Knowledge Workers,6,8,5,10,14.0,2.118
China,1935,Proletariat,4,3,9,2,-1.0,0.887
China,1935,Property Owners,3,5,8,3,1.5,1.050
China,1935,State Memory,6,5,5,6,9.0,1.968
China,1935,Trades / Professions,6,8,5,7,12.5,2.051
China,1936,Army,6,8,7,7,10.5,1.579
China,1936,Executive,7,8,6,7,12.5,1.914
China,1936,Merchants / Shopkeepers,6,7,6,6,10.0,1.748
China,1936,Priesthood / Knowledge Workers,6,8,5,10,14.0,2.085
China,1936,Proletariat,4,3,9,2,-1.0,0.868
China,1936,Property Owners,3,5,8,3,1.5,0.992
China,1936,State Memory,6,5,5,6,9.0,1.944
China,1936,Trades / Professions,6,8,5,7,12.5,2.029
China,1937,Army,6,8,10,7,7.5,0.925
China,1937,Executive,8,9,10,8,11.0,1.250
China,1937,Merchants / Shopkeepers,6,7,6,6,10.0,1.488
China,1937,Priesthood / Knowledge Workers,6,8,5,10,14.0,1.838
China,1937,Proletariat,4,3,9,2,-1.0,0.803
China,1937,Property Owners,3,5,8,3,1.5,0.887
China,1937,State Memory,6,5,5,6,9.0,1.714
China,1937,Trades / Professions,6,7,9,6,7.0,1.157
China,1938,Army,6,8,10,7,7.5,0.875
China,1938,Executive,7,7,10,7,4.5,1.031
China,1938,Merchants / Shopkeepers,6,7,6,6,10.0,1.488
China,1938,Priesthood / Knowledge Workers,6,8,5,10,14.0,1.805
China,1938,Proletariat,4,3,9,2,-1.0,0.803
China,1938,Property Owners,3,5,8,3,1.5,0.887
China,1938,State Memory,4,3,9,5,0.5,0.697
China,1938,Trades / Professions,6,7,9,6,7.0,1.157
China,1939,Army,6,8,10,7,7.5,0.887
China,1939,Executive,6,6,10,6,5.0,0.774
China,1939,Merchants / Shopkeepers,6,7,6,6,10.0,1.488
China,1939,Priesthood / Knowledge Workers,6,8,5,10,14.0,1.805
China,1939,Proletariat,4,3,9,2,-1.0,0.803
China,1939,Property Owners,3,5,8,3,1.5,0.887
China,1939,State Memory,4,3,9,5,0.5,0.697
China,1939,Trades / Professions,6,7,9,6,7.0,1.157
China,1940,Army,6,8,10,7,7.5,0.868
China,1940,Executive,6,6,10,6,5.0,0.767
China,1940,Merchants / Shopkeepers,6,7,6,6,10.0,1.488
China,1940,Priesthood / Knowledge Workers,6,8,5,10,14.0,1.805
China,1940,Proletariat,4,3,9,2,-1.0,0.803
China,1940,Property Owners,3,5,8,3,1.5,0.887
China,1940,State Memory,4,3,9,5,0.5,0.697
China,1940,Trades / Professions,6,7,9,6,7.0,1.157
China,1941,Army,5,7,10,6,5.0,0.714
China,1941,Executive,6,6,10,6,5.0,0.755
China,1941,Merchants / Shopkeepers,6,7,6,6,10.0,1.488
China,1941,Priesthood / Knowledge Workers,6,8,5,10,14.0,1.805
China,1941,Proletariat,4,3,9,2,-1.0,0.803
China,1941,Property Owners,3,5,8,3,1.5,0.887
China,1941,State Memory,4,3,9,5,0.5,0.697
China,1941,Trades / Professions,6,7,9,6,7.0,1.157
China,1942,Army,5,7,10,6,5.0,0.714
China,1942,Executive,5,5,10,5,2.5,0.603
China,1942,Merchants / Shopkeepers,6,7,6,6,10.0,1.411
China,1942,Priesthood / Knowledge Workers,6,8,5,10,14.0,1.766
China,1942,Proletariat,4,3,9,2,-1.0,0.778
China,1942,Property Owners,3,5,8,3,1.5,0.854
China,1942,State Memory,4,3,9,5,0.5,0.686
China,1942,Trades / Professions,6,7,9,6,7.0,1.127
China,1943,Army,5,7,10,6,5.0,0.697
China,1943,Executive,5,5,10,5,2.5,0.589
China,1943,Merchants / Shopkeepers,6,7,6,6,10.0,1.397
China,1943,Priesthood / Knowledge Workers,6,8,5,10,14.0,1.748
China,1943,Proletariat,3,2,10,1,-4.5,0.380
China,1943,Property Owners,3,5,8,3,1.5,0.817
China,1943,State Memory,4,3,9,5,0.5,0.678
China,1943,Trades / Professions,6,7,9,6,7.0,1.111
China,1944,Army,5,7,10,6,5.0,0.697
China,1944,Executive,4,4,10,4,0.0,0.449
China,1944,Merchants / Shopkeepers,6,7,6,6,10.0,1.411
China,1944,Priesthood / Knowledge Workers,6,8,5,10,14.0,1.778
China,1944,Proletariat,3,2,10,1,-4.5,0.435
China,1944,Property Owners,3,5,8,3,1.5,0.781
China,1944,State Memory,4,3,9,5,0.5,0.678
China,1944,Trades / Professions,6,7,9,6,7.0,1.127
China,1945,Army,5,7,9,6,6.0,0.824
China,1945,Executive,5,5,9,5,3.5,0.662
China,1945,Merchants / Shopkeepers,6,7,6,6,10.0,1.579
China,1945,Priesthood / Knowledge Workers,6,8,5,10,14.0,1.935
China,1945,Proletariat,3,2,10,1,-4.5,0.492
China,1945,Property Owners,3,5,8,3,1.5,0.868
China,1945,State Memory,4,3,9,5,0.5,0.697
China,1945,Trades / Professions,6,7,9,6,7.0,1.205
China,1946,Army,5,7,9,6,6.0,0.803
China,1946,Executive,3,4,8,4,1.0,0.730
China,1946,Merchants / Shopkeepers,6,7,6,6,10.0,1.565
China,1946,Priesthood / Knowledge Workers,6,8,5,10,14.0,1.869
China,1946,Proletariat,3,2,10,1,-4.5,0.465
China,1946,Property Owners,3,5,8,3,1.5,0.849
China,1946,State Memory,4,3,9,5,0.5,0.686
China,1946,Trades / Professions,6,7,9,6,7.0,1.173
China,1947,Army,5,7,9,6,6.0,0.778
China,1947,Executive,2,3,9,3,-2.5,0.569
China,1947,Merchants / Shopkeepers,6,7,6,6,10.0,1.488
China,1947,Priesthood / Knowledge Workers,6,8,5,10,14.0,1.805
China,1947,Proletariat,3,2,10,1,-4.5,0.435
China,1947,Property Owners,3,5,8,3,1.5,0.817
China,1947,State Memory,4,3,9,5,0.5,0.678
China,1947,Trades / Professions,6,7,9,6,7.0,1.141
China,1948,Army,2,4,10,2,-2.0,0.380
China,1948,Executive,2,3,9,3,-2.5,0.569
China,1948,Merchants / Shopkeepers,6,7,6,6,10.0,1.411
China,1948,Priesthood / Knowledge Workers,6,8,5,10,14.0,1.748
China,1948,Proletariat,3,2,10,1,-4.5,0.380
China,1948,Property Owners,3,5,8,3,1.5,0.778
China,1948,State Memory,4,3,9,5,0.5,0.654
China,1948,Trades / Professions,6,7,9,6,7.0,1.111
China,1949,Army,8,9,4,7,16.5,2.506
China,1949,Executive,1,1,10,1,-7.5,0.354
China,1949,Merchants / Shopkeepers,6,7,6,6,10.0,1.579
China,1949,Priesthood / Knowledge Workers,6,8,5,10,14.0,2.118
China,1949,Proletariat,3,2,10,1,-4.5,0.560
China,1949,Property Owners,3,5,8,3,1.5,1.050
China,1949,State Memory,8,7,3,7,15.5,2.825
China,1949,Trades / Professions,6,7,9,6,7.0,1.488
China,1950,Army,8,9,5,7,15.5,2.457
China,1950,Executive,9,8,5,8,16.0,2.753
China,1950,Merchants / Shopkeepers,1,2,7,3,-0.5,0.457
China,1950,Priesthood / Knowledge Workers,7,9,4,10,17.0,2.760
China,1950,Proletariat,7,5,6,4,8.0,1.638
China,1950,Property Owners,1,1,9,1,-6.5,0.395
China,1950,State Memory,8,7,3,7,15.5,2.753
China,1950,Trades / Professions,2,3,8,4,-1.0,0.570
China,1951,Army,8,9,5,7,15.5,2.370
China,1951,Executive,9,8,6,8,15.0,2.527
China,1951,Merchants / Shopkeepers,1,2,7,3,-2.5,0.535
China,1951,Priesthood / Knowledge Workers,7,9,4,10,17.0,2.809
China,1951,Proletariat,7,5,6,4,8.0,1.638
China,1951,Property Owners,1,1,9,1,-6.5,0.457
China,1951,State Memory,8,7,3,7,15.5,2.836
China,1951,Trades / Professions,2,3,8,4,-1.0,0.650
China,1952,Army,8,9,5,7,15.5,2.457
China,1952,Executive,9,8,5,8,16.0,2.753
China,1952,Merchants / Shopkeepers,1,2,7,3,-2.5,0.457
China,1952,Priesthood / Knowledge Workers,7,9,4,10,17.0,2.760
China,1952,Proletariat,7,5,6,4,8.0,1.638
China,1952,Property Owners,1,1,9,1,-6.5,0.395
China,1952,State Memory,8,7,3,7,15.5,2.753
China,1952,Trades / Professions,2,3,8,4,-1.0,0.570
China,1953,Army,8,9,5,7,15.5,2.404
China,1953,Executive,9,8,5,8,16.0,2.720
China,1953,Merchants / Shopkeepers,1,2,7,3,-2.5,0.478
China,1953,Priesthood / Knowledge Workers,7,9,4,10,17.0,2.775
China,1953,Proletariat,7,6,5,4,10.0,2.118
China,1953,Property Owners,1,1,9,1,-6.5,0.418
China,1953,State Memory,8,7,3,7,15.5,2.766
China,1953,Trades / Professions,2,3,8,4,-1.0,0.603
China,1954,Army,8,9,5,7,15.5,2.479
China,1954,Executive,9,8,5,8,16.0,2.775
China,1954,Merchants / Shopkeepers,1,2,7,3,-2.5,0.475
China,1954,Priesthood / Knowledge Workers,7,9,4,10,17.0,2.766
China,1954,Proletariat,7,6,5,4,10.0,2.103
China,1954,Property Owners,1,1,9,1,-6.5,0.414
China,1954,State Memory,8,7,3,7,15.5,2.809
China,1954,Trades / Professions,2,3,8,4,-1.0,0.607
China,1955,Army,8,9,5,7,15.5,2.533
China,1955,Executive,9,8,5,8,16.0,2.840
China,1955,Merchants / Shopkeepers,1,1,9,1,-7.5,0.354
China,1955,Priesthood / Knowledge Workers,7,9,4,10,17.0,2.760
China,1955,Proletariat,7,6,5,4,10.0,2.029
China,1955,Property Owners,1,1,9,1,-6.5,0.395
China,1955,State Memory,8,7,3,7,15.5,2.787
China,1955,Trades / Professions,2,3,8,4,-1.0,0.570
China,1956,Army,8,9,5,7,15.5,2.506
China,1956,Executive,9,8,5,8,16.0,2.809
China,1956,Merchants / Shopkeepers,1,1,9,1,-7.5,0.370
China,1956,Priesthood / Knowledge Workers,8,8,5,9,16.5,2.787
China,1956,Proletariat,7,6,5,4,10.0,2.051
China,1956,Property Owners,1,1,9,1,-6.5,0.395
China,1956,State Memory,8,7,3,7,15.5,2.809
China,1956,Trades / Professions,2,3,8,4,-1.0,0.589
China,1957,Army,8,9,5,7,15.5,2.370
China,1957,Executive,9,8,5,8,16.0,2.684
China,1957,Merchants / Shopkeepers,1,1,9,1,-7.5,0.395
China,1957,Priesthood / Knowledge Workers,5,6,7,7,7.5,1.488
China,1957,Proletariat,7,6,5,4,10.0,1.992
China,1957,Property Owners,1,1,9,1,-6.5,0.444
China,1957,State Memory,8,7,3,7,15.5,2.701
China,1957,Trades / Professions,2,3,8,4,-1.0,0.638
China,1958,Army,8,9,5,7,15.5,2.227
China,1958,Executive,9,4,9,8,8.0,1.341
China,1958,Merchants / Shopkeepers,1,1,9,1,-7.5,0.449
China,1958,Priesthood / Knowledge Workers,5,6,7,7,7.5,1.488
China,1958,Proletariat,8,4,10,3,3.5,0.774
China,1958,Property Owners,1,1,9,1,-6.5,0.492
China,1958,State Memory,8,7,3,7,15.5,2.388
China,1958,Trades / Professions,2,3,8,4,-1.0,0.638
China,1959,Army,8,9,5,7,15.5,2.112
China,1959,Executive,8,2,10,7,3.5,0.901
China,1959,Merchants / Shopkeepers,1,1,9,1,-7.5,0.407
China,1959,Priesthood / Knowledge Workers,5,6,7,7,7.5,1.401
China,1959,Proletariat,7,2,10,2,-1.0,0.612
China,1959,Property Owners,1,1,9,1,-6.5,0.457
China,1959,State Memory,8,7,3,7,15.5,2.370
China,1959,Trades / Professions,2,3,8,4,-1.0,0.603
China,1960,Army,8,9,5,7,15.5,1.838
China,1960,Executive,7,1,10,6,1.0,0.702
China,1960,Merchants / Shopkeepers,1,1,9,1,-7.5,0.354
China,1960,Priesthood / Knowledge Workers,5,6,7,7,7.5,1.298
China,1960,Proletariat,5,1,10,1,-3.5,0.472
China,1960,Property Owners,1,1,9,1,-6.5,0.407
China,1960,State Memory,8,7,3,7,15.5,2.219
China,1960,Trades / Professions,2,3,8,4,-1.0,0.528
China,1961,Army,8,9,5,7,15.5,2.103
China,1961,Executive,6,3,9,6,3.0,0.817
China,1961,Merchants / Shopkeepers,1,1,9,1,-7.5,0.380
China,1961,Priesthood / Knowledge Workers,5,6,7,7,7.5,1.341
China,1961,Proletariat,5,2,9,2,-1.0,0.589
China,1961,Property Owners,1,1,9,1,-6.5,0.435
China,1961,State Memory,8,7,3,7,15.5,2.457
China,1961,Trades / Professions,2,3,8,4,-1.0,0.589
China,1962,Army,8,9,5,7,15.5,2.506
China,1962,Executive,7,6,5,7,11.5,2.181
China,1962,Merchants / Shopkeepers,1,1,9,1,-7.5,0.395
China,1962,Priesthood / Knowledge Workers,5,6,7,7,7.5,1.444
China,1962,Proletariat,6,4,5,3,6.5,1.637
China,1962,Property Owners,1,1,9,1,-6.5,0.444
China,1962,State Memory,8,7,3,7,15.5,2.607
China,1962,Trades / Professions,2,3,8,4,-1.0,0.612
China,1963,Army,8,9,4,6,16.0,2.766
China,1963,Executive,7,6,5,7,11.5,2.308
China,1963,Merchants / Shopkeepers,1,1,9,1,-7.5,0.407
China,1963,Priesthood / Knowledge Workers,5,6,7,7,7.5,1.547
China,1963,Proletariat,6,4,5,3,6.5,1.696
China,1963,Property Owners,1,1,9,1,-6.5,0.457
China,1963,State Memory,8,7,3,7,15.5,2.787
China,1963,Trades / Professions,2,3,8,4,-1.0,0.621
China,1964,Army,8,9,5,7,15.5,2.446
China,1964,Executive,7,6,5,7,11.5,2.227
China,1964,Merchants / Shopkeepers,1,1,9,1,-7.5,0.418
China,1964,Priesthood / Knowledge Workers,6,7,6,9,11.5,2.118
China,1964,Proletariat,6,4,5,3,6.5,1.638
China,1964,Property Owners,1,1,9,1,-6.5,0.465
China,1964,State Memory,8,7,3,7,15.5,2.701
China,1964,Trades / Professions,2,3,8,4,-1.0,0.640
China,1965,Army,8,9,5,7,15.5,2.370
China,1965,Executive,7,6,7,7,9.5,1.805
China,1965,Merchants / Shopkeepers,1,1,9,1,-6.5,0.444
China,1965,Priesthood / Knowledge Workers,6,7,6,9,11.5,2.118
China,1965,Proletariat,6,4,5,3,6.5,1.638
China,1965,Property Owners,1,1,9,1,-6.5,0.465
China,1965,State Memory,8,7,3,7,15.5,2.701
China,1965,Trades / Professions,2,3,8,4,-1.0,0.640
China,1966,Army,8,9,5,7,15.5,2.227
China,1966,Executive,7,6,7,7,9.5,1.696
China,1966,Merchants / Shopkeepers,1,1,9,1,-6.5,0.444
China,1966,Priesthood / Knowledge Workers,2,1,10,3,-6.5,0.457
China,1966,Proletariat,6,4,5,3,6.5,1.547
China,1966,Property Owners,1,1,9,1,-6.5,0.465
China,1966,State Memory,1,1,10,2,-7.0,0.354
China,1966,Trades / Professions,2,3,8,4,-1.0,0.621
China,1967,Army,8,9,5,7,15.5,2.103
China,1967,Executive,2,2,10,3,-5.5,0.472
China,1967,Merchants / Shopkeepers,1,1,9,1,-6.5,0.407
China,1967,Priesthood / Knowledge Workers,2,1,10,3,-6.5,0.435
China,1967,Proletariat,6,4,5,3,6.5,1.444
China,1967,Property Owners,1,1,9,1,-6.5,0.444
China,1967,State Memory,1,1,10,2,-7.0,0.354
China,1967,Trades / Professions,2,3,8,4,-1.0,0.589
China,1968,Army,8,9,5,7,15.5,2.051
China,1968,Executive,2,2,10,3,-5.5,0.478
China,1968,Merchants / Shopkeepers,1,1,9,1,-6.5,0.407
China,1968,Priesthood / Knowledge Workers,2,1,10,3,-6.5,0.435
China,1968,Proletariat,4,3,9,2,-1.0,0.589
China,1968,Property Owners,1,1,9,1,-6.5,0.444
China,1968,State Memory,1,1,10,2,-7.0,0.354
China,1968,Trades / Professions,2,3,8,4,-1.0,0.589
China,1969,Army,9,9,5,5,15.5,2.227
China,1969,Executive,2,2,10,3,-5.5,0.472
China,1969,Merchants / Shopkeepers,1,1,9,1,-6.5,0.407
China,1969,Priesthood / Knowledge Workers,2,1,10,3,-6.5,0.435
China,1969,Proletariat,4,3,9,2,-1.0,0.589
China,1969,Property Owners,1,1,9,1,-6.5,0.444
China,1969,State Memory,1,1,10,2,-7.0,0.354
China,1969,Trades / Professions,2,3,8,4,-1.0,0.589
China,1970,Army,9,9,5,5,15.5,2.118
China,1970,Executive,4,4,8,4,2.0,0.774
China,1970,Merchants / Shopkeepers,1,1,9,1,-6.5,0.444
China,1970,Priesthood / Knowledge Workers,2,1,10,3,-6.5,0.485
China,1970,Proletariat,4,3,9,2,-1.0,0.638
China,1970,Property Owners,1,1,9,1,-6.5,0.492
China,1970,State Memory,1,1,10,2,-7.0,0.380
China,1970,Trades / Professions,2,3,8,4,-1.0,0.621
China,1971,Army,9,9,5,5,15.5,2.118
China,1971,Executive,3,3,8,4,0.0,0.603
China,1971,Merchants / Shopkeepers,1,1,9,1,-6.5,0.421
China,1971,Priesthood / Knowledge Workers,2,1,10,3,-6.5,0.444
China,1971,Proletariat,4,3,9,2,-1.0,0.603
China,1971,Property Owners,1,1,9,1,-6.5,0.465
China,1971,State Memory,1,1,10,2,-7.0,0.363
China,1971,Trades / Professions,2,3,8,4,-1.0,0.589
China,1972,Army,9,9,5,5,15.5,2.193
China,1972,Executive,3,3,8,4,0.0,0.678
China,1972,Merchants / Shopkeepers,1,1,9,1,-6.5,0.435
China,1972,Priesthood / Knowledge Workers,3,2,7,4,0.0,0.730
China,1972,Proletariat,4,3,9,2,-1.0,0.621
China,1972,Property Owners,1,1,9,1,-6.5,0.478
China,1972,State Memory,1,1,10,2,-7.0,0.370
China,1972,Trades / Professions,2,3,8,4,-1.0,0.603
China,1973,Army,9,9,5,5,15.5,2.370
China,1973,Executive,5,5,6,5,6.5,1.341
China,1973,Merchants / Shopkeepers,1,1,9,1,-6.5,0.528
China,1973,Priesthood / Knowledge Workers,3,2,7,4,0.0,0.824
China,1973,Proletariat,4,3,9,2,-1.0,0.730
China,1973,Property Owners,1,1,9,1,-6.5,0.528
China,1973,State Memory,1,1,10,2,-7.0,0.418
China,1973,Trades / Professions,2,3,8,4,-1.0,0.662
China,1974,Army,9,9,5,5,15.5,2.227
China,1974,Executive,4,4,7,4,3.0,0.963
China,1974,Merchants / Shopkeepers,1,1,9,1,-6.5,0.457
China,1974,Priesthood / Knowledge Workers,3,2,7,4,0.0,0.767
China,1974,Proletariat,4,3,9,2,-1.0,0.662
China,1974,Property Owners,1,1,9,1,-6.5,0.492
China,1974,State Memory,1,1,10,2,-7.0,0.395
China,1974,Trades / Professions,2,3,8,4,-1.0,0.638
China,1975,Army,9,9,5,5,15.5,2.457
China,1975,Executive,6,6,6,6,9.0,1.696
China,1975,Merchants / Shopkeepers,1,1,9,1,-6.5,0.478
China,1975,Priesthood / Knowledge Workers,3,2,7,4,0.0,0.817
China,1975,Proletariat,4,3,9,2,-1.0,0.702
China,1975,Property Owners,1,1,9,1,-6.5,0.505
China,1975,State Memory,1,1,10,2,-7.0,0.407
China,1975,Trades / Professions,2,3,8,4,-1.0,0.662
China,1976,Army,9,9,5,5,15.5,1.956
China,1976,Executive,3,3,10,4,-2.0,0.449
China,1976,Merchants / Shopkeepers,1,1,9,1,-6.5,0.380
China,1976,Priesthood / Knowledge Workers,3,2,7,4,0.0,0.702
China,1976,Proletariat,4,3,9,2,-1.0,0.612
Cina,1976,Property Owners,1,1,9,1,-6.5,0.435
China,1976,State Memory,1,1,10,2,-7.0,0.354
China,1976,Trades / Professions,2,3,8,4,-1.0,0.570
China,1977,Army,9,9,5,5,15.5,2.253
China,1977,Executive,5,5,7,5,5.5,1.250
China,1977,Merchants / Shopkeepers,1,1,9,1,-6.5,0.444
China,1977,Priesthood / Knowledge Workers,3,2,7,4,0.0,0.817
China,1977,Proletariat,4,3,9,2,-1.0,0.697
China,1977,Property Owners,1,1,9,1,-6.5,0.492
China,1977,State Memory,1,1,10,2,-7.0,0.395
China,1977,Trades / Professions,2,3,8,4,-1.0,0.650
China,1978,Army,9,9,5,5,15.5,2.506
China,1978,Executive,8,8,5,8,15.0,2.527
China,1978,Merchants / Shopkeepers,1,1,9,1,-6.5,0.505
China,1978,Priesthood / Knowledge Workers,3,2,7,4,0.0,0.868
China,1978,Proletariat,4,3,9,2,-1.0,0.755
China,1978,Property Owners,1,1,9,1,-6.5,0.505
China,1978,State Memory,1,1,10,2,-7.0,0.418
China,1978,Trades / Professions,2,3,8,4,-1.0,0.662
China,1979,Army,9,9,5,5,15.5,2.589
China,1979,Executive,8,8,5,8,15.0,2.650
China,1979,Merchants / Shopkeepers,1,1,9,1,-6.5,0.540
China,1979,Priesthood / Knowledge Workers,7,8,4,9,15.5,2.809
China,1979,Proletariat,4,3,9,2,-1.0,0.792
China,1979,Property Owners,1,1,9,1,-6.5,0.540
China,1979,State Memory,1,1,10,2,-7.0,0.457
China,1979,Trades / Professions,2,3,8,4,-1.0,0.697
China,1980,Army,9,9,5,5,15.5,2.227
China,1980,Executive,8,8,5,8,15.0,2.227
China,1980,Merchants / Shopkeepers,3,3,6,3,1.5,1.250
China,1980,Priesthood / Knowledge Workers,7,8,4,9,15.5,2.457
China,1980,Proletariat,4,3,9,2,-1.0,0.803
China,1980,Property Owners,1,1,9,1,-6.5,0.492
China,1980,State Memory,1,1,10,2,-7.0,0.407
China,1980,Trades / Professions,2,3,8,4,-1.0,0.621
China,1981,Army,9,9,5,5,15.5,2.506
China,1981,Executive,8,7,5,8,14.0,2.527
China,1981,Merchants / Shopkeepers,3,3,6,3,1.5,1.298
China,1981,Priesthood / Knowledge Workers,7,8,4,9,15.5,2.809
China,1981,Proletariat,4,3,9,2,-1.0,0.824
China,1981,Property Owners,1,1,9,1,-6.5,0.492
China,1981,State Memory,1,1,10,2,-7.0,0.435
China,1981,Trades / Professions,2,3,8,4,-1.0,0.650
China,1982,Army,9,9,5,5,15.5,2.506
China,1982,Executive,8,8,5,8,15.0,2.589
China,1982,Merchants / Shopkeepers,3,3,6,3,1.5,1.341
China,1982,Priesthood / Knowledge Workers,7,8,4,9,15.5,2.840
China,1982,Proletariat,4,3,9,2,-1.0,0.849
China,1982,Property Owners,1,1,9,1,-6.5,0.505
China,1982,State Memory,1,1,10,2,-7.0,0.449
China,1982,Trades / Professions,2,3,8,4,-1.0,0.662
China,1983,Army,9,9,5,5,15.5,2.457
China,1983,Executive,8,8,5,8,15.0,2.533
China,1983,Merchants / Shopkeepers,3,3,6,3,1.5,1.282
China,1983,Priesthood / Knowledge Workers,6,7,7,8,10.0,1.805
China,1983,Proletariat,4,3,9,2,-1.0,0.817
China,1983,Property Owners,1,1,9,1,-6.5,0.485
China,1983,State Memory,1,1,10,2,-7.0,0.435
China,1983,Trades / Professions,2,3,8,4,-1.0,0.640
China,1984,Army,9,9,5,5,15.5,2.650
China,1984,Executive,8,8,5,8,15.0,2.760
China,1984,Merchants / Shopkeepers,6,7,4,5,11.5,2.227
China,1984,Priesthood / Knowledge Workers,6,7,7,8,10.0,1.838
China,1984,Proletariat,4,3,9,2,-1.0,0.941
China,1984,Property Owners,1,1,9,1,-6.5,0.528
China,1984,State Memory,1,1,10,2,-7.0,0.457
China,1984,Trades / Professions,2,3,8,4,-1.0,0.686
China,1985,Army,9,9,5,5,15.5,2.457
China,1985,Executive,7,7,6,7,11.5,1.956
China,1985,Merchants / Shopkeepers,6,7,4,5,11.5,2.051
China,1985,Priesthood / Knowledge Workers,6,7,7,8,10.0,1.766
China,1985,Proletariat,4,3,9,2,-1.0,0.778
China,1985,Property Owners,1,1,9,1,-6.5,0.465
China,1985,State Memory,1,1,10,2,-7.0,0.395
China,1985,Trades / Professions,2,3,8,4,-1.0,0.603
China,1986,Army,9,9,5,5,15.5,2.370
China,1986,Executive,7,7,6,7,11.5,1.884
China,1986,Merchants / Shopkeepers,6,7,4,5,11.5,1.968
China,1986,Priesthood / Knowledge Workers,6,7,6,8,11.0,1.914
China,1986,Proletariat,4,3,9,2,-1.0,0.767
China,1986,Property Owners,1,1,9,1,-6.5,0.465
China,1986,State Memory,1,1,10,2,-7.0,0.395
China,1986,Trades / Professions,2,3,8,4,-1.0,0.603
China,1987,Army,9,9,5,5,15.5,2.227
China,1987,Executive,6,6,7,6,8.0,1.488
China,1987,Merchants / Shopkeepers,6,7,4,5,11.5,1.935
China,1987,Priesthood / Knowledge Workers,6,7,6,8,11.0,1.838
China,1987,Proletariat,4,3,9,2,-1.0,0.755
China,1987,Property Owners,1,1,9,1,-6.5,0.457
China,1987,State Memory,1,1,10,2,-7.0,0.380
China,1987,Trades / Professions,2,3,8,4,-1.0,0.589
China,1988,Army,9,9,5,5,15.5,2.240
China,1988,Executive,6,6,7,6,8.0,1.547
China,1988,Merchants / Shopkeepers,7,8,7,6,11.0,1.854
China,1988,Priesthood / Knowledge Workers,6,7,6,8,11.0,1.869
China,1988,Proletariat,4,3,9,2,-1.0,0.767
China,1988,Property Owners,1,1,9,1,-6.5,0.457
China,1988,State Memory,1,1,10,2,-7.0,0.380
China,1988,Trades / Professions,2,3,8,4,-1.0,0.589
China,1989,Army,9,9,5,5,15.5,2.051
China,1989,Executive,2,2,10,3,-5.5,0.472
China,1989,Merchants / Shopkeepers,7,8,7,6,11.0,1.444
China,1989,Priesthood / Knowledge Workers,2,1,10,3,-6.5,0.435
China,1989,Proletariat,4,3,9,2,-1.0,0.638
China,1989,Property Owners,1,1,9,1,-6.5,0.444
China,1989,State Memory,1,1,10,2,-7.0,0.354
China,1989,Trades / Professions,2,3,8,4,-1.0,0.589
China,1990,Army,9,9,5,5,15.5,2.227
China,1990,Executive,5,5,7,4,5.0,1.157
China,1990,Merchants / Shopkeepers,7,8,7,6,11.0,1.565
China,1990,Priesthood / Knowledge Workers,2,1,10,3,-6.5,0.465
China,1990,Proletariat,4,3,9,2,-1.0,0.697
China,1990,Property Owners,1,1,9,1,-6.5,0.485
China,1990,State Memory,1,1,10,2,-7.0,0.395
China,1990,Trades / Professions,2,3,8,4,-1.0,0.612
China,1991,Army,9,9,5,5,15.5,2.370
China,1991,Executive,6,6,6,5,8.5,1.638
China,1991,Merchants / Shopkeepers,7,8,7,6,11.0,1.791
China,1991,Priesthood / Knowledge Workers,2,1,10,3,-6.5,0.485
China,1991,Proletariat,4,3,9,2,-1.0,0.743
China,1991,Property Owners,1,1,9,1,-6.5,0.492
China,1991,State Memory,1,1,10,2,-7.0,0.407
China,1991,Trades / Professions,2,3,8,4,-1.0,0.640
China,1992,Army,9,9,5,5,15.5,2.650
China,1992,Executive,8,8,4,8,16.0,2.753
China,1992,Merchants / Shopkeepers,7,8,7,6,11.0,1.944
China,1992,Priesthood / Knowledge Workers,2,1,10,3,-6.5,0.505
China,1992,Proletariat,4,3,9,2,-1.0,0.817
China,1992,Property Owners,1,1,9,1,-6.5,0.528
China,1992,State Memory,1,1,10,2,-7.0,0.449
China,1992,Trades / Professions,2,3,8,4,-1.0,0.686
China,1993,Army,9,9,5,5,15.5,2.760
China,1993,Executive,8,8,4,8,16.0,2.871
China,1993,Merchants / Shopkeepers,7,8,7,6,11.0,1.992
China,1993,Priesthood / Knowledge Workers,2,1,10,3,-6.5,0.528
China,1993,Proletariat,4,3,9,2,-1.0,0.849
China,1993,Property Owners,1,1,9,1,-6.5,0.540
China,1993,State Memory,1,1,10,2,-7.0,0.465
China,1993,Trades / Professions,7,8,4,7,15.5,2.809
China,1994,Army,9,9,5,5,15.5,2.840
China,1994,Executive,8,8,4,8,16.0,2.956
China,1994,Merchants / Shopkeepers,8,9,5,6,15.0,2.787
China,1994,Priesthood / Knowledge Workers,2,1,10,3,-6.5,0.540
China,1994,Proletariat,4,3,9,2,-1.0,0.887
China,1994,Property Owners,1,1,9,1,-6.5,0.552
China,1994,State Memory,1,1,10,2,-7.0,0.478
China,1994,Trades / Professions,7,8,4,7,15.5,2.871
China,1995,Army,9,9,5,5,15.5,2.650
China,1995,Executive,8,8,4,8,16.0,2.760
China,1995,Merchants / Shopkeepers,8,9,5,6,15.0,2.650
China,1995,Priesthood / Knowledge Workers,7,8,4,9,15.5,2.809
China,1995,Proletariat,4,3,9,2,-1.0,0.887
China,1995,Property Owners,1,1,9,1,-6.5,0.552
China,1995,State Memory,1,1,10,2,-7.0,0.478
China,1995,Trades / Professions,7,8,4,7,15.5,2.871
China,1996,Army,8,8,6,6,13.0,1.956
China,1996,Executive,8,8,4,8,16.0,2.457
China,1996,Merchants / Shopkeepers,8,9,5,6,15.0,2.404
China,1996,Priesthood / Knowledge Workers,7,8,4,9,15.5,2.506
China,1996,Proletariat,4,3,9,2,-1.0,0.778
China,1996,Property Owners,1,1,9,1,-6.5,0.492
China,1996,State Memory,1,1,10,2,-7.0,0.407
China,1996,Trades / Professions,7,8,4,7,15.5,2.589
China,1997,Army,9,9,5,5,15.5,2.506
China,1997,Executive,8,8,5,8,15.0,2.589
China,1997,Merchants / Shopkeepers,8,9,5,7,15.5,2.720
China,1997,Priesthood / Knowledge Workers,7,8,4,9,15.5,2.840
China,1997,Proletariat,4,3,9,2,-1.0,0.887
China,1997,Property Owners,1,1,9,1,-6.5,0.552
China,1997,State Memory,1,1,10,2,-7.0,0.478
China,1997,Trades / Professions,7,8,4,7,15.5,2.871
China,1998,Army,9,9,5,5,15.5,2.589
China,1998,Executive,9,9,5,8,17.0,2.809
China,1998,Merchants / Shopkeepers,8,9,5,7,15.5,2.809
China,1998,Priesthood / Knowledge Workers,7,8,4,9,15.5,2.903
China,1998,Proletariat,4,3,9,2,-1.0,0.901
China,1998,Property Owners,1,1,9,1,-6.5,0.552
China,1998,State Memory,1,1,10,2,-7.0,0.478
China,1998,Trades / Professions,7,8,4,7,15.5,2.924
China,1999,Army,9,9,5,5,15.5,2.457
China,1999,Executive,9,9,6,8,16.0,2.589
China,1999,Merchants / Shopkeepers,8,9,5,7,15.5,2.720
China,1999,Priesthood / Knowledge Workers,7,8,4,9,15.5,2.760
China,1999,Proletariat,4,3,9,2,-1.0,0.849
China,1999,Property Owners,1,1,9,1,-6.5,0.528
China,1999,State Memory,1,1,10,2,-7.0,0.449
China,1999,Trades / Professions,7,8,4,7,15.5,2.809
China,2000,Army,9,9,5,5,15.5,2.559
China,2000,Executive,9,9,6,8,16.0,2.650
China,2000,Merchants / Shopkeepers,8,9,5,7,15.5,2.741
China,2000,Priesthood / Knowledge Workers,7,8,4,9,15.5,2.787
China,2000,Proletariat,4,3,9,2,-1.0,0.875
China,2000,Property Owners,1,1,9,1,-6.5,0.540
China,2000,State Memory,7,8,4,8,15.0,2.840
China,2000,Trades / Professions,7,8,4,7,15.5,2.871
China,2001,Army,9,9,5,5,15.5,2.720
China,2001,Executive,9,9,4,8,17.0,2.956
China,2001,Merchants / Shopkeepers,9,10,3,8,19.0,3.321
China,2001,Priesthood / Knowledge Workers,7,8,4,9,15.5,2.903
China,2001,Proletariat,4,3,9,2,-1.0,0.901
China,2001,Property Owners,1,1,9,1,-6.5,0.552
China,2001,State Memory,7,8,4,8,15.0,2.903
China,2001,Trades / Professions,8,10,3,8,19.0,3.250
China,2002,Army,9,9,5,5,15.5,2.720
China,2002,Executive,9,9,4,8,17.0,2.956
China,2002,Merchants / Shopkeepers,9,10,3,8,19.0,3.321
China,2002,Priesthood / Knowledge Workers,7,8,4,9,15.5,2.903
China,2002,Proletariat,4,3,9,2,-1.0,0.901
China,2002,Property Owners,1,1,9,1,-6.5,0.552
China,2002,State Memory,7,8,4,8,15.0,2.903
China,2002,Trades / Professions,8,10,3,8,19.0,3.250
China,2003,Army,9,9,5,5,15.5,2.506
China,2003,Executive,8,8,6,7,13.5,2.227
China,2003,Merchants / Shopkeepers,9,10,3,8,19.0,3.103
China,2003,Priesthood / Knowledge Workers,7,8,4,9,15.5,2.809
China,2003,Proletariat,4,3,9,2,-1.0,0.849
China,2003,Property Owners,1,1,9,1,-6.5,0.528
China,2003,State Memory,7,8,4,8,15.0,2.760
China,2003,Trades / Professions,8,10,3,8,19.0,3.033
China,2004,Army,9,9,5,5,15.5,2.720
China,2004,Executive,9,9,4,8,17.0,2.956
China,2004,Merchants / Shopkeepers,9,10,3,8,19.0,3.321
China,2004,Priesthood / Knowledge Workers,7,8,4,9,15.5,2.903
China,2004,Proletariat,4,3,9,2,-1.0,0.901
China,2004,Property Owners,1,1,9,1,-6.5,0.552
China,2004,State Memory,7,8,4,8,15.0,2.903
China,2004,Trades / Professions,8,10,3,8,19.0,3.250
China,2005,Army,9,9,5,5,15.5,2.720
China,2005,Executive,9,9,4,8,17.0,2.956
China,2005,Merchants / Shopkeepers,9,10,3,8,19.0,3.321
China,2005,Priesthood / Knowledge Workers,7,8,4,9,15.5,2.903
China,2005,Proletariat,4,3,9,2,-1.0,0.901
China,2005,Property Owners,1,1,9,1,-6.5,0.552
China,2005,State Memory,7,8,4,8,15.0,2.903
China,2005,Trades / Professions,8,10,3,8,19.0,3.250
China,2007,Army,9,9,5,5,15.5,2.720
China,2007,Executive,9,9,4,8,17.0,2.956
China,2007,Merchants / Shopkeepers,9,10,3,8,19.0,3.321
China,2007,Priesthood / Knowledge Workers,7,8,4,9,15.5,2.903
China,2007,Proletariat,4,3,9,2,-1.0,0.901
China,2007,Property Owners,1,1,9,1,-6.5,0.552
China,2007,State Memory,7,8,4,8,15.0,2.903
China,2007,Trades / Professions,8,10,3,8,19.0,3.250
China,2008,Army,9,9,5,5,15.5,2.370
China,2008,Executive,8,9,7,7,13.5,2.051
China,2008,Merchants / Shopkeepers,9,10,3,8,19.0,3.033
China,2008,Priesthood / Knowledge Workers,7,8,4,9,15.5,2.760
China,2008,Proletariat,4,3,9,2,-1.0,0.849
China,2008,Property Owners,1,1,9,1,-6.5,0.528
China,2008,State Memory,7,8,4,8,15.0,2.760
China,2008,Trades / Professions,8,9,6,7,14.5,2.506
China,2009,Army,9,9,5,5,15.5,2.589
China,2009,Executive,9,10,5,8,18.0,3.000
China,2009,Merchants / Shopkeepers,9,10,3,8,19.0,3.321
China,2009,Priesthood / Knowledge Workers,7,8,4,9,15.5,2.956
China,2009,Proletariat,4,3,9,2,-1.0,0.901
China,2009,Property Owners,1,1,9,1,-6.5,0.552
China,2009,State Memory,7,8,4,8,15.0,2.956
China,2009,Trades / Professions,8,10,3,8,19.0,3.250
China,2010,Army,9,9,5,5,15.5,2.720
China,2010,Executive,9,10,4,8,18.0,3.033
China,2010,Merchants / Shopkeepers,9,10,3,8,19.0,3.321
China,2010,Priesthood / Knowledge Workers,7,8,4,9,15.5,2.956
China,2010,Proletariat,4,3,9,2,-1.0,0.901
China,2010,Property Owners,1,1,9,1,-6.5,0.552
China,2010,State Memory,7,8,4,8,15.0,2.956
China,2010,Trades / Professions,8,10,3,8,19.0,3.250
China,2011,Army,9,9,5,5,15.5,2.589
China,2011,Executive,8,9,5,7,15.5,2.589
China,2011,Merchants / Shopkeepers,9,10,3,8,19.0,3.217
China,2011,Priesthood / Knowledge Workers,7,8,4,9,15.5,2.871
China,2011,Proletariat,4,3,9,2,-1.0,0.887
China,2011,Property Owners,1,1,9,1,-6.5,0.540
China,2011,State Memory,7,8,4,8,15.0,2.871
China,2011,Trades / Professions,8,10,3,8,19.0,3.167
China,2012,Army,9,9,5,5,15.5,2.370
China,2012,Executive,7,8,8,6,10.0,1.696
China,2012,Merchants / Shopkeepers,9,10,3,8,19.0,3.033
China,2012,Priesthood / Knowledge Workers,7,8,4,9,15.5,2.760
China,2012,Proletariat,4,3,9,2,-1.0,0.849
China,2012,Property Owners,1,1,9,1,-6.5,0.528
China,2012,State Memory,7,8,4,8,15.0,2.760
China,2012,Trades / Professions,8,10,3,8,19.0,3.033
China,2013,Army,9,9,5,5,15.5,2.457
China,2013,Executive,8,8,6,7,13.5,1.838
China,2013,Merchants / Shopkeepers,9,10,3,8,19.0,3.103
China,2013,Priesthood / Knowledge Workers,7,8,4,9,15.5,2.809
China,2013,Proletariat,4,3,9,2,-1.0,0.875
China,2013,Property Owners,1,1,9,1,-6.5,0.540
China,2013,State Memory,7,8,4,8,15.0,2.809
China,2013,Trades / Professions,8,10,3,8,19.0,3.091
China,2014,Army,9,9,5,5,15.5,2.589
China,2014,Executive,9,9,5,8,16.5,2.809
China,2014,Merchants / Shopkeepers,9,10,3,8,19.0,3.250
China,2014,Priesthood / Knowledge Workers,7,8,4,9,15.5,2.903
China,2014,Proletariat,4,3,9,2,-1.0,0.901
China,2014,Property Owners,1,1,9,1,-6.5,0.552
China,2014,State Memory,7,8,4,8,15.0,2.903
China,2014,Trades / Professions,8,10,3,8,19.0,3.250
China,2015,Army,9,9,5,5,15.5,2.370
China,2015,Executive,9,9,5,8,16.5,2.760
China,2015,Merchants / Shopkeepers,7,8,7,6,11.0,1.869
China,2015,Priesthood / Knowledge Workers,6,7,6,7,10.5,1.849
China,2015,Proletariat,4,3,9,2,-1.0,0.817
China,2015,Property Owners,1,1,9,1,-6.5,0.505
China,2015,State Memory,7,8,4,8,15.0,2.741
China,2015,Trades / Professions,8,10,3,8,19.0,3.058
China,2016,Army,9,9,5,5,15.5,2.720
China,2016,Executive,9,9,4,8,17.0,2.956
China,2016,Merchants / Shopkeepers,7,8,7,6,11.0,1.956
China,2016,Priesthood / Knowledge Workers,6,7,6,7,10.5,1.914
China,2016,Proletariat,4,3,9,2,-1.0,0.887
China,2016,Property Owners,1,1,9,1,-6.5,0.552
China,2016,State Memory,7,8,4,8,15.0,2.903
China,2016,Trades / Professions,8,10,3,8,19.0,3.193
China,2017,Army,9,9,5,5,15.5,2.720
China,2017,Executive,9,9,4,8,17.0,2.956
China,2017,Merchants / Shopkeepers,9,10,3,8,19.0,3.321
China,2017,Priesthood / Knowledge Workers,7,8,4,9,15.5,2.903
China,2017,Proletariat,4,3,9,2,-1.0,0.901
China,2017,Property Owners,1,1,9,1,-6.5,0.552
China,2017,State Memory,7,8,4,8,15.0,2.903
China,2017,Trades / Professions,8,10,3,8,19.0,3.250
China,2018,Army,9,9,5,5,15.5,2.506
China,2018,Executive,10,9,6,9,17.5,2.684
China,2018,Merchants / Shopkeepers,9,10,3,8,19.0,3.238
China,2018,Priesthood / Knowledge Workers,7,8,4,9,15.5,2.871
China,2018,Proletariat,4,3,9,2,-1.0,0.868
China,2018,Property Owners,1,1,9,1,-6.5,0.540
China,2018,State Memory,7,8,4,8,15.0,2.854
China,2018,Trades / Professions,8,10,3,8,19.0,3.167
China,2019,Army,9,9,5,5,15.5,2.370
China,2019,Executive,10,9,6,9,17.5,2.559
China,2019,Merchants / Shopkeepers,8,9,7,7,13.5,2.051
China,2019,Priesthood / Knowledge Workers,7,8,4,9,15.5,2.760
China,2019,Proletariat,4,3,9,2,-1.0,0.817
China,2019,Property Owners,1,1,9,1,-6.5,0.505
China,2019,State Memory,7,8,4,8,15.0,2.741
China,2019,Trades / Professions,8,9,6,8,15.0,2.446
China,2020,Army,9,9,5,5,15.5,2.227
China,2020,Executive,9,8,8,7,12.5,1.638
China,2020,Merchants / Shopkeepers,7,6,9,6,4.0,0.941
China,2020,Priesthood / Knowledge Workers,7,8,4,9,15.5,2.684
China,2020,Proletariat,4,3,9,2,-1.0,0.778
China,2020,Property Owners,1,1,9,1,-6.5,0.492
China,2020,State Memory,7,8,4,8,15.0,2.701
China,2020,Trades / Professions,8,9,6,8,15.0,2.370
China,2021,Army,9,9,5,5,15.5,2.193
China,2021,Executive,10,8,7,8,15.0,1.968
China,2021,Merchants / Shopkeepers,7,6,9,6,4.0,0.941
China,2021,Priesthood / Knowledge Workers,6,7,8,8,9.0,1.488
China,2021,Proletariat,4,3,9,2,-1.0,0.792
China,2021,Property Owners,1,1,9,1,-6.5,0.505
China,2021,State Memory,7,8,4,8,15.0,2.720
China,2021,Trades / Professions,8,9,6,8,15.0,2.370
China,2022,Army,9,9,5,5,15.5,2.051
China,2022,Executive,9,7,9,7,10.5,1.401
China,2022,Merchants / Shopkeepers,7,6,9,6,4.0,0.887
China,2022,Priesthood / Knowledge Workers,6,7,8,8,9.0,1.401
China,2022,Proletariat,4,3,9,2,-1.0,0.778
China,2022,Property Owners,1,1,9,1,-6.5,0.492
China,2022,State Memory,7,8,4,8,15.0,2.650
China,2022,Trades / Professions,8,9,6,8,15.0,2.296
China,2023,Army,9,9,5,5,15.5,2.650
China,2023,Executive,9,9,5,8,16.5,2.840
China,2023,Merchants / Shopkeepers,7,7,6,6,11.0,1.849
China,2023,Priesthood / Knowledge Workers,6,7,8,8,9.0,1.503
China,2023,Proletariat,4,3,9,2,-1.0,0.868
China,2023,Property Owners,1,1,9,1,-6.5,0.540
China,2023,State Memory,7,8,4,8,15.0,2.854
China,2023,Trades / Professions,8,9,6,8,15.0,2.684
China,2024,Army,10,9,5,7,17.5,2.787
China,2024,Executive,10,9,6,8,17.0,2.760
China,2024,Merchants / Shopkeepers,7,7,6,6,11.0,1.838
China,2024,Priesthood / Knowledge Workers,6,7,8,8,9.0,1.488
China,2024,Proletariat,4,3,9,2,-1.0,0.868
China,2024,Property Owners,1,1,9,1,-6.5,0.540
China,2024,State Memory,7,8,4,8,15.0,2.838
China,2024,Trades / Professions,8,9,6,8,15.0,2.668
China,2025,Army,10,9,5,7,17.5,2.787
China,2025,Executive,10,9,6,8,17.0,2.760
China,2025,Merchants / Shopkeepers,7,7,6,6,11.0,1.838
China,2025,Priesthood / Knowledge Workers,6,7,8,8,9.0,1.488
China,2025,Proletariat,4,3,9,2,-1.0,0.868
China,2025,Property Owners,1,1,9,1,-6.5,0.540
China,2025,State Memory,7,8,4,8,15.0,2.838
China,2025,Trades / Professions,8,9,6,8,15.0,2.668