,Year,Node,Coherence,Capacity,Stress,Abstraction,Node Value,Bond Strength
USA,1790,Executive,5.00,4,-3,4,10,7
USA,1790,Army,4.00,3,-2,3,8,5
USA,1790,Priests,6.00,5,-2,5,14,7
USA,1790,Property Owners,7.00,6,-1,6,18,7
USA,1790,Trades/Professions,4.00,3,-2,4,9,5
USA,1790,Proletariat,3.00,2,-3,2,4,5
USA,1790,State Memory,4.00,3,-1,4,10,4
USA,1790,Shopkeepers/Merchants,5.00,4,-2,5,12,6
USA,1800,Executive,6.00,5,-2,5,14,7
USA,1800,Army,4.00,4,-1,3,10,5
USA,1800,Priests,6.00,5,-2,5,14,7
USA,1800,Property Owners,7.00,6,-1,6,18,7
USA,1800,Trades/Professions,5.00,4,-1,4,12,5
USA,1800,Proletariat,3.00,3,-2,2,6,5
USA,1800,State Memory,5.00,4,-1,4,12,5
USA,1800,Shopkeepers/Merchants,6.00,5,-1,5,15,6
USA,1810,Executive,6.00,6,-2,5,15,8
USA,1810,Army,5.00,5,-1,4,13,6
USA,1810,Priests,6.00,5,-2,5,14,7
USA,1810,Property Owners,7.00,7,-1,6,19,8
USA,1810,Trades/Professions,5.00,5,-1,5,14,6
USA,1810,Proletariat,4.00,4,-2,3,9,6
USA,1810,State Memory,5.00,5,-1,5,14,6
USA,1810,Shopkeepers/Merchants,6.00,6,-1,5,16,7
USA,1820,Executive,7.00,6,-1,6,18,7
USA,1820,Army,5.00,5,-1,4,13,6
USA,1820,Priests,6.00,5,-2,5,14,7
USA,1820,Property Owners,8.00,7,0,7,22,7
USA,1820,Trades/Professions,6.00,6,-1,5,16,7
USA,1820,Proletariat,4.00,5,-2,3,10,7
USA,1820,State Memory,6.00,6,-1,5,16,7
USA,1820,Shopkeepers/Merchants,7.00,7,0,6,20,7
USA,1830,Executive,7.00,6,-1,6,18,7
USA,1830,Army,5.00,5,-1,4,13,6
USA,1830,Priests,6.00,5,-2,5,14,7
USA,1830,Property Owners,8.00,7,0,7,22,7
USA,1830,Trades/Professions,6.00,6,-1,5,16,7
USA,1830,Proletariat,4.00,5,-2,3,10,7
USA,1830,State Memory,6.00,6,-1,5,16,7
USA,1830,Shopkeepers/Merchants,7.00,7,0,6,20,7
USA,1840,Executive,7.00,6,-2,6,17,8
USA,1840,Army,5.00,5,-1,4,13,6
USA,1840,Priests,6.00,5,-2,5,14,7
USA,1840,Property Owners,8.00,8,0,7,23,8
USA,1840,Trades/Professions,6.00,6,-1,5,16,7
USA,1840,Proletariat,4.00,5,-2,3,10,7
USA,1840,State Memory,6.00,6,-1,5,16,7
USA,1840,Shopkeepers/Merchants,7.00,7,0,6,20,7
USA,1850,Executive,6.00,6,-3,5,14,9
USA,1850,Army,5.00,5,-1,4,13,6
USA,1850,Priests,6.00,5,-2,5,14,7
USA,1850,Property Owners,8.00,8,1,7,22,7
USA,1850,Trades/Professions,6.00,7,-1,6,18,8
USA,1850,Proletariat,4.00,6,-2,4,12,8
USA,1850,State Memory,6.00,6,-1,5,16,7
USA,1850,Shopkeepers/Merchants,7.00,8,1,6,20,7
USA,1860,Executive,5.00,5,-5,4,9,10
USA,1860,Army,6.00,6,-2,5,15,8
USA,1860,Priests,6.00,5,-2,5,14,7
USA,1860,Property Owners,8.00,8,2,7,21,6
USA,1860,Trades/Professions,7.00,7,-1,6,19,8
USA,1860,Proletariat,5.00,6,-2,4,13,8
USA,1860,State Memory,6.00,6,-1,5,16,7
USA,1860,Shopkeepers/Merchants,7.00,8,2,6,19,6
USA,1870,Executive,6.00,6,-3,5,14,9
USA,1870,Army,6.00,6,-2,5,15,8
USA,1870,Priests,6.00,5,-2,5,14,7
USA,1870,Property Owners,8.00,8,1,7,22,7
USA,1870,Trades/Professions,7.00,7,-1,6,19,8
USA,1870,Proletariat,5.00,6,-2,4,13,8
USA,1870,State Memory,6.00,6,-1,5,16,7
USA,1870,Shopkeepers/Merchants,7.00,8,1,6,20,7
USA,1880,Executive,6.00,7,-2,6,17,9
USA,1880,Army,6.00,6,-1,5,16,7
USA,1880,Priests,6.00,5,-1,5,15,6
USA,1880,Property Owners,8.00,9,1,7,23,8
USA,1880,Trades/Professions,7.00,8,-1,6,20,9
USA,1880,Proletariat,5.00,7,-2,4,14,9
USA,1880,State Memory,6.00,7,-1,6,18,8
USA,1880,Shopkeepers/Merchants,7.00,8,1,6,20,7
USA,1890,Executive,6.00,7,-1,6,18,8
USA,1890,Army,6.00,6,-1,5,16,7
USA,1890,Priests,6.00,5,-1,5,15,6
USA,1890,Property Owners,8.00,10,2,8,24,8
USA,1890,Trades/Professions,7.00,8,0,7,22,8
USA,1890,Proletariat,6.00,7,-1,5,17,8
USA,1890,State Memory,7.00,7,-1,6,19,8
USA,1890,Shopkeepers/Merchants,7.00,8,1,7,21,7
USA,1900,Executive,7.00,8,-1,7,21,9
USA,1900,Army,7.00,7,-1,6,19,8
USA,1900,Priests,6.00,5,-1,5,15,6
USA,1900,Property Owners,9.00,10,2,8,25,8
USA,1900,Trades/Professions,8.00,9,0,7,24,9
USA,1900,Proletariat,6.00,8,-1,5,18,9
USA,1900,State Memory,7.00,8,-1,7,21,9
USA,1900,Shopkeepers/Merchants,8.00,9,1,7,23,8
USA,1910,Executive,7.00,8,-1,7,21,9
USA,1910,Army,7.00,7,-1,6,19,8
USA,1910,Priests,6.00,5,-1,5,15,6
USA,1910,Property Owners,9.00,10,2,8,25,8
USA,1910,Trades/Professions,8.00,9,0,7,24,9
USA,1910,Proletariat,6.00,8,-1,5,18,9
USA,1910,State Memory,7.00,8,-1,7,21,9
USA,1910,Shopkeepers/Merchants,8.00,9,1,7,23,8
USA,1920,Executive,7.00,8,0,7,22,8
USA,1920,Army,8.00,8,-1,7,22,9
USA,1920,Priests,6.00,5,-1,5,15,6
USA,1920,Property Owners,9.00,10,1,8,26,9
USA,1920,Trades/Professions,8.00,9,0,8,25,9
USA,1920,Proletariat,7.00,8,0,6,21,8
USA,1920,State Memory,8.00,8,-1,8,23,9
USA,1920,Shopkeepers/Merchants,8.00,9,0,8,25,9
USA,1921,Executive,6.00,7,-5,6,14,12
USA,1921,Army,6.00,7,-4,5,14,11
USA,1921,Priests,7.00,5,-3,7,16,8
USA,1921,Property Owners,7.00,7,-3,6,17,10
USA,1921,Trades/Prof.,6.00,7,-4,6,15,11
USA,1921,Proletariat,5.00,5,-5,5,10,10
USA,1921,State Memory,7.00,6,-4,7,16,10
USA,1921,Shopkeepers,6.00,6,-5,5,12,11
USA,1922,Executive,6.00,7,-4,6,15,11
USA,1922,Army,6.00,7,-4,5,14,11
USA,1922,Priests,7.00,5,-3,7,16,8
USA,1922,Property Owners,7.00,7,-2,6,18,9
USA,1922,Trades/Prof.,6.00,7,-4,6,15,11
USA,1922,Proletariat,5.00,5,-5,5,10,10
USA,1922,State Memory,7.00,6,-4,7,16,10
USA,1922,Shopkeepers,6.00,6,-5,5,12,11
USA,1923,Executive,6.00,7,-4,6,15,11
USA,1923,Army,6.00,7,-4,5,14,11
USA,1923,Priests,7.00,5,-3,7,16,8
USA,1923,Property Owners,7.00,7,-2,6,18,9
USA,1923,Trades/Prof.,6.00,7,-4,6,15,11
USA,1923,Proletariat,5.00,5,-5,5,10,10
USA,1923,State Memory,7.00,6,-4,7,16,10
USA,1923,Shopkeepers,6.00,6,-5,5,12,11
USA,1924,Executive,7.00,7,-4,6,16,11
USA,1924,Army,6.00,7,-4,5,14,11
USA,1924,Priests,7.00,5,-3,7,16,8
USA,1924,Property Owners,8.00,7,-2,6,19,9
USA,1924,Trades/Prof.,7.00,7,-3,6,17,10
USA,1924,Proletariat,6.00,6,-4,5,13,10
USA,1924,State Memory,7.00,6,-4,7,16,10
USA,1924,Shopkeepers,7.00,6,-4,5,14,10
USA,1925,Executive,7.00,7,-4,6,16,11
USA,1925,Army,6.00,7,-4,5,14,11
USA,1925,Priests,7.00,5,-3,7,16,8
USA,1925,Property Owners,8.00,7,-2,6,19,9
USA,1925,Trades/Prof.,7.00,7,-3,6,17,10
USA,1925,Proletariat,6.00,6,-4,5,13,10
USA,1925,State Memory,7.00,6,-4,7,16,10
USA,1925,Shopkeepers,7.00,6,-4,5,14,10
USA,1926,Executive,7.00,7,-4,6,16,11
USA,1926,Army,6.00,7,-4,5,14,11
USA,1926,Priests,7.00,5,-3,7,16,8
USA,1926,Property Owners,8.00,7,-2,6,19,9
USA,1926,Trades/Prof.,7.00,7,-3,6,17,10
USA,1926,Proletariat,6.00,6,-4,5,13,10
USA,1926,State Memory,7.00,6,-4,7,16,10
USA,1926,Shopkeepers,7.00,6,-4,5,14,10
USA,1927,Executive,7.00,7,-4,6,16,11
USA,1927,Army,6.00,7,-4,5,14,11
USA,1927,Priests,7.00,5,-3,7,16,8
USA,1927,Property Owners,8.00,7,-2,6,19,9
USA,1927,Trades/Prof.,7.00,7,-3,6,17,10
USA,1927,Proletariat,6.00,6,-4,5,13,10
USA,1927,State Memory,7.00,6,-4,7,16,10
USA,1927,Shopkeepers,7.00,6,-4,5,14,10
USA,1928,Executive,7.00,7,-4,6,16,11
USA,1928,Army,6.00,7,-4,5,14,11
USA,1928,Priests,7.00,5,-3,7,16,8
USA,1928,Property Owners,8.00,7,-2,6,19,9
USA,1928,Trades/Prof.,7.00,7,-3,6,17,10
USA,1928,Proletariat,6.00,6,-4,5,13,10
USA,1928,State Memory,7.00,6,-4,7,16,10
USA,1928,Shopkeepers,7.00,6,-4,5,14,10
USA,1929,Executive,7.00,7,-4,6,16,11
USA,1929,Army,6.00,7,-4,5,14,11
USA,1929,Priests,7.00,5,-3,7,16,8
USA,1929,Property Owners,8.00,7,-2,6,19,9
USA,1929,Trades/Prof.,7.00,7,-3,6,17,10
USA,1929,Proletariat,6.00,6,-4,5,13,10
USA,1929,State Memory,7.00,6,-4,7,16,10
USA,1929,Shopkeepers,7.00,6,-4,5,14,10
USA,1930,Executive,6.00,6,-5,6,13,11
USA,1930,Army,6.00,7,-4,5,14,11
USA,1930,Priests,7.00,5,-3,7,16,8
USA,1930,Property Owners,7.00,7,-3,6,17,10
USA,1930,Trades/Prof.,6.00,7,-4,6,15,11
USA,1930,Proletariat,5.00,5,-5,5,10,10
USA,1930,State Memory,7.00,6,-5,7,15,11
USA,1930,Shopkeepers,6.00,6,-6,5,11,12
USA,1930,Executive,7.00,8,-2,7,20,10
USA,1930,Army,7.00,7,-1,6,19,8
USA,1930,Priests,6.00,5,-1,5,15,6
USA,1930,Property Owners,8.00,8,3,7,22,5
USA,1930,Trades/Professions,7.00,8,1,7,21,7
USA,1930,Proletariat,6.00,7,1,5,18,6
USA,1930,State Memory,7.00,8,-1,7,21,9
USA,1930,Shopkeepers/Merchants,7.00,8,2,7,20,6
USA,1931,Executive,4.00,5,-8,5,6,13
USA,1931,Army,5.00,6,-7,4,8,13
USA,1931,Priests,6.00,5,-4,7,14,9
USA,1931,Property Owners,5.00,6,-7,6,10,13
USA,1931,Trades/Prof.,5.00,6,-6,6,11,12
USA,1931,Proletariat,4.00,4,-7,5,6,11
USA,1931,State Memory,6.00,6,-6,7,13,12
USA,1931,Shopkeepers,5.00,5,-7,5,8,12
USA,1932,Executive,5.00,6,-7,6,10,13
USA,1932,Army,5.00,6,-6,4,9,12
USA,1932,Priests,6.00,5,-4,7,14,9
USA,1932,Property Owners,5.00,6,-6,6,11,12
USA,1932,Trades/Prof.,5.00,6,-5,6,12,11
USA,1932,Proletariat,4.00,4,-6,5,7,10
USA,1932,State Memory,6.00,6,-5,7,14,11
USA,1932,Shopkeepers,5.00,5,-6,5,9,11
USA,1933,Executive,6.00,7,-6,7,14,13
USA,1933,Army,6.00,7,-5,5,13,12
USA,1933,Priests,6.00,5,-4,7,14,9
USA,1933,Property Owners,6.00,6,-5,6,13,11
USA,1933,Trades/Prof.,6.00,7,-4,6,15,11
USA,1933,Proletariat,5.00,5,-6,5,9,11
USA,1933,State Memory,7.00,6,-5,7,15,11
USA,1933,Shopkeepers,6.00,6,-6,5,11,12
USA,1934,Executive,6.00,7,-6,6,13,13
USA,1934,Army,6.00,7,-5,5,13,12
USA,1934,Priests,6.00,5,-4,7,14,9
USA,1934,Property Owners,6.00,6,-4,6,14,10
USA,1934,Trades/Prof.,6.00,7,-4,6,15,11
USA,1934,Proletariat,5.00,5,-5,5,10,10
USA,1934,State Memory,7.00,6,-5,7,15,11
USA,1934,Shopkeepers,6.00,6,-5,5,12,11
USA,1935,Executive,7.00,8,-5,7,17,13
USA,1935,Army,6.00,7,-4,5,14,11
USA,1935,Priests,6.00,5,-3,7,15,8
USA,1935,Property Owners,7.00,7,-3,6,17,10
USA,1935,Trades/Prof.,7.00,7,-3,6,17,10
USA,1935,Proletariat,6.00,6,-4,5,13,10
USA,1935,State Memory,7.00,6,-4,7,16,10
USA,1935,Shopkeepers,7.00,6,-4,5,14,10
USA,1936,Executive,7.00,8,-5,7,17,13
USA,1936,Army,6.00,7,-4,5,14,11
USA,1936,Priests,6.00,5,-3,7,15,8
USA,1936,Property Owners,7.00,7,-3,6,17,10
USA,1936,Trades/Prof.,7.00,7,-3,6,17,10
USA,1936,Proletariat,6.00,6,-4,5,13,10
USA,1936,State Memory,7.00,6,-4,7,16,10
USA,1936,Shopkeepers,7.00,6,-4,5,14,10
USA,1937,Executive,7.00,8,-4,7,18,12
USA,1937,Army,6.00,7,-4,5,14,11
USA,1937,Priests,6.00,5,-3,7,15,8
USA,1937,Property Owners,7.00,7,-3,6,17,10
USA,1937,Trades/Prof.,7.00,7,-3,6,17,10
USA,1937,Proletariat,6.00,6,-5,5,12,11
USA,1937,State Memory,7.00,6,-4,7,16,10
USA,1937,Shopkeepers,7.00,6,-5,5,13,11
USA,1938,Executive,7.00,8,-4,7,18,12
USA,1938,Army,6.00,7,-4,5,14,11
USA,1938,Priests,6.00,5,-3,7,15,8
USA,1938,Property Owners,7.00,7,-3,6,17,10
USA,1938,Trades/Prof.,7.00,7,-3,6,17,10
USA,1938,Proletariat,6.00,6,-5,5,12,11
USA,1938,State Memory,7.00,6,-4,7,16,10
USA,1938,Shopkeepers,7.00,6,-5,5,13,11
USA,1939,Executive,7.00,8,-4,7,18,12
USA,1939,Army,6.00,7,-5,5,13,12
USA,1939,Priests,6.00,5,-3,7,15,8
USA,1939,Property Owners,7.00,7,-3,6,17,10
USA,1939,Trades/Prof.,7.00,7,-3,6,17,10
USA,1939,Proletariat,6.00,6,-5,5,12,11
USA,1939,State Memory,7.00,6,-4,7,16,10
USA,1939,Shopkeepers,7.00,6,-5,5,13,11
USA,1940,Executive,7.00,8,-4,7,18,12
USA,1940,Army,7.00,8,-5,5,15,13
USA,1940,Priests,6.00,5,-3,7,15,8
USA,1940,Property Owners,7.00,7,-3,6,17,10
USA,1940,Trades/Prof.,7.00,7,-3,6,17,10
USA,1940,Proletariat,6.00,6,-5,5,12,11
USA,1940,State Memory,7.00,6,-4,7,16,10
USA,1940,Shopkeepers,7.00,6,-5,5,13,11
USA,1940,Executive,8.00,9,-2,8,23,11
USA,1940,Army,8.00,8,-1,7,22,9
USA,1940,Priests,6.00,5,-1,5,15,6
USA,1940,Property Owners,8.00,9,2,8,23,7
USA,1940,Trades/Professions,8.00,9,0,8,25,9
USA,1940,Proletariat,7.00,8,0,6,21,8
USA,1940,State Memory,8.00,9,-1,8,24,10
USA,1940,Shopkeepers/Merchants,8.00,9,1,8,24,8
USA,1941,Executive,8.00,9,-7,8,18,16
USA,1941,Army,6.00,7,-6,5,12,13
USA,1941,Priests,7.00,5,-3,7,16,8
USA,1941,Property Owners,7.00,7,-4,6,16,11
USA,1941,Trades/Prof.,6.00,7,-4,6,15,11
USA,1941,Proletariat,6.00,6,-5,5,12,11
USA,1941,State Memory,7.00,6,-4,7,16,10
USA,1941,Shopkeepers,6.00,6,-5,5,12,11
USA,1942,Executive,9.00,9,-6,8,20,15
USA,1942,Army,7.00,8,-5,6,16,13
USA,1942,Priests,7.00,5,-2,7,17,7
USA,1942,Property Owners,7.00,7,-3,6,17,10
USA,1942,Trades/Prof.,7.00,7,-3,6,17,10
USA,1942,Proletariat,7.00,7,-4,5,15,11
USA,1942,State Memory,8.00,6,-3,7,18,9
USA,1942,Shopkeepers,7.00,6,-4,5,14,10
USA,1943,Executive,9.00,9,-6,8,20,15
USA,1943,Army,8.00,9,-5,6,18,14
USA,1943,Priests,7.00,5,-2,7,17,7
USA,1943,Property Owners,7.00,7,-3,6,17,10
USA,1943,Trades/Prof.,7.00,7,-3,6,17,10
USA,1943,Proletariat,7.00,7,-4,5,15,11
USA,1943,State Memory,8.00,6,-3,7,18,9
USA,1943,Shopkeepers,7.00,6,-4,5,14,10
USA,1944,Executive,9.00,9,-5,8,21,14
USA,1944,Army,8.00,9,-4,6,19,13
USA,1944,Priests,7.00,5,-2,7,17,7
USA,1944,Property Owners,8.00,7,-2,6,19,9
USA,1944,Trades/Prof.,7.00,7,-2,6,18,9
USA,1944,Proletariat,7.00,7,-3,5,16,10
USA,1944,State Memory,8.00,6,-3,7,18,9
USA,1944,Shopkeepers,7.00,6,-3,5,15,9
USA,1945,Executive,9.00,9,-5,8,21,14
USA,1945,Army,9.00,9,-4,7,21,13
USA,1945,Priests,7.00,5,-2,7,17,7
USA,1945,Property Owners,8.00,7,-2,6,19,9
USA,1945,Trades/Prof.,7.00,7,-2,6,18,9
USA,1945,Proletariat,7.00,7,-3,5,16,10
USA,1945,State Memory,8.00,6,-2,7,19,8
USA,1945,Shopkeepers,7.00,6,-3,5,15,9
USA,1946,Executive,9.00,9,-5,8,21,14
USA,1946,Army,8.00,8,-5,6,17,13
USA,1946,Priests,7.00,5,-2,7,17,7
USA,1946,Property Owners,8.00,7,-2,6,19,9
USA,1946,Trades/Prof.,7.00,7,-2,6,18,9
USA,1946,Proletariat,7.00,7,-3,5,16,10
USA,1946,State Memory,8.00,6,-3,7,18,9
USA,1946,Shopkeepers,7.00,6,-3,5,15,9
USA,1947,Executive,8.00,8,-4,7,19,12
USA,1947,Army,7.00,7,-5,6,15,12
USA,1947,Priests,7.00,5,-2,7,17,7
USA,1947,Property Owners,8.00,7,-2,6,19,9
USA,1947,Trades/Prof.,7.00,7,-3,6,17,10
USA,1947,Proletariat,6.00,6,-4,5,13,10
USA,1947,State Memory,7.00,6,-3,7,17,9
USA,1947,Shopkeepers,7.00,6,-4,5,14,10
USA,1948,Executive,8.00,8,-4,7,19,12
USA,1948,Army,7.00,7,-5,6,15,12
USA,1948,Priests,7.00,5,-2,7,17,7
USA,1948,Property Owners,8.00,7,-2,6,19,9
USA,1948,Trades/Prof.,7.00,7,-3,6,17,10
USA,1948,Proletariat,6.00,6,-4,5,13,10
USA,1948,State Memory,7.00,6,-3,7,17,9
USA,1948,Shopkeepers,7.00,6,-4,5,14,10
USA,1949,Executive,8.00,8,-4,7,19,12
USA,1949,Army,7.00,7,-5,6,15,12
USA,1949,Priests,7.00,5,-2,7,17,7
USA,1949,Property Owners,8.00,7,-2,6,19,9
USA,1949,Trades/Prof.,7.00,7,-3,6,17,10
USA,1949,Proletariat,6.00,6,-4,5,13,10
USA,1949,State Memory,7.00,6,-3,7,17,9
USA,1949,Shopkeepers,7.00,6,-4,5,14,10
USA,1950,Executive,8.00,8,-4,7,19,12
USA,1950,Army,7.00,7,-5,6,15,12
USA,1950,Priests,7.00,5,-2,7,17,7
USA,1950,Property Owners,8.00,7,-2,6,19,9
USA,1950,Trades/Prof.,7.00,7,-3,6,17,10
USA,1950,Proletariat,6.00,6,-4,5,13,10
USA,1950,State Memory,7.00,6,-3,7,17,9
USA,1950,Shopkeepers,7.00,6,-4,5,14,10
USA,1950,Executive,8.00,8,-4,7,19,12
USA,1950,Army,7.00,7,-5,6,15,12
USA,1950,Priests,7.00,5,-2,7,17,7
USA,1950,Property Owners,8.00,7,-2,6,19,9
USA,1950,Trades/Prof.,7.00,7,-3,6,17,10
USA,1950,Proletariat,6.00,6,-4,5,13,10
USA,1950,State Memory,7.00,6,-3,7,17,9
USA,1950,Shopkeepers,7.00,6,-4,5,14,10
USA,1950,Executive,8.00,9,-2,8,23,11
USA,1950,Army,8.00,8,-1,7,22,9
USA,1950,Priests,6.00,5,-1,5,15,6
USA,1950,Property Owners,8.00,9,2,8,23,7
USA,1950,Trades/Professions,8.00,9,0,8,25,9
USA,1950,Proletariat,7.00,8,0,6,21,8
USA,1950,State Memory,8.00,9,-1,8,24,10
USA,1950,Shopkeepers/Merchants,8.00,9,1,8,24,8
USA,1951,Executive,8.00,8,-4,7,19,12
USA,1951,Army,8.00,8,-3,6,19,11
USA,1951,Priests,7.00,5,-2,7,17,7
USA,1951,Property Owners,8.00,7,-2,6,19,9
USA,1951,Trades/Prof.,7.00,7,-2,6,18,9
USA,1951,Proletariat,7.00,6,-3,5,15,9
USA,1951,State Memory,8.00,6,-3,7,18,9
USA,1951,Shopkeepers,7.00,6,-3,5,15,9
USA,1952,Executive,8.00,8,-4,7,19,12
USA,1952,Army,7.00,7,-4,6,16,11
USA,1952,Priests,7.00,5,-2,7,17,7
USA,1952,Property Owners,8.00,7,-2,6,19,9
USA,1952,Trades/Prof.,7.00,7,-2,6,18,9
USA,1952,Proletariat,7.00,6,-3,5,15,9
USA,1952,State Memory,8.00,6,-3,7,18,9
USA,1952,Shopkeepers,7.00,6,-3,5,15,9
USA,1953,Executive,8.00,8,-4,7,19,12
USA,1953,Army,8.00,8,-3,6,19,11
USA,1953,Priests,7.00,5,-2,7,17,7
USA,1953,Property Owners,8.00,7,-2,6,19,9
USA,1953,Trades/Prof.,7.00,7,-2,6,18,9
USA,1953,Proletariat,7.00,6,-3,5,15,9
USA,1953,State Memory,8.00,6,-3,7,18,9
USA,1953,Shopkeepers,7.00,6,-3,5,15,9
USA,1954,Executive,8.00,8,-4,7,19,12
USA,1954,Army,7.00,7,-4,6,16,11
USA,1954,Priests,7.00,5,-2,7,17,7
USA,1954,Property Owners,8.00,7,-2,6,19,9
USA,1954,Trades/Prof.,7.00,7,-3,6,17,10
USA,1954,Proletariat,6.00,6,-4,5,13,10
USA,1954,State Memory,7.00,6,-4,7,16,10
USA,1954,Shopkeepers,7.00,6,-4,5,14,10
USA,1955,Executive,8.00,8,-4,7,19,12
USA,1955,Army,7.00,7,-4,6,16,11
USA,1955,Priests,7.00,5,-2,7,17,7
USA,1955,Property Owners,8.00,7,-2,6,19,9
USA,1955,Trades/Prof.,7.00,7,-3,6,17,10
USA,1955,Proletariat,6.00,6,-4,5,13,10
USA,1955,State Memory,7.00,6,-4,7,16,10
USA,1955,Shopkeepers,7.00,6,-4,5,14,10
USA,1956,Executive,8.00,8,-4,7,19,12
USA,1956,Army,7.00,7,-4,6,16,11
USA,1956,Priests,7.00,5,-2,7,17,7
USA,1956,Property Owners,8.00,7,-2,6,19,9
USA,1956,Trades/Prof.,7.00,7,-3,6,17,10
USA,1956,Proletariat,6.00,6,-4,5,13,10
USA,1956,State Memory,7.00,6,-4,7,16,10
USA,1956,Shopkeepers,7.00,6,-4,5,14,10
USA,1957,Executive,8.00,8,-4,7,19,12
USA,1957,Army,7.00,7,-4,6,16,11
USA,1957,Priests,7.00,5,-2,7,17,7
USA,1957,Property Owners,8.00,7,-2,6,19,9
USA,1957,Trades/Prof.,7.00,7,-3,6,17,10
USA,1957,Proletariat,6.00,6,-4,5,13,10
USA,1957,State Memory,7.00,6,-4,7,16,10
USA,1957,Shopkeepers,7.00,6,-4,5,14,10
USA,1958,Executive,8.00,8,-4,7,19,12
USA,1958,Army,7.00,7,-4,6,16,11
USA,1958,Priests,7.00,5,-2,7,17,7
USA,1958,Property Owners,8.00,7,-2,6,19,9
USA,1958,Trades/Prof.,7.00,7,-3,6,17,10
USA,1958,Proletariat,6.00,6,-4,5,13,10
USA,1958,State Memory,7.00,6,-4,7,16,10
USA,1958,Shopkeepers,7.00,6,-4,5,14,10
USA,1959,Executive,8.00,8,-4,7,19,12
USA,1959,Army,7.00,7,-4,6,16,11
USA,1959,Priests,7.00,5,-2,7,17,7
USA,1959,Property Owners,8.00,7,-2,6,19,9
USA,1959,Trades/Prof.,7.00,7,-3,6,17,10
USA,1959,Proletariat,6.00,6,-4,5,13,10
USA,1959,State Memory,7.00,6,-4,7,16,10
USA,1959,Shopkeepers,7.00,6,-4,5,14,10
USA,1960,Executive,7.00,8,-5,7,17,13
USA,1960,Army,7.00,8,-4,6,17,12
USA,1960,Priests,7.00,5,-3,7,16,8
USA,1960,Property Owners,8.00,7,-2,6,19,9
USA,1960,Trades/Prof.,7.00,7,-3,6,17,10
USA,1960,Proletariat,6.00,6,-4,5,13,10
USA,1960,State Memory,7.00,6,-3,7,17,9
USA,1960,Shopkeepers,7.00,6,-3,5,15,9
USA,1960,Executive,8.00,9,-1,8,24,10
USA,1960,Army,8.00,8,0,7,23,8
USA,1960,Priests,7.00,6,-1,6,18,7
USA,1960,Property Owners,9.00,10,1,9,27,9
USA,1960,Trades/Professions,9.00,10,0,9,28,10
USA,1960,Proletariat,7.00,9,0,7,23,9
USA,1960,State Memory,8.00,9,-1,8,24,10
USA,1960,Shopkeepers/Merchants,8.00,10,0,8,26,10
USA,1961,Executive,7.00,8,-5,7,17,13
USA,1961,Army,7.00,8,-4,6,17,12
USA,1961,Priests,7.00,5,-3,7,16,8
USA,1961,Property Owners,8.00,7,-2,6,19,9
USA,1961,Trades/Prof.,7.00,7,-3,6,17,10
USA,1961,Proletariat,6.00,6,-4,5,13,10
USA,1961,State Memory,7.00,6,-3,7,17,9
USA,1961,Shopkeepers,7.00,6,-3,5,15,9
USA,1962,Executive,7.00,8,-6,7,16,14
USA,1962,Army,7.00,8,-5,6,16,13
USA,1962,Priests,7.00,5,-3,7,16,8
USA,1962,Property Owners,8.00,7,-2,6,19,9
USA,1962,Trades/Prof.,7.00,7,-3,6,17,10
USA,1962,Proletariat,6.00,6,-5,5,12,11
USA,1962,State Memory,7.00,6,-4,7,16,10
USA,1962,Shopkeepers,7.00,6,-4,5,14,10
USA,1963,Executive,7.00,8,-6,7,16,14
USA,1963,Army,7.00,8,-5,6,16,13
USA,1963,Priests,7.00,5,-3,7,16,8
USA,1963,Property Owners,8.00,7,-2,6,19,9
USA,1963,Trades/Prof.,7.00,7,-3,6,17,10
USA,1963,Proletariat,6.00,6,-5,5,12,11
USA,1963,State Memory,7.00,6,-4,7,16,10
USA,1963,Shopkeepers,7.00,6,-4,5,14,10
USA,1964,Executive,6.00,7,-7,6,12,14
USA,1964,Army,7.00,8,-6,6,15,14
USA,1964,Priests,7.00,5,-4,7,15,9
USA,1964,Property Owners,7.00,7,-3,6,17,10
USA,1964,Trades/Prof.,6.00,7,-4,6,15,11
USA,1964,Proletariat,5.00,5,-6,5,9,11
USA,1964,State Memory,7.00,6,-5,7,15,11
USA,1964,Shopkeepers,6.00,6,-5,5,12,11
USA,1965,Executive,6.00,7,-7,6,12,14
USA,1965,Army,7.00,8,-6,6,15,14
USA,1965,Priests,7.00,5,-4,7,15,9
USA,1965,Property Owners,7.00,7,-3,6,17,10
USA,1965,Trades/Prof.,6.00,7,-4,6,15,11
USA,1965,Proletariat,5.00,5,-6,5,9,11
USA,1965,State Memory,7.00,6,-5,7,15,11
USA,1965,Shopkeepers,6.00,6,-5,5,12,11
USA,1966,Executive,5.00,6,-8,6,9,14
USA,1966,Army,6.00,7,-7,5,11,14
USA,1966,Priests,6.00,5,-5,7,13,10
USA,1966,Property Owners,7.00,7,-4,6,16,11
USA,1966,Trades/Prof.,6.00,7,-4,6,15,11
USA,1966,Proletariat,4.00,4,-7,5,6,11
USA,1966,State Memory,6.00,6,-6,7,13,12
USA,1966,Shopkeepers,6.00,6,-5,5,12,11
USA,1967,Executive,5.00,6,-8,6,9,14
USA,1967,Army,6.00,7,-7,5,11,14
USA,1967,Priests,6.00,5,-5,7,13,10
USA,1967,Property Owners,7.00,7,-4,6,16,11
USA,1967,Trades/Prof.,6.00,7,-4,6,15,11
USA,1967,Proletariat,4.00,4,-7,5,6,11
USA,1967,State Memory,6.00,6,-6,7,13,12
USA,1967,Shopkeepers,6.00,6,-5,5,12,11
USA,1968,Executive,5.00,6,-8,5,8,14
USA,1968,Army,5.00,6,-8,4,7,14
USA,1968,Priests,6.00,5,-5,7,13,10
USA,1968,Property Owners,7.00,7,-4,6,16,11
USA,1968,Trades/Prof.,6.00,7,-3,6,16,10
USA,1968,Proletariat,4.00,4,-7,5,6,11
USA,1968,State Memory,6.00,6,-5,7,14,11
USA,1968,Shopkeepers,6.00,6,-4,5,13,10
USA,1969,Executive,5.00,6,-8,5,8,14
USA,1969,Army,5.00,6,-8,4,7,14
USA,1969,Priests,6.00,5,-5,7,13,10
USA,1969,Property Owners,7.00,7,-4,6,16,11
USA,1969,Trades/Prof.,6.00,7,-3,6,16,10
USA,1969,Proletariat,4.00,4,-7,5,6,11
USA,1969,State Memory,6.00,6,-5,7,14,11
USA,1969,Shopkeepers,6.00,6,-4,5,13,10
USA,1970,Executive,5.00,6,-7,6,10,13
USA,1970,Army,5.00,6,-8,5,8,14
USA,1970,Priests,6.00,5,-5,7,13,10
USA,1970,Property Owners,7.00,7,-4,6,16,11
USA,1970,Trades/Prof.,6.00,7,-4,6,15,11
USA,1970,Proletariat,5.00,5,-6,5,9,11
USA,1970,State Memory,6.00,6,-5,7,14,11
USA,1970,Shopkeepers,6.00,6,-5,5,12,11
USA,1970,Executive,7.00,8,-1,8,22,9
USA,1970,Army,8.00,7,1,7,21,6
USA,1970,Priests,7.00,6,-1,6,18,7
USA,1970,Property Owners,9.00,10,2,9,26,8
USA,1970,Trades/Professions,9.00,10,0,9,28,10
USA,1970,Proletariat,7.00,9,1,7,23,8
USA,1970,State Memory,8.00,9,0,8,25,9
USA,1970,Shopkeepers/Merchants,8.00,10,1,8,25,9
USA,1971,Executive,5.00,6,-7,6,10,13
USA,1971,Army,5.00,6,-8,5,8,14
USA,1971,Priests,6.00,5,-5,7,13,10
USA,1971,Property Owners,7.00,7,-4,6,16,11
USA,1971,Trades/Prof.,6.00,7,-4,6,15,11
USA,1971,Proletariat,5.00,5,-6,5,9,11
USA,1971,State Memory,6.00,6,-5,7,14,11
USA,1971,Shopkeepers,6.00,6,-5,5,12,11
USA,1972,Executive,4.00,5,-8,5,6,13
USA,1972,Army,4.00,5,-9,4,4,14
USA,1972,Priests,6.00,5,-5,7,13,10
USA,1972,Property Owners,7.00,7,-5,6,15,12
USA,1972,Trades/Prof.,6.00,7,-4,6,15,11
USA,1972,Proletariat,4.00,4,-7,5,6,11
USA,1972,State Memory,6.00,6,-6,7,13,12
USA,1972,Shopkeepers,6.00,6,-5,5,12,11
USA,1973,Executive,4.00,5,-8,5,6,13
USA,1973,Army,4.00,5,-9,4,4,14
USA,1973,Priests,6.00,5,-5,7,13,10
USA,1973,Property Owners,7.00,7,-5,6,15,12
USA,1973,Trades/Prof.,6.00,7,-4,6,15,11
USA,1973,Proletariat,4.00,4,-7,5,6,11
USA,1973,State Memory,6.00,6,-6,7,13,12
USA,1973,Shopkeepers,6.00,6,-5,5,12,11
USA,1974,Executive,4.00,5,-9,5,5,14
USA,1974,Army,4.00,5,-10,4,3,15
USA,1974,Priests,6.00,5,-5,7,13,10
USA,1974,Property Owners,6.00,6,-6,6,12,12
USA,1974,Trades/Prof.,6.00,7,-4,6,15,11
USA,1974,Proletariat,4.00,4,-8,5,5,12
USA,1974,State Memory,6.00,6,-7,7,12,13
USA,1974,Shopkeepers,5.00,6,-6,5,10,12
USA,1975,Executive,4.00,5,-9,5,5,14
USA,1975,Army,4.00,5,-10,4,3,15
USA,1975,Priests,6.00,5,-5,7,13,10
USA,1975,Property Owners,6.00,6,-6,6,12,12
USA,1975,Trades/Prof.,6.00,7,-4,6,15,11
USA,1975,Proletariat,4.00,4,-8,5,5,12
USA,1975,State Memory,6.00,6,-7,7,12,13
USA,1975,Shopkeepers,5.00,6,-6,5,10,12
USA,1976,Executive,5.00,6,-8,6,9,14
USA,1976,Army,5.00,6,-9,4,6,15
USA,1976,Priests,6.00,5,-4,7,14,9
USA,1976,Property Owners,7.00,7,-4,6,16,11
USA,1976,Trades/Prof.,6.00,7,-3,6,16,10
USA,1976,Proletariat,5.00,5,-7,5,8,12
USA,1976,State Memory,6.00,6,-6,7,13,12
USA,1976,Shopkeepers,6.00,6,-5,5,12,11
USA,1977,Executive,5.00,6,-8,6,9,14
USA,1977,Army,5.00,6,-9,4,6,15
USA,1977,Priests,6.00,5,-4,7,14,9
USA,1977,Property Owners,7.00,7,-4,6,16,11
USA,1977,Trades/Prof.,6.00,7,-3,6,16,10
USA,1977,Proletariat,5.00,5,-7,5,8,12
USA,1977,State Memory,6.00,6,-6,7,13,12
USA,1977,Shopkeepers,6.00,6,-5,5,12,11
USA,1978,Executive,5.00,6,-8,6,9,14
USA,1978,Army,5.00,6,-8,4,7,14
USA,1978,Priests,6.00,5,-4,7,14,9
USA,1978,Property Owners,7.00,7,-4,6,16,11
USA,1978,Trades/Prof.,6.00,7,-3,6,16,10
USA,1978,Proletariat,5.00,5,-6,5,9,11
USA,1978,State Memory,6.00,6,-5,7,14,11
USA,1978,Shopkeepers,6.00,6,-4,5,13,10
USA,1979,Executive,5.00,6,-8,6,9,14
USA,1979,Army,5.00,6,-8,4,7,14
USA,1979,Priests,6.00,5,-4,7,14,9
USA,1979,Property Owners,7.00,7,-4,6,16,11
USA,1979,Trades/Prof.,6.00,7,-3,6,16,10
USA,1979,Proletariat,5.00,5,-6,5,9,11
USA,1979,State Memory,6.00,6,-5,7,14,11
USA,1979,Shopkeepers,6.00,6,-4,5,13,10
USA,1980,Executive,6.00,7,-7,6,12,14
USA,1980,Army,5.00,6,-7,5,9,13
USA,1980,Priests,7.00,5,-3,7,16,8
USA,1980,Property Owners,8.00,7,-3,6,18,10
USA,1980,Trades/Prof.,6.00,7,-4,6,15,11
USA,1980,Proletariat,5.00,5,-5,5,10,10
USA,1980,State Memory,7.00,6,-4,7,16,10
USA,1980,Shopkeepers,6.00,6,-4,5,13,10
USA,1980,Executive,7.00,8,0,8,23,8
USA,1980,Army,7.00,7,1,7,21,6
USA,1980,Priests,7.00,6,0,6,19,6
USA,1980,Property Owners,9.00,10,2,9,26,8
USA,1980,Trades/Professions,9.00,10,1,9,27,9
USA,1980,Proletariat,7.00,8,1,7,22,7
USA,1980,State Memory,8.00,9,1,8,25,8
USA,1980,Shopkeepers/Merchants,8.00,10,1,8,25,9
USA,1981,Executive,7.00,8,-6,6,15,14
USA,1981,Army,6.00,7,-5,5,13,12
USA,1981,Priests,7.00,5,-3,7,16,8
USA,1981,Property Owners,8.00,7,-3,6,18,10
USA,1981,Trades/Prof.,6.00,7,-4,6,15,11
USA,1981,Proletariat,5.00,5,-5,5,10,10
USA,1981,State Memory,7.00,6,-4,7,16,10
USA,1981,Shopkeepers,6.00,6,-4,5,13,10
USA,1982,Executive,7.00,8,-5,6,16,13
USA,1982,Army,6.00,7,-4,5,14,11
USA,1982,Priests,7.00,5,-3,7,16,8
USA,1982,Property Owners,8.00,7,-2,6,19,9
USA,1982,Trades/Prof.,6.00,7,-4,6,15,11
USA,1982,Proletariat,5.00,5,-5,5,10,10
USA,1982,State Memory,7.00,6,-4,7,16,10
USA,1982,Shopkeepers,6.00,6,-4,5,13,10
USA,1983,Executive,7.00,8,-5,6,16,13
USA,1983,Army,6.00,7,-4,5,14,11
USA,1983,Priests,7.00,5,-3,7,16,8
USA,1983,Property Owners,8.00,7,-2,6,19,9
USA,1983,Trades/Prof.,6.00,7,-4,6,15,11
USA,1983,Proletariat,5.00,5,-5,5,10,10
USA,1983,State Memory,7.00,6,-4,7,16,10
USA,1983,Shopkeepers,6.00,6,-4,5,13,10
USA,1984,Executive,7.00,8,-4,6,17,12
USA,1984,Army,6.00,7,-4,5,14,11
USA,1984,Priests,7.00,5,-3,7,16,8
USA,1984,Property Owners,8.00,7,-2,6,19,9
USA,1984,Trades/Prof.,6.00,7,-4,6,15,11
USA,1984,Proletariat,5.00,5,-5,5,10,10
USA,1984,State Memory,7.00,6,-4,7,16,10
USA,1984,Shopkeepers,6.00,6,-4,5,13,10
USA,1985,Executive,7.00,8,-4,6,17,12
USA,1985,Army,6.00,7,-4,5,14,11
USA,1985,Priests,7.00,5,-3,7,16,8
USA,1985,Property Owners,8.00,7,-2,6,19,9
USA,1985,Trades/Prof.,6.00,7,-4,6,15,11
USA,1985,Proletariat,5.00,5,-5,5,10,10
USA,1985,State Memory,7.00,6,-4,7,16,10
USA,1985,Shopkeepers,6.00,6,-4,5,13,10
USA,1986,Executive,7.00,8,-4,6,17,12
USA,1986,Army,6.00,7,-4,5,14,11
USA,1986,Priests,7.00,5,-3,7,16,8
USA,1986,Property Owners,8.00,7,-2,6,19,9
USA,1986,Trades/Prof.,6.00,7,-4,6,15,11
USA,1986,Proletariat,5.00,5,-5,5,10,10
USA,1986,State Memory,7.00,6,-4,7,16,10
USA,1986,Shopkeepers,6.00,6,-4,5,13,10
USA,1987,Executive,7.00,7,-4,6,16,11
USA,1987,Army,6.00,7,-5,5,13,12
USA,1987,Priests,7.00,5,-3,7,16,8
USA,1987,Property Owners,8.00,7,-2,6,19,9
USA,1987,Trades/Prof.,6.00,7,-4,6,15,11
USA,1987,Proletariat,5.00,5,-6,5,9,11
USA,1987,State Memory,7.00,6,-4,7,16,10
USA,1987,Shopkeepers,6.00,6,-4,5,13,10
USA,1988,Executive,7.00,7,-4,6,16,11
USA,1988,Army,6.00,7,-5,5,13,12
USA,1988,Priests,7.00,5,-3,7,16,8
USA,1988,Property Owners,8.00,7,-2,6,19,9
USA,1988,Trades/Prof.,6.00,7,-4,6,15,11
USA,1988,Proletariat,5.00,5,-6,5,9,11
USA,1988,State Memory,7.00,6,-4,7,16,10
USA,1988,Shopkeepers,6.00,6,-4,5,13,10
USA,1989,Executive,7.00,7,-4,6,16,11
USA,1989,Army,6.00,7,-5,5,13,12
USA,1989,Priests,7.00,5,-3,7,16,8
USA,1989,Property Owners,8.00,7,-2,6,19,9
USA,1989,Trades/Prof.,6.00,7,-4,6,15,11
USA,1989,Proletariat,5.00,5,-5,5,10,10
USA,1989,State Memory,7.00,6,-4,7,16,10
USA,1989,Shopkeepers,6.00,6,-4,5,13,10
USA,1990,Executive,7.00,7,-4,6,16,11
USA,1990,Army,6.00,7,-5,5,13,12
USA,1990,Priests,7.00,5,-3,7,16,8
USA,1990,Property Owners,8.00,7,-2,6,19,9
USA,1990,Trades/Prof.,6.00,7,-4,6,15,11
USA,1990,Proletariat,5.00,5,-5,5,10,10
USA,1990,State Memory,7.00,6,-4,7,16,10
USA,1990,Shopkeepers,6.00,6,-4,5,13,10
USA,1990,Executive,7.00,8,0,8,23,8
USA,1990,Army,7.00,7,0,7,21,7
USA,1990,Priests,7.00,6,0,6,19,6
USA,1990,Property Owners,9.00,10,2,9,26,8
USA,1990,Trades/Professions,9.00,10,1,9,27,9
USA,1990,Proletariat,7.00,8,1,7,22,7
USA,1990,State Memory,8.00,9,1,8,25,8
USA,1990,Shopkeepers/Merchants,8.00,10,1,8,25,9
USA,1991,Executive,6.00,7,-5,6,14,12
USA,1991,Army,7.00,8,-4,5,16,12
USA,1991,Priests,6.00,5,-4,7,14,9
USA,1991,Property Owners,7.00,7,-3,6,17,10
USA,1991,Trades/Prof.,6.00,7,-3,6,16,10
USA,1991,Proletariat,6.00,5,-4,5,12,9
USA,1991,State Memory,7.00,6,-4,7,16,10
USA,1991,Shopkeepers,6.00,6,-4,5,13,10
USA,1992,Executive,6.00,7,-4,6,15,11
USA,1992,Army,7.00,7,-4,5,15,11
USA,1992,Priests,6.00,5,-4,7,14,9
USA,1992,Property Owners,7.00,7,-3,6,17,10
USA,1992,Trades/Prof.,6.00,7,-3,6,16,10
USA,1992,Proletariat,6.00,5,-5,5,11,10
USA,1992,State Memory,7.00,6,-4,7,16,10
USA,1992,Shopkeepers,6.00,6,-4,5,13,10
USA,1993,Executive,6.00,7,-4,6,15,11
USA,1993,Army,7.00,7,-4,5,15,11
USA,1993,Priests,6.00,5,-4,7,14,9
USA,1993,Property Owners,7.00,7,-3,6,17,10
USA,1993,Trades/Prof.,6.00,7,-3,6,16,10
USA,1993,Proletariat,6.00,5,-5,5,11,10
USA,1993,State Memory,7.00,6,-4,7,16,10
USA,1993,Shopkeepers,6.00,6,-4,5,13,10
USA,1994,Executive,6.00,7,-4,6,15,11
USA,1994,Army,7.00,7,-4,5,15,11
USA,1994,Priests,6.00,5,-4,7,14,9
USA,1994,Property Owners,7.00,7,-3,6,17,10
USA,1994,Trades/Prof.,6.00,7,-3,6,16,10
USA,1994,Proletariat,6.00,5,-5,5,11,10
USA,1994,State Memory,7.00,6,-4,7,16,10
USA,1994,Shopkeepers,6.00,6,-4,5,13,10
USA,1995,Executive,7.00,8,-4,7,23.5,13
USA,1995,Army,8.00,9,-5,6,25,14.4
USA,1995,Priests,6.00,5,-3,5,15.5,9.6
USA,1995,Property Owners,7.00,8,-4,6,22,12.6
USA,1995,Trades/Professions,8.00,8,-4,7,25.5,15
USA,1995,Proletariat,6.00,7,-3,4,18,10.8
USA,1995,State Memory,8.00,7,-5,6,23,13.8
USA,1995,Shopkeepers/Merchants,7.00,8,-4,6,22,12.6
USA,1995,Executive,7.00,8,-4,7,23.5,13
USA,1995,Army,8.00,9,-5,6,25,14.4
USA,1995,Priests,6.00,5,-3,5,15.5,9.6
USA,1995,Property Owners,7.00,8,-4,6,22,12.6
USA,1995,Trades/Professions,8.00,8,-4,7,25.5,15
USA,1995,Proletariat,6.00,7,-3,4,18,10.8
USA,1995,State Memory,8.00,7,-5,6,23,13.8
USA,1995,Shopkeepers/Merchants,7.00,8,-4,6,22,12.6
USA,1996,Executive,7.00,8,-4,7,23.5,13
USA,1996,Army,8.00,9,-5,6,25,14.4
USA,1996,Priests,6.00,5,-3,5,15.5,9.6
USA,1996,Property Owners,7.00,8,-4,6,22,12.6
USA,1996,Trades/Professions,8.00,8,-4,7,25.5,15
USA,1996,Proletariat,6.00,7,-3,4,18,10.8
USA,1996,State Memory,8.00,7,-5,6,23,13.8
USA,1996,Shopkeepers/Merchants,7.00,8,-4,6,22,12.6
USA,1996,Executive,7.00,8,-4,7,23.5,13
USA,1996,Army,8.00,9,-5,6,25,14.4
USA,1996,Priests,6.00,5,-3,5,15.5,9.6
USA,1996,Property Owners,7.00,8,-4,6,22,12.6
USA,1996,Trades/Professions,8.00,8,-4,7,25.5,15
USA,1996,Proletariat,6.00,7,-3,4,18,10.8
USA,1996,State Memory,8.00,7,-5,6,23,13.8
USA,1996,Shopkeepers/Merchants,7.00,8,-4,6,22,12.6
USA,1997,Executive,7.00,8,-4,7,23.5,13
USA,1997,Army,8.00,9,-5,6,25,14.4
USA,1997,Priests,6.00,5,-3,5,15.5,9.6
USA,1997,Property Owners,7.00,8,-4,6,22,12.6
USA,1997,Trades/Professions,8.00,8,-4,7,25.5,15
USA,1997,Proletariat,6.00,7,-3,4,18,10.8
USA,1997,State Memory,8.00,7,-5,6,23,13.8
USA,1997,Shopkeepers/Merchants,7.00,8,-4,6,22,12.6
USA,1997,Executive,7.00,8,-4,7,23.5,13
USA,1997,Army,8.00,9,-5,6,25,14.4
USA,1997,Priests,6.00,5,-3,5,15.5,9.6
USA,1997,Property Owners,7.00,8,-4,6,22,12.6
USA,1997,Trades/Professions,8.00,8,-4,7,25.5,15
USA,1997,Proletariat,6.00,7,-3,4,18,10.8
USA,1997,State Memory,8.00,7,-5,6,23,13.8
USA,1997,Shopkeepers/Merchants,7.00,8,-4,6,22,12.6
USA,1998,Executive,7.00,8,-4,7,23.5,13
USA,1998,Army,8.00,9,-5,6,25,14.4
USA,1998,Priests,6.00,5,-3,5,15.5,9.6
USA,1998,Property Owners,7.00,8,-4,6,22,12.6
USA,1998,Trades/Professions,8.00,8,-4,7,25.5,15
USA,1998,Proletariat,6.00,7,-3,4,18,10.8
USA,1998,State Memory,8.00,7,-5,6,23,13.8
USA,1998,Shopkeepers/Merchants,7.00,8,-4,6,22,12.6
USA,1998,Executive,7.00,8,-4,7,23.5,13
USA,1998,Army,8.00,9,-5,6,25,14.4
USA,1998,Priests,6.00,5,-3,5,15.5,9.6
USA,1998,Property Owners,7.00,8,-4,6,22,12.6
USA,1998,Trades/Professions,8.00,8,-4,7,25.5,15
USA,1998,Proletariat,6.00,7,-3,4,18,10.8
USA,1998,State Memory,8.00,7,-5,6,23,13.8
USA,1998,Shopkeepers/Merchants,7.00,8,-4,6,22,12.6
USA,1999,Executive,7.00,8,-4,7,23.5,13
USA,1999,Army,8.00,9,-5,6,25,14.4
USA,1999,Priests,6.00,5,-3,5,15.5,9.6
USA,1999,Property Owners,7.00,8,-4,6,22,12.6
USA,1999,Trades/Professions,8.00,8,-4,7,25.5,15
USA,1999,Proletariat,6.00,7,-3,4,18,10.8
USA,1999,State Memory,8.00,7,-5,6,23,13.8
USA,1999,Shopkeepers/Merchants,7.00,8,-4,6,22,12.6
USA,1999,Executive,7.00,8,-4,7,23.5,13
USA,1999,Army,8.00,9,-5,6,25,14.4
USA,1999,Priests,6.00,5,-3,5,15.5,9.6
USA,1999,Property Owners,7.00,8,-4,6,22,12.6
USA,1999,Trades/Professions,8.00,8,-4,7,25.5,15
USA,1999,Proletariat,6.00,7,-3,4,18,10.8
USA,1999,State Memory,8.00,7,-5,6,23,13.8
USA,1999,Shopkeepers/Merchants,7.00,8,-4,6,22,12.6
USA,2000,Executive,7.00,8,-4,7,23.5,13
USA,2000,Army,8.00,9,-5,6,25,14.4
USA,2000,Priests,6.00,5,-3,5,15.5,9.6
USA,2000,Property Owners,7.00,8,-4,6,22,12.6
USA,2000,Trades/Professions,8.00,8,-4,7,25.5,15
USA,2000,Proletariat,6.00,7,-3,4,18,10.8
USA,2000,State Memory,8.00,7,-5,6,23,13.8
USA,2000,Shopkeepers/Merchants,7.00,8,-4,6,22,12.6
USA,2000,Executive,7.00,8,-4,7,23.5,13
USA,2000,Army,8.00,9,-5,6,25,14.4
USA,2000,Priests,6.00,5,-3,5,15.5,9.6
USA,2000,Property Owners,7.00,8,-4,6,22,12.6
USA,2000,Trades/Professions,8.00,8,-4,7,25.5,15
USA,2000,Proletariat,6.00,7,-3,4,18,10.8
USA,2000,State Memory,8.00,7,-5,6,23,13.8
USA,2000,Shopkeepers/Merchants,7.00,8,-4,6,22,12.6
USA,2001,Executive,6.50,8,-2,7,23,12.7
USA,2001,Army,8.00,9,-3,6,26,14.1
USA,2001,Priests,6.00,5,-2,5,16.5,9.3
USA,2001,Property Owners,7.00,8,-3,6,22.5,12.3
USA,2001,Trades/Professions,8.00,8,-3,7,26,14.7
USA,2001,Proletariat,6.00,7,-2,4,19,10.5
USA,2001,State Memory,8.00,7,-4,6,23.5,13.5
USA,2001,Shopkeepers/Merchants,7.00,8,-3,6,22.5,12.3
USA,2001,Executive,6.50,8,-2,7,23,12.7
USA,2001,Army,8.00,9,-3,6,26,14.1
USA,2001,Priests,6.00,5,-2,5,16.5,9.3
USA,2001,Property Owners,7.00,8,-3,6,22.5,12.3
USA,2001,Trades/Professions,8.00,8,-3,7,26,14.7
USA,2001,Proletariat,6.00,7,-2,4,19,10.5
USA,2001,State Memory,8.00,7,-4,6,23.5,13.5
USA,2001,Shopkeepers/Merchants,7.00,8,-3,6,22.5,12.3
USA,2002,Executive,6.00,8,-1,7,23.5,12.4
USA,2002,Army,8.00,9,-2,6,26,13.8
USA,2002,Priests,6.00,5,-2,5,16.5,9.3
USA,2002,Property Owners,7.00,8,-2,6,23,12
USA,2002,Trades/Professions,8.00,8,-2,7,26.5,14.4
USA,2002,Proletariat,6.00,7,-1,4,20,10.2
USA,2002,State Memory,8.00,7,-3,6,24,13.2
USA,2002,Shopkeepers/Merchants,7.00,8,-2,6,23,12
USA,2002,Executive,6.00,8,-1,7,23.5,12.4
USA,2002,Army,8.00,9,-2,6,26,13.8
USA,2002,Priests,6.00,5,-2,5,16.5,9.3
USA,2002,Property Owners,7.00,8,-2,6,23,12
USA,2002,Trades/Professions,8.00,8,-2,7,26.5,14.4
USA,2002,Proletariat,6.00,7,-1,4,20,10.2
USA,2002,State Memory,8.00,7,-3,6,24,13.2
USA,2002,Shopkeepers/Merchants,7.00,8,-2,6,23,12
USA,2003,Executive,6.00,8,-1,7,23.5,12.4
USA,2003,Army,8.00,9,-2,6,26,13.8
USA,2003,Priests,6.00,5,-2,5,16.5,9.3
USA,2003,Property Owners,7.00,8,-2,6,23,12
USA,2003,Trades/Professions,8.00,8,-2,7,26.5,14.4
USA,2003,Proletariat,6.00,7,-1,4,20,10.2
USA,2003,State Memory,8.00,7,-3,6,24,13.2
USA,2003,Shopkeepers/Merchants,7.00,8,-2,6,23,12
USA,2003,Executive,6.00,8,-1,7,23.5,12.4
USA,2003,Army,8.00,9,-2,6,26,13.8
USA,2003,Priests,6.00,5,-2,5,16.5,9.3
USA,2003,Property Owners,7.00,8,-2,6,23,12
USA,2003,Trades/Professions,8.00,8,-2,7,26.5,14.4
USA,2003,Proletariat,6.00,7,-1,4,20,10.2
USA,2003,State Memory,8.00,7,-3,6,24,13.2
USA,2003,Shopkeepers/Merchants,7.00,8,-2,6,23,12
USA,2004,Executive,6.00,8,-1,7,23.5,12.4
USA,2004,Army,8.00,9,-2,6,26,13.8
USA,2004,Priests,6.00,5,-2,5,16.5,9.3
USA,2004,Property Owners,7.00,8,-2,6,23,12
USA,2004,Trades/Professions,8.00,8,-2,7,26.5,14.4
USA,2004,Proletariat,6.00,7,-1,4,20,10.2
USA,2004,State Memory,8.00,7,-3,6,24,13.2
USA,2004,Shopkeepers/Merchants,7.00,8,-2,6,23,12
USA,2004,Executive,6.00,8,-1,7,23.5,12.4
USA,2004,Army,8.00,9,-2,6,26,13.8
USA,2004,Priests,6.00,5,-2,5,16.5,9.3
USA,2004,Property Owners,7.00,8,-2,6,23,12
USA,2004,Trades/Professions,8.00,8,-2,7,26.5,14.4
USA,2004,Proletariat,6.00,7,-1,4,20,10.2
USA,2004,State Memory,8.00,7,-3,6,24,13.2
USA,2004,Shopkeepers/Merchants,7.00,8,-2,6,23,12
USA,2005,Executive,6.00,8,-1,7,23.5,12.4
USA,2005,Army,8.00,9,-2,6,26,13.8
USA,2005,Priests,6.00,5,-2,5,16.5,9.3
USA,2005,Property Owners,7.00,8,-2,6,23,12
USA,2005,Trades/Professions,8.00,8,-2,7,26.5,14.4
USA,2005,Proletariat,6.00,7,-1,4,20,10.2
USA,2005,State Memory,8.00,7,-3,6,24,13.2
USA,2005,Shopkeepers/Merchants,7.00,8,-2,6,23,12
USA,2005,Executive,6.00,8,-1,7,23.5,12.4
USA,2005,Army,8.00,9,-2,6,26,13.8
USA,2005,Priests,6.00,5,-2,5,16.5,9.3
USA,2005,Property Owners,7.00,8,-2,6,23,12
USA,2005,Trades/Professions,8.00,8,-2,7,26.5,14.4
USA,2005,Proletariat,6.00,7,-1,4,20,10.2
USA,2005,State Memory,8.00,7,-3,6,24,13.2
USA,2005,Shopkeepers/Merchants,7.00,8,-2,6,23,12
USA,2006,Executive,6.00,8,-1,7,23.5,12.4
USA,2006,Army,8.00,9,-2,6,26,13.8
USA,2006,Priests,6.00,5,-2,5,16.5,9.3
USA,2006,Property Owners,7.00,8,-2,6,23,12
USA,2006,Trades/Professions,8.00,8,-2,7,26.5,14.4
USA,2006,Proletariat,6.00,7,-1,4,20,10.2
USA,2006,State Memory,8.00,7,-3,6,24,13.2
USA,2006,Shopkeepers/Merchants,7.00,8,-2,6,23,12
USA,2006,Executive,6.00,8,-1,7,23.5,12.4
USA,2006,Army,8.00,9,-2,6,26,13.8
USA,2006,Priests,6.00,5,-2,5,16.5,9.3
USA,2006,Property Owners,7.00,8,-2,6,23,12
USA,2006,Trades/Professions,8.00,8,-2,7,26.5,14.4
USA,2006,Proletariat,6.00,7,-1,4,20,10.2
USA,2006,State Memory,8.00,7,-3,6,24,13.2
USA,2006,Shopkeepers/Merchants,7.00,8,-2,6,23,12
USA,2007,Executive,6.00,8,-1,7,23.5,12.4
USA,2007,Army,8.00,9,-2,6,26,13.8
USA,2007,Priests,6.00,5,-2,5,16.5,9.3
USA,2007,Property Owners,7.00,8,-2,6,23,12
USA,2007,Trades/Professions,8.00,8,-2,7,26.5,14.4
USA,2007,Proletariat,6.00,7,-1,4,20,10.2
USA,2007,State Memory,8.00,7,-3,6,24,13.2
USA,2007,Shopkeepers/Merchants,7.00,8,-2,6,23,12
USA,2007,Executive,6.00,8,-1,7,23.5,12.4
USA,2007,Army,8.00,9,-2,6,26,13.8
USA,2007,Priests,6.00,5,-2,5,16.5,9.3
USA,2007,Property Owners,7.00,8,-2,6,23,12
USA,2007,Trades/Professions,8.00,8,-2,7,26.5,14.4
USA,2007,Proletariat,6.00,7,-1,4,20,10.2
USA,2007,State Memory,8.00,7,-3,6,24,13.2
USA,2007,Shopkeepers/Merchants,7.00,8,-2,6,23,12
USA,2008,Executive,6.00,8,-1,7,23.5,12.4
USA,2008,Army,8.00,9,-2,6,26,13.8
USA,2008,Priests,6.00,5,-2,5,16.5,9.3
USA,2008,Property Owners,6.50,7.5,1,6,21,10.4
USA,2008,Trades/Professions,8.00,8,-1,7,27.5,14.1
USA,2008,Proletariat,6.00,6.5,1,4,18.5,9.3
USA,2008,State Memory,8.00,7,-2,6,24,12.9
USA,2008,Shopkeepers/Merchants,7.00,7.5,1,6,21,10.4
USA,2008,Executive,6.00,8,-1,7,23.5,12.4
USA,2008,Army,8.00,9,-2,6,26,13.8
USA,2008,Priests,6.00,5,-2,5,16.5,9.3
USA,2008,Property Owners,6.50,7.5,1,6,21,10.4
USA,2008,Trades/Professions,8.00,8,-1,7,27.5,14.1
USA,2008,Proletariat,6.00,6.5,1,4,18.5,9.3
USA,2008,State Memory,8.00,7,-2,6,24,12.9
USA,2008,Shopkeepers/Merchants,7.00,7.5,1,6,21,10.4
USA,2009,Executive,6.50,8,-1,7,24,12.7
USA,2009,Army,8.00,9,-2,6,26,13.8
USA,2009,Priests,6.00,5,-2,5,16.5,9.3
USA,2009,Property Owners,6.00,7,2,6,19,9.5
USA,2009,Trades/Professions,8.00,8,-1,7,27.5,14.1
USA,2009,Proletariat,6.00,6,2,4,17,8.5
USA,2009,State Memory,8.00,7,-2,6,24,12.9
USA,2009,Shopkeepers/Merchants,7.00,7,2,6,20,9.5
USA,2009,Executive,6.50,8,-1,7,24,12.7
USA,2009,Army,8.00,9,-2,6,26,13.8
USA,2009,Priests,6.00,5,-2,5,16.5,9.3
USA,2009,Property Owners,6.00,7,2,6,19,9.5
USA,2009,Trades/Professions,8.00,8,-1,7,27.5,14.1
USA,2009,Proletariat,6.00,6,2,4,17,8.5
USA,2009,State Memory,8.00,7,-2,6,24,12.9
USA,2009,Shopkeepers/Merchants,7.00,7,2,6,20,9.5
USA,2010,Executive,6.50,8,-1,7,24,12.7
USA,2010,Army,8.00,9,-2,6,26,13.8
USA,2010,Priests,6.00,5,-2,5,16.5,9.3
USA,2010,Property Owners,6.00,7,2,6,19,9.5
USA,2010,Trades/Professions,8.00,8,-1,7,27.5,14.1
USA,2010,Proletariat,6.00,6,2,4,17,8.5
USA,2010,State Memory,8.00,7,-2,6,24,12.9
USA,2010,Shopkeepers/Merchants,7.00,7,2,6,20,9.5
USA,2010,Executive,6.50,8,-1,7,24,12.7
USA,2010,Army,8.00,9,-2,6,26,13.8
USA,2010,Priests,6.00,5,-2,5,16.5,9.3
USA,2010,Property Owners,6.00,7,2,6,19,9.5
USA,2010,Trades/Professions,8.00,8,-1,7,27.5,14.1
USA,2010,Proletariat,6.00,6,2,4,17,8.5
USA,2010,State Memory,8.00,7,-2,6,24,12.9
USA,2010,Shopkeepers/Merchants,7.00,7,2,6,20,9.5
USA,2011,Executive,6.50,8,-1,7,24,12.7
USA,2011,Army,8.00,9,-2,6,26,13.8
USA,2011,Priests,6.00,5,-2,5,16.5,9.3
USA,2011,Property Owners,6.00,7,2,6,19,9.5
USA,2011,Trades/Professions,8.00,8,-1,7,27.5,14.1
USA,2011,Proletariat,6.00,6,2,4,17,8.5
USA,2011,State Memory,8.00,7,-2,6,24,12.9
USA,2011,Shopkeepers/Merchants,7.00,7,2,6,20,9.5
USA,2011,Executive,6.50,8,-1,7,24,12.7
USA,2011,Army,8.00,9,-2,6,26,13.8
USA,2011,Priests,6.00,5,-2,5,16.5,9.3
USA,2011,Property Owners,6.00,7,2,6,19,9.5
USA,2011,Trades/Professions,8.00,8,-1,7,27.5,14.1
USA,2011,Proletariat,6.00,6,2,4,17,8.5
USA,2011,State Memory,8.00,7,-2,6,24,12.9
USA,2011,Shopkeepers/Merchants,7.00,7,2,6,20,9.5
USA,2012,Executive,6.50,8,-1,7,24,12.7
USA,2012,Army,8.00,9,-2,6,26,13.8
USA,2012,Priests,6.00,5,-2,5,16.5,9.3
USA,2012,Property Owners,6.00,7,2,6,19,9.5
USA,2012,Trades/Professions,8.00,8,-1,7,27.5,14.1
USA,2012,Proletariat,6.00,6,2,4,17,8.5
USA,2012,State Memory,8.00,7,-2,6,24,12.9
USA,2012,Shopkeepers/Merchants,7.00,7,2,6,20,9.5
USA,2012,Executive,6.50,8,-1,7,24,12.7
USA,2012,Army,8.00,9,-2,6,26,13.8
USA,2012,Priests,6.00,5,-2,5,16.5,9.3
USA,2012,Property Owners,6.00,7,2,6,19,9.5
USA,2012,Trades/Professions,8.00,8,-1,7,27.5,14.1
USA,2012,Proletariat,6.00,6,2,4,17,8.5
USA,2012,State Memory,8.00,7,-2,6,24,12.9
USA,2012,Shopkeepers/Merchants,7.00,7,2,6,20,9.5
USA,2013,Executive,6.50,8,-1,7,24,12.7
USA,2013,Army,8.00,9,-2,6,26,13.8
USA,2013,Priests,6.00,5,-2,5,16.5,9.3
USA,2013,Property Owners,6.00,7,2,6,19,9.5
USA,2013,Trades/Professions,8.00,8,-1,7,27.5,14.1
USA,2013,Proletariat,6.00,6,2,4,17,8.5
USA,2013,State Memory,8.00,7,-2,6,24,12.9
USA,2013,Shopkeepers/Merchants,7.00,7,2,6,20,9.5
USA,2013,Executive,6.50,8,-1,7,24,12.7
USA,2013,Army,8.00,9,-2,6,26,13.8
USA,2013,Priests,6.00,5,-2,5,16.5,9.3
USA,2013,Property Owners,6.00,7,2,6,19,9.5
USA,2013,Trades/Professions,8.00,8,-1,7,27.5,14.1
USA,2013,Proletariat,6.00,6,2,4,17,8.5
USA,2013,State Memory,8.00,7,-2,6,24,12.9
USA,2013,Shopkeepers/Merchants,7.00,7,2,6,20,9.5
USA,2014,Executive,6.50,8,-1,7,24,12.7
USA,2014,Army,8.00,9,-2,6,26,13.8
USA,2014,Priests,6.00,5,-2,5,16.5,9.3
USA,2014,Property Owners,6.00,7,2,6,19,9.5
USA,2014,Trades/Professions,8.00,8,-1,7,27.5,14.1
USA,2014,Proletariat,6.00,6,2,4,17,8.5
USA,2014,State Memory,8.00,7,-2,6,24,12.9
USA,2014,Shopkeepers/Merchants,7.00,7,2,6,20,9.5
USA,2014,Executive,6.50,8,-1,7,24,12.7
USA,2014,Army,8.00,9,-2,6,26,13.8
USA,2014,Priests,6.00,5,-2,5,16.5,9.3
USA,2014,Property Owners,6.00,7,2,6,19,9.5
USA,2014,Trades/Professions,8.00,8,-1,7,27.5,14.1
USA,2014,Proletariat,6.00,6,2,4,17,8.5
USA,2014,State Memory,8.00,7,-2,6,24,12.9
USA,2014,Shopkeepers/Merchants,7.00,7,2,6,20,9.5
USA,2015,Executive,6.50,8,-1,7,24,12.7
USA,2015,Army,8.00,9,-2,6,26,13.8
USA,2015,Priests,6.00,5,-2,5,16.5,9.3
USA,2015,Property Owners,6.00,7,2,6,19,9.5
USA,2015,Trades/Professions,8.00,8,-1,7,27.5,14.1
USA,2015,Proletariat,6.00,6,2,4,17,8.5
USA,2015,State Memory,8.00,7,-2,6,24,12.9
USA,2015,Shopkeepers/Merchants,7.00,7,2,6,20,9.5
USA,2015,Executive,6.50,8,-1,7,24,12.7
USA,2015,Army,8.00,9,-2,6,26,13.8
USA,2015,Priests,6.00,5,-2,5,16.5,9.3
USA,2015,Property Owners,6.00,7,2,6,19,9.5
USA,2015,Trades/Professions,8.00,8,-1,7,27.5,14.1
USA,2015,Proletariat,6.00,6,2,4,17,8.5
USA,2015,State Memory,8.00,7,-2,6,24,12.9
USA,2015,Shopkeepers/Merchants,7.00,7,2,6,20,9.5
USA,2016,Executive,6.00,8,-1,7,23.5,12.4
USA,2016,Army,8.00,9,-2,6,26,13.8
USA,2016,Priests,6.00,5,-2,5,16.5,9.3
USA,2016,Property Owners,6.00,7,2,6,19,9.5
USA,2016,Trades/Professions,8.00,8,-1,7,27.5,14.1
USA,2016,Proletariat,6.00,6,2,4,17,8.5
USA,2016,State Memory,8.00,7,-2,6,24,12.9
USA,2016,Shopkeepers/Merchants,7.00,7,2,6,20,9.5
USA,2016,Executive,6.00,8,-1,7,23.5,12.4
USA,2016,Army,8.00,9,-2,6,26,13.8
USA,2016,Priests,6.00,5,-2,5,16.5,9.3
USA,2016,Property Owners,6.00,7,2,6,19,9.5
USA,2016,Trades/Professions,8.00,8,-1,7,27.5,14.1
USA,2016,Proletariat,6.00,6,2,4,17,8.5
USA,2016,State Memory,8.00,7,-2,6,24,12.9
USA,2016,Shopkeepers/Merchants,7.00,7,2,6,20,9.5
USA,2017,Executive,5.50,8,-1,7,23,12.1
USA,2017,Army,8.00,9,-2,6,26,13.8
USA,2017,Priests,6.00,5,-2,5,16.5,9.3
USA,2017,Property Owners,6.00,7,2,6,19,9.5
USA,2017,Trades/Professions,8.00,8,-1,7,27.5,14.1
USA,2017,Proletariat,6.00,6,2,4,17,8.5
USA,2017,State Memory,8.00,7,-2,6,24,12.9
USA,2017,Shopkeepers/Merchants,7.00,7,2,6,20,9.5
USA,2017,Executive,5.50,8,-1,7,23,12.1
USA,2017,Army,8.00,9,-2,6,26,13.8
USA,2017,Priests,6.00,5,-2,5,16.5,9.3
USA,2017,Property Owners,6.00,7,2,6,19,9.5
USA,2017,Trades/Professions,8.00,8,-1,7,27.5,14.1
USA,2017,Proletariat,6.00,6,2,4,17,8.5
USA,2017,State Memory,8.00,7,-2,6,24,12.9
USA,2017,Shopkeepers/Merchants,7.00,7,2,6,20,9.5
USA,2018,Executive,5.00,8,-1,7,22.5,11.8
USA,2018,Army,8.00,9,-2,6,26,13.8
USA,2018,Priests,6.00,5,-2,5,16.5,9.3
USA,2018,Property Owners,6.00,7,2,6,19,9.5
USA,2018,Trades/Professions,8.00,8,-1,7,27.5,14.1
USA,2018,Proletariat,6.00,6,2,4,17,8.5
USA,2018,State Memory,8.00,7,-2,6,24,12.9
USA,2018,Shopkeepers/Merchants,7.00,7,2,6,20,9.5
USA,2018,Executive,5.00,8,-1,7,22.5,11.8
USA,2018,Army,8.00,9,-2,6,26,13.8
USA,2018,Priests,6.00,5,-2,5,16.5,9.3
USA,2018,Property Owners,6.00,7,2,6,19,9.5
USA,2018,Trades/Professions,8.00,8,-1,7,27.5,14.1
USA,2018,Proletariat,6.00,6,2,4,17,8.5
USA,2018,State Memory,8.00,7,-2,6,24,12.9
USA,2018,Shopkeepers/Merchants,7.00,7,2,6,20,9.5
USA,2019,Executive,5.00,8,-1,7,22.5,11.8
USA,2019,Army,8.00,9,-2,6,26,13.8
USA,2019,Priests,6.00,5,-2,5,16.5,9.3
USA,2019,Property Owners,6.00,7,2,6,19,9.5
USA,2019,Trades/Professions,8.00,8,-1,7,27.5,14.1
USA,2019,Proletariat,6.00,6,2,4,17,8.5
USA,2019,State Memory,8.00,7,-2,6,24,12.9
USA,2019,Shopkeepers/Merchants,7.00,7,2,6,20,9.5
USA,2019,Executive,5.00,8,-1,7,22.5,11.8
USA,2019,Army,8.00,9,-2,6,26,13.8
USA,2019,Priests,6.00,5,-2,5,16.5,9.3
USA,2019,Property Owners,6.00,7,2,6,19,9.5
USA,2019,Trades/Professions,8.00,8,-1,7,27.5,14.1
USA,2019,Proletariat,6.00,6,2,4,17,8.5
USA,2019,State Memory,8.00,7,-2,6,24,12.9
USA,2019,Shopkeepers/Merchants,7.00,7,2,6,20,9.5
USA,2020,Executive,4.50,8,1,7,21,10.7
USA,2020,Army,8.00,9,-1,6,27,13.5
USA,2020,Priests,5.50,5,-1,5,17,9
USA,2020,Property Owners,6.00,7,2,6,19,9.5
USA,2020,Trades/Professions,7.50,8,-1,7,27,13.8
USA,2020,Proletariat,5.50,6,2,4,16.5,8.2
USA,2020,State Memory,7.50,7,-1,6,24,12.6
USA,2020,Shopkeepers/Merchants,6.50,7,2,6,19.5,9.2
USA,2020,Executive,4.50,8,1,7,21,10.7
USA,2020,Army,8.00,9,-1,6,27,13.5
USA,2020,Priests,5.50,5,-1,5,17,9
USA,2020,Property Owners,6.00,7,2,6,19,9.5
USA,2020,Trades/Professions,7.50,8,-1,7,27,13.8
USA,2020,Proletariat,5.50,6,2,4,16.5,8.2
USA,2020,State Memory,7.50,7,-1,6,24,12.6
USA,2020,Shopkeepers/Merchants,6.50,7,2,6,19.5,9.2
USA,2021,Executive,4.00,8,2,7,20.5,10.1
USA,2021,Army,8.00,9,-1,6,27,13.5
USA,2021,Priests,5.00,5,-1,5,16.5,8.7
USA,2021,Property Owners,6.00,7,2,6,19,9.5
USA,2021,Trades/Professions,7.00,8,-1,7,26.5,13.5
USA,2021,Proletariat,5.00,6,2,4,16,7.9
USA,2021,State Memory,7.00,7,-1,6,23.5,12.3
USA,2021,Shopkeepers/Merchants,6.00,7,2,6,19,9.2
USA,2021,Executive,4.00,8,2,7,20.5,10.1
USA,2021,Army,8.00,9,-1,6,27,13.5
USA,2021,Priests,5.00,5,-1,5,16.5,8.7
USA,2021,Property Owners,6.00,7,2,6,19,9.5
USA,2021,Trades/Professions,7.00,8,-1,7,26.5,13.5
USA,2021,Proletariat,5.00,6,2,4,16,7.9
USA,2021,State Memory,7.00,7,-1,6,23.5,12.3
USA,2021,Shopkeepers/Merchants,6.00,7,2,6,19,9.2
USA,2022,Executive,4.50,8,1,7,21,10.7
USA,2022,Army,8.00,9,-1,6,27,13.5
USA,2022,Priests,5.50,5,-1,5,17,9
USA,2022,Property Owners,6.00,7,2,6,19,9.5
USA,2022,Trades/Professions,7.50,8,-1,7,27,13.8
USA,2022,Proletariat,5.50,6,2,4,16.5,8.2
USA,2022,State Memory,7.50,7,-1,6,24,12.6
USA,2022,Shopkeepers/Merchants,6.50,7,2,6,19.5,9.2
USA,2022,Executive,4.50,8,1,7,21,10.7
USA,2022,Army,8.00,9,-1,6,27,13.5
USA,2022,Priests,5.50,5,-1,5,17,9
USA,2022,Property Owners,6.00,7,2,6,19,9.5
USA,2022,Trades/Professions,7.50,8,-1,7,27,13.8
USA,2022,Proletariat,5.50,6,2,4,16.5,8.2
USA,2022,State Memory,7.50,7,-1,6,24,12.6
USA,2022,Shopkeepers/Merchants,6.50,7,2,6,19.5,9.2
USA,2023,Executive,5.00,8,0,7,22.5,11.8
USA,2023,Army,8.00,9,-2,6,26,13.8
USA,2023,Priests,6.00,5,-2,5,16.5,9.3
USA,2023,Property Owners,6.00,7,2,6,19,9.5
USA,2023,Trades/Professions,8.00,8,-1,7,27.5,14.1
USA,2023,Proletariat,6.00,6,2,4,17,8.5
USA,2023,State Memory,8.00,7,-2,6,24,12.9
USA,2023,Shopkeepers/Merchants,7.00,7,2,6,20,9.5
USA,2023,Executive,5.00,8,0,7,22.5,11.8
USA,2023,Army,8.00,9,-2,6,26,13.8
USA,2023,Priests,6.00,5,-2,5,16.5,9.3
USA,2023,Property Owners,6.00,7,2,6,19,9.5
USA,2023,Trades/Professions,8.00,8,-1,7,27.5,14.1
USA,2023,Proletariat,6.00,6,2,4,17,8.5
USA,2023,State Memory,8.00,7,-2,6,24,12.9
USA,2023,Shopkeepers/Merchants,7.00,7,2,6,20,9.5
USA,2024,Executive,4.00,6,0.5,5,12,6
USA,2024,Army,5.00,7,-1,4,15,4.5
USA,2024,Priests,2.00,3,2,5,5.5,2.333333333
USA,2024,Property Owners,6.00,6,0.5,4,13.5,6.666666667
USA,2024,Trades/Professions,5.00,5,0.5,5,12,6.666666667
USA,2024,Proletariat,4.00,4,2,3,7.5,2.333333333
USA,2024,State Memory,5.00,6,0.5,5,13,6.666666667
USA,2024,Shopkeepers/Merchants,4.00,5,0.5,4,10.5,5.333333333
USA,2025,Executive,3.80,5.8,1,4.8,11,4.3
USA,2025,Army,4.80,6.8,-0.8,3.8,14.3,4.777777778
USA,2025,Priests,1.80,2.8,2.5,4.8,4.5,1.885714286
USA,2025,Property Owners,5.80,5.8,1,3.8,12.5,4.8
USA,2025,Trades/Professions,4.80,4.8,1,4.8,11,4.8
USA,2025,Proletariat,3.80,3.8,2.5,2.8,6.5,1.885714286
USA,2025,State Memory,4.80,5.8,1,4.8,12,4.8
USA,2025,Shopkeepers/Merchants,3.80,4.8,1,3.8,9.5,3.8